school,sex,age,address,famsize,Pstatus,Medu,Fedu,Mjob,Fjob,reason,guardian,traveltime,studytime,failures,schoolsup,famsup,paid,activities,nursery,higher,internet,romantic,famrel,freetime,goout,Dalc,Walc,health,absences,G1,G2,G3
GP,F,20,R,LE3,T,2,4,other,other,reputation,other,1,2,0,no,yes,no,no,yes,yes,yes,no,3,5,3,1,5,1,9,10,11,11
GP,F,18,U,GT3,T,0,3,services,services,reputation,mother,1,2,0,no,no,no,no,yes,yes,yes,yes,1,3,2,5,5,2,1,18,6,9
GP,F,15,U,LE3,T,3,4,other,services,course,mother,1,2,0,no,yes,yes,yes,yes,yes,yes,yes,4,3,5,1,2,4,0,15,16,17
MS,F,18,R,GT3,T,4,1,at_home,at_home,reputation,mother,1,2,0,yes,yes,yes,yes,yes,yes,no,no,3,5,3,1,5,5,1,7,17,13
GP,F,16,R,GT3,A,1,2,at_home,other,home,mother,3,2,0,yes,yes,no,no,yes,yes,yes,yes,5,4,3,2,1,5,10,12,6,10
GP,M,16,U,GT3,A,2,0,teacher,teacher,reputation,mother,1,2,0,no,yes,no,no,yes,yes,yes,no,4,3,1,5,1,3,1,18,9,11
GP,F,15,U,LE3,A,4,4,other,other,other,mother,2,1,0,no,yes,yes,yes,no,yes,yes,yes,1,3,2,5,1,1,1,2,1,15
GP,F,15,U,GT3,T,1,4,services,services,reputation,father,4,1,0,yes,yes,no,no,no,yes,yes,no,4,3,3,1,5,4,20,15,12,12
GP,F,20,R,LE3,T,1,3,teacher,teacher,reputation,other,1,2,0,no,yes,yes,no,yes,yes,yes,no,1,5,3,1,1,2,10,18,17,18
MS,F,21,U,GT3,T,1,0,at_home,health,course,mother,1,2,0,no,yes,no,yes,yes,yes,no,yes,4,3,3,1,2,5,1,10,6,17
MS,F,21,U,LE3,T,2,2,at_home,other,reputation,mother,3,2,1,no,yes,no,yes,yes,yes,no,yes,4,4,4,1,5,5,25,7,11,4
GP,M,20,U,LE3,T,1,4,health,at_home,reputation,mother,2,2,0,no,yes,yes,no,yes,yes,yes,yes,4,5,3,1,5,3,10,11,11,11
GP,F,16,U,GT3,T,4,2,teacher,health,reputation,mother,3,3,0,no,no,no,yes,yes,yes,yes,yes,2,4,1,5,1,3,1,12,14,12
GP,F,16,U,GT3,A,1,0,other,services,home,mother,1,2,0,yes,yes,yes,no,yes,yes,yes,no,1,5,2,5,1,2,11,18,9,12
GP,F,15,U,GT3,T,4,0,services,teacher,course,mother,1,2,0,no,no,no,no,yes,yes,yes,yes,4,4,2,1,3,5,0,18,13,10
GP,M,16,U,GT3,T,3,2,other,services,reputation,mother,1,1,0,no,yes,yes,yes,yes,yes,no,no,4,3,3,1,5,4,23,18,13,17
MS,M,15,U,GT3,T,1,4,health,health,reputation,other,3,2,0,no,yes,yes,no,yes,yes,yes,yes,4,4,1,3,1,3,0,13,8,18
MS,F,19,U,LE3,A,3,2,other,other,course,mother,1,1,0,no,yes,yes,no,yes,yes,yes,no,4,2,5,4,1,3,1,15,9,18
GP,F,18,R,GT3,T,2,3,teacher,teacher,reputation,mother,3,2,0,no,yes,yes,yes,yes,yes,yes,no,1,2,5,5,1,3,1,13,17,17
GP,F,15,U,LE3,T,0,4,other,other,course,mother,1,2,0,no,no,no,yes,yes,yes,yes,yes,4,3,2,4,1,1,1,17,5,10
GP,F,15,U,GT3,T,0,4,other,services,course,mother,1,2,0,yes,yes,no,no,yes,yes,yes,yes,1,3,1,5,5,1,1,18,6,12
GP,F,15,U,GT3,T,1,4,services,services,course,mother,1,2,0,no,yes,yes,yes,yes,yes,yes,no,1,3,3,5,1,2,4,18,10,12
GP,F,16,U,GT3,T,4,3,teacher,other,course,mother,2,2,0,no,no,no,yes,yes,yes,yes,no,1,5,2,5,2,2,1,10,6,13
GP,F,16,U,GT3,T,4,2,services,other,reputation,mother,4,3,0,no,no,no,yes,yes,yes,yes,no,1,5,1,5,1,1,1,11,16,13
GP,F,16,U,GT3,T,4,0,teacher,teacher,reputation,mother,2,3,0,no,no,no,yes,yes,yes,yes,no,1,3,1,5,2,2,1,18,3,12
MS,F,15,U,GT3,T,4,1,services,services,reputation,mother,1,2,2,no,yes,no,no,yes,yes,yes,no,2,5,3,5,3,5,6,10,11,15
MS,F,15,U,LE3,T,3,4,health,other,course,other,1,1,0,yes,yes,yes,no,yes,yes,yes,yes,4,3,5,4,5,3,1,14,3,7
MS,F,16,U,LE3,T,4,2,other,other,course,father,3,1,0,yes,yes,yes,yes,yes,yes,yes,yes,3,1,4,5,5,2,1,5,16,14
MS,F,17,U,LE3,T,3,2,other,at_home,home,mother,1,1,0,no,yes,yes,no,yes,no,yes,yes,4,3,5,3,4,3,0,5,10,6
GP,F,15,U,GT3,T,1,4,at_home,services,course,mother,1,4,1,no,yes,no,yes,yes,yes,yes,no,2,4,2,5,1,5,5,17,9,12
MS,F,15,U,LE3,T,4,1,services,services,reputation,mother,1,2,0,no,no,no,no,yes,yes,yes,no,3,4,2,1,2,5,5,9,11,13
MS,F,16,U,LE3,T,4,4,teacher,at_home,home,mother,1,2,0,no,no,no,yes,yes,yes,yes,no,5,1,3,1,2,5,0,1,13,14
GP,F,15,U,GT3,T,1,4,services,services,reputation,father,2,1,0,yes,yes,no,no,yes,yes,yes,no,2,3,3,5,5,4,32,18,13,18
GP,F,15,U,GT3,T,0,4,teacher,services,home,mother,1,2,0,no,yes,yes,no,yes,yes,yes,yes,2,3,3,5,4,4,2,18,12,17
GP,F,16,R,LE3,A,3,3,at_home,teacher,course,mother,1,1,0,no,yes,yes,no,no,yes,yes,no,2,3,5,2,1,1,11,18,16,16
MS,M,16,U,GT3,T,3,2,other,other,course,other,3,1,2,no,yes,no,no,yes,yes,yes,yes,4,2,2,1,2,5,2,0,12,18
MS,F,18,U,GT3,T,3,2,teacher,teacher,reputation,mother,1,2,0,no,no,yes,no,yes,yes,yes,yes,1,3,2,5,5,3,2,18,6,19
GP,F,16,U,GT3,T,2,3,services,services,reputation,father,2,3,0,no,yes,no,no,yes,yes,yes,yes,3,3,1,1,1,5,2,18,13,14
MS,F,16,U,LE3,T,2,2,health,other,course,father,3,1,0,no,no,yes,no,yes,yes,yes,yes,4,1,4,5,2,3,1,11,12,19
GP,M,15,U,GT3,T,0,4,teacher,services,home,mother,1,2,0,no,yes,no,no,yes,yes,yes,yes,2,2,4,5,1,4,1,18,6,19
GP,F,15,U,LE3,T,0,2,at_home,at_home,reputation,mother,1,1,0,yes,yes,yes,yes,yes,yes,yes,yes,3,3,1,4,5,2,1,5,6,12
GP,F,18,R,LE3,T,4,2,services,services,reputation,mother,4,2,0,no,yes,yes,no,yes,no,yes,no,4,5,4,2,5,5,1,18,17,9
GP,F,15,U,GT3,T,3,4,other,teacher,other,other,2,2,0,yes,yes,no,yes,yes,yes,yes,yes,1,1,2,5,5,2,1,18,4,9
MS,M,21,U,LE3,T,4,1,at_home,teacher,other,mother,1,2,0,no,yes,no,no,yes,yes,yes,no,4,2,3,1,3,5,1,18,18,14
GP,F,21,U,LE3,T,3,4,other,services,reputation,mother,2,1,0,no,yes,no,yes,yes,yes,yes,no,4,3,3,1,5,4,27,18,9,7
GP,F,15,U,GT3,T,3,4,other,services,home,mother,1,4,0,yes,yes,no,no,yes,yes,yes,no,5,3,3,1,5,1,0,18,14,17
GP,F,16,R,GT3,A,2,2,other,teacher,home,other,1,2,0,yes,yes,no,no,yes,yes,yes,yes,4,5,4,3,2,5,1,18,8,10
MS,F,20,U,LE3,T,0,2,other,services,course,other,3,2,2,yes,yes,no,no,yes,no,yes,no,5,5,3,1,1,3,1,18,12,10
GP,F,15,U,GT3,T,2,4,health,services,reputation,father,2,1,0,yes,yes,no,no,yes,yes,yes,no,2,3,3,5,5,4,31,18,12,14
GP,F,16,R,GT3,T,2,2,services,other,other,mother,1,1,0,yes,yes,yes,no,yes,yes,no,no,1,1,3,5,5,2,1,9,9,2
MS,F,15,U,GT3,T,2,2,services,services,course,mother,1,2,0,no,yes,yes,no,yes,yes,yes,no,2,4,4,5,3,3,8,7,9,10
MS,F,15,U,GT3,T,4,1,services,services,reputation,mother,1,2,1,no,yes,no,no,yes,yes,yes,no,2,3,4,5,1,5,8,6,10,12
MS,M,21,R,GT3,T,0,0,other,other,course,other,1,1,2,no,yes,no,no,yes,no,yes,yes,1,4,2,5,5,1,0,9,4,14
MS,F,17,U,LE3,T,0,2,other,teacher,course,mother,4,2,0,yes,yes,yes,no,yes,yes,yes,no,3,2,4,5,5,3,1,10,10,11
MS,M,17,U,GT3,T,0,2,services,teacher,course,other,2,2,2,no,yes,no,no,yes,no,yes,yes,2,3,2,5,3,5,27,9,5,10
MS,M,15,U,GT3,T,0,4,teacher,health,course,mother,1,2,0,yes,yes,yes,no,yes,yes,yes,no,2,5,3,5,3,4,28,13,9,18
GP,F,15,U,GT3,T,1,4,other,services,course,mother,1,1,0,yes,yes,no,no,yes,yes,yes,yes,1,3,3,5,5,3,1,18,3,12
MS,F,20,U,LE3,T,4,4,health,services,reputation,mother,1,2,0,yes,yes,no,yes,yes,yes,yes,no,2,3,3,1,1,4,2,3,12,15
MS,F,20,U,LE3,T,2,2,teacher,teacher,other,father,3,1,0,no,no,no,no,yes,yes,yes,yes,4,1,3,1,2,3,0,18,9,19
GP,F,15,U,LE3,T,0,4,other,services,course,mother,1,2,0,yes,yes,no,no,yes,yes,yes,yes,1,3,2,4,5,1,1,18,3,12
GP,F,17,U,GT3,T,1,4,other,services,other,mother,4,2,0,no,yes,yes,no,yes,no,yes,no,2,5,4,5,1,2,1,10,6,10
MS,F,21,U,LE3,T,0,1,other,teacher,home,father,1,1,0,no,yes,yes,no,yes,no,yes,yes,4,3,3,1,1,3,0,14,6,7
MS,F,15,U,GT3,T,1,4,other,teacher,course,mother,1,2,0,yes,yes,yes,no,yes,yes,yes,yes,2,3,3,5,5,3,0,13,5,18
GP,F,15,U,GT3,T,2,4,health,services,reputation,mother,1,1,0,no,yes,yes,no,yes,yes,yes,yes,3,3,5,1,4,1,9,17,12,14
MS,F,20,U,LE3,T,1,2,other,services,course,mother,1,2,0,no,yes,yes,no,yes,yes,yes,no,5,3,2,1,3,2,2,3,8,15
GP,F,20,U,LE3,T,3,4,other,services,home,mother,1,1,0,no,yes,no,yes,yes,yes,yes,no,5,1,3,1,2,3,9,18,12,8
GP,F,15,U,LE3,T,3,4,other,services,other,mother,1,1,0,no,yes,no,yes,yes,yes,yes,no,5,2,4,1,2,3,11,18,10,0
GP,F,15,U,GT3,T,1,4,other,services,course,mother,1,4,0,yes,no,yes,no,yes,yes,yes,no,4,3,3,1,5,4,23,18,6,12
GP,F,20,U,LE3,T,2,4,at_home,other,reputation,mother,1,1,0,no,yes,yes,no,yes,yes,yes,no,3,5,4,1,1,1,11,16,17,14
GP,M,16,U,LE3,T,4,4,teacher,teacher,course,mother,2,2,0,no,yes,yes,yes,yes,yes,yes,yes,4,5,4,1,2,3,27,15,1,14
GP,F,16,R,GT3,T,0,3,at_home,teacher,course,other,1,3,0,no,yes,no,no,yes,yes,yes,no,1,3,5,5,2,1,10,18,10,12
GP,F,15,U,GT3,T,0,2,health,services,course,mother,3,2,0,yes,yes,yes,no,yes,yes,yes,yes,1,3,2,5,5,4,22,10,1,9
MS,F,16,U,GT3,T,4,2,health,other,course,mother,3,4,1,no,yes,no,yes,yes,yes,yes,yes,2,5,3,5,1,3,1,13,1,10
GP,M,19,U,GT3,T,0,3,other,other,reputation,other,4,2,0,no,yes,yes,no,yes,yes,no,no,2,2,3,5,5,2,1,4,16,18
GP,F,16,U,GT3,T,3,3,health,teacher,reputation,father,2,2,0,no,no,no,no,yes,yes,yes,yes,4,5,3,5,2,2,1,17,6,16
GP,F,15,U,GT3,T,0,4,health,services,reputation,mother,4,2,0,yes,yes,yes,yes,yes,yes,yes,no,2,4,3,5,5,1,3,13,16,18
MS,F,15,U,LE3,T,3,4,other,other,course,mother,1,1,0,yes,yes,yes,no,yes,yes,yes,yes,4,2,5,5,5,2,1,14,0,18
GP,F,19,R,GT3,A,4,0,services,other,course,other,1,1,0,no,no,no,yes,yes,yes,yes,no,3,4,4,1,2,1,2,9,17,15
GP,F,16,U,GT3,T,1,4,at_home,teacher,reputation,mother,3,2,0,yes,yes,yes,no,yes,no,yes,yes,2,5,4,5,5,2,1,11,6,11
GP,M,21,U,GT3,T,2,2,services,services,course,mother,1,2,0,no,yes,yes,yes,yes,yes,yes,yes,2,3,4,1,2,1,4,8,5,11
GP,F,20,U,LE3,T,3,2,teacher,health,reputation,father,3,2,0,no,no,yes,no,yes,yes,yes,no,4,4,5,1,5,1,2,16,15,12
GP,F,16,U,GT3,T,4,1,health,services,home,mother,2,2,0,no,no,no,yes,yes,yes,yes,no,4,5,1,5,1,1,1,18,5,16
GP,F,15,U,GT3,T,0,4,other,services,course,mother,1,2,0,no,yes,no,no,yes,yes,yes,no,4,3,1,1,3,3,5,18,15,18
MS,F,16,U,GT3,T,4,3,at_home,health,course,mother,1,2,0,yes,no,yes,yes,yes,yes,yes,yes,2,5,3,4,5,1,1,10,6,10
GP,F,15,U,GT3,T,1,4,other,teacher,course,mother,1,1,1,no,yes,no,no,yes,no,yes,yes,2,3,3,5,1,3,1,18,6,10
GP,F,20,U,LE3,T,3,4,other,services,home,mother,3,1,0,no,yes,no,yes,yes,yes,yes,no,5,2,3,1,2,3,10,18,8,6
GP,F,18,U,LE3,T,1,0,other,other,reputation,mother,1,1,0,no,yes,yes,yes,yes,no,yes,yes,4,5,3,5,5,3,1,8,10,5
MS,F,16,U,GT3,T,1,2,other,teacher,course,father,1,3,2,yes,yes,no,no,yes,yes,yes,no,2,5,3,5,5,2,1,18,10,10
GP,F,16,U,LE3,T,4,2,other,teacher,home,mother,1,2,1,no,yes,no,no,yes,no,no,yes,3,2,1,4,2,3,1,4,4,1
MS,M,17,U,LE3,T,4,2,services,teacher,other,mother,1,2,0,no,yes,no,yes,yes,yes,yes,yes,4,2,4,1,2,3,1,11,16,14
MS,M,20,U,LE3,T,4,2,services,teacher,home,mother,1,1,0,no,yes,no,no,yes,yes,yes,no,5,2,3,1,1,5,1,18,17,4
MS,F,15,U,LE3,T,2,0,other,health,course,mother,1,1,1,no,yes,no,no,yes,yes,yes,no,2,3,3,1,1,3,0,13,12,17
GP,F,16,U,GT3,T,4,2,other,teacher,course,mother,2,2,0,no,no,no,yes,yes,yes,yes,no,2,3,3,5,1,2,1,18,1,15
GP,M,17,R,GT3,T,2,2,at_home,other,reputation,other,4,1,0,no,yes,no,no,yes,yes,yes,no,4,2,2,1,1,1,2,11,17,12
MS,F,16,U,GT3,T,2,2,other,services,course,mother,3,2,0,yes,yes,yes,no,yes,yes,yes,yes,1,3,1,5,5,2,0,10,5,1
GP,F,20,U,LE3,T,3,3,at_home,teacher,home,mother,1,2,0,no,yes,no,no,yes,yes,yes,no,4,3,4,1,2,3,11,18,8,6
MS,M,20,U,LE3,T,0,2,other,other,course,other,1,2,3,no,yes,yes,yes,yes,no,yes,yes,5,3,1,1,5,2,0,10,5,19
GP,F,16,U,LE3,T,4,3,other,teacher,course,mother,1,2,0,yes,no,yes,no,yes,yes,no,no,5,4,4,1,5,4,4,17,16,14
MS,F,15,U,LE3,T,3,4,other,other,course,mother,1,1,0,yes,yes,yes,no,yes,yes,yes,yes,4,3,5,4,5,5,0,13,2,19
GP,F,16,U,GT3,T,2,2,health,services,course,other,2,2,0,yes,yes,no,no,yes,yes,yes,yes,3,4,3,2,5,2,8,17,2,14
MS,F,17,U,GT3,T,1,2,other,services,reputation,mother,4,4,0,yes,yes,yes,no,yes,yes,yes,no,1,5,4,5,5,3,1,10,10,5
GP,F,21,R,LE3,T,2,3,health,services,reputation,mother,3,2,0,no,yes,yes,yes,yes,yes,yes,no,3,2,4,1,5,3,11,17,14,3
GP,F,21,R,LE3,T,1,4,at_home,other,course,mother,1,2,0,no,yes,no,no,yes,yes,yes,no,1,2,5,1,1,1,12,10,11,11
MS,F,15,U,LE3,T,3,4,other,other,course,father,1,2,0,no,no,yes,yes,yes,yes,yes,no,1,2,3,1,1,1,7,17,16,18
GP,F,20,U,LE3,A,2,2,other,services,course,mother,2,2,0,yes,yes,yes,no,yes,yes,no,yes,3,1,3,1,2,3,8,13,6,15
GP,F,20,U,LE3,T,2,3,at_home,teacher,reputation,mother,3,1,0,no,no,yes,no,yes,yes,yes,no,4,4,3,1,1,4,8,18,17,17
MS,F,15,U,GT3,T,3,4,health,health,course,father,1,1,0,yes,no,yes,no,yes,yes,yes,no,1,4,2,5,5,1,0,17,14,12
MS,F,20,U,GT3,T,0,2,other,services,reputation,mother,4,2,0,no,yes,yes,yes,yes,no,yes,yes,3,1,4,1,2,1,7,11,6,1
MS,F,17,U,GT3,T,2,2,other,services,course,mother,3,2,0,yes,yes,yes,no,yes,yes,yes,yes,2,3,1,5,5,3,1,10,6,6
GP,F,15,U,GT3,T,1,4,other,services,course,mother,1,1,0,no,yes,no,no,yes,no,yes,yes,2,3,3,5,1,2,0,18,6,15
GP,F,15,U,GT3,T,2,4,other,services,course,mother,1,2,0,yes,yes,no,no,yes,yes,yes,yes,1,3,3,5,5,1,1,18,0,12
GP,M,15,U,GT3,T,0,1,other,teacher,course,mother,1,2,0,no,yes,no,no,yes,yes,no,no,2,4,4,5,1,2,0,18,15,14
GP,M,15,U,GT3,T,0,2,other,services,course,other,1,2,0,no,yes,yes,yes,yes,yes,yes,yes,1,3,4,5,2,2,8,17,6,15
GP,F,20,U,GT3,T,2,2,health,teacher,course,other,4,2,0,no,yes,no,no,yes,yes,yes,yes,3,4,4,1,4,2,8,17,6,14
GP,F,16,U,GT3,T,4,4,other,other,reputation,father,2,2,0,no,no,no,no,yes,yes,yes,no,5,5,3,1,2,3,1,17,16,15
GP,F,16,U,GT3,T,3,3,health,other,reputation,other,2,2,0,no,no,no,no,yes,yes,yes,yes,4,3,3,3,2,1,0,17,5,15
GP,F,15,U,LE3,T,1,4,health,health,course,mother,1,1,0,yes,yes,yes,no,yes,yes,yes,no,4,4,1,5,5,1,0,17,2,12
MS,F,21,R,LE3,T,2,3,health,teacher,reputation,mother,3,1,0,no,yes,yes,yes,yes,yes,yes,no,4,1,5,1,2,1,8,18,17,16
GP,F,15,R,LE3,T,0,4,other,teacher,course,mother,1,2,0,yes,yes,no,no,yes,yes,yes,yes,4,3,3,4,5,5,1,18,6,15
MS,M,21,U,GT3,T,2,2,health,services,reputation,other,4,1,0,no,yes,no,yes,yes,yes,yes,no,2,3,4,1,2,3,9,16,16,16
GP,M,20,U,LE3,T,3,3,at_home,services,course,father,2,1,0,no,no,yes,yes,yes,yes,yes,no,3,4,3,1,3,5,5,14,17,16
GP,F,15,U,LE3,T,4,4,other,services,other,mother,1,2,0,yes,yes,yes,no,yes,yes,yes,yes,3,4,3,1,5,5,2,15,12,11
GP,F,19,R,LE3,T,0,3,other,other,course,other,4,1,0,no,yes,yes,no,yes,yes,yes,yes,1,1,4,5,5,2,11,12,15,12
GP,F,21,R,GT3,T,2,3,health,services,reputation,other,1,1,0,no,yes,no,no,yes,yes,yes,no,3,4,3,1,5,3,8,17,13,16
MS,M,20,R,LE3,T,4,4,health,services,home,mother,1,1,0,no,yes,yes,yes,yes,yes,yes,no,5,5,4,1,1,3,0,6,6,12
GP,F,15,U,GT3,T,0,4,teacher,services,course,mother,1,2,0,yes,yes,yes,no,yes,yes,yes,yes,1,3,3,5,5,4,29,18,2,12
GP,M,20,U,LE3,T,2,3,teacher,teacher,course,mother,1,1,0,no,yes,yes,yes,yes,yes,yes,yes,4,3,4,1,2,3,14,18,3,11
GP,F,20,R,LE3,T,4,2,health,teacher,reputation,other,1,3,0,no,yes,no,yes,yes,yes,yes,no,2,4,4,5,5,3,1,12,13,7
MS,M,20,R,GT3,T,4,2,other,at_home,reputation,mother,1,2,0,no,yes,yes,yes,yes,yes,no,no,5,5,3,1,5,4,1,11,16,14
GP,F,16,U,LE3,T,2,3,teacher,health,course,father,3,1,0,no,no,yes,no,yes,yes,yes,yes,4,1,3,4,3,4,23,14,11,12
GP,F,21,R,GT3,T,4,0,other,teacher,reputation,mother,1,2,0,no,yes,no,yes,yes,yes,no,no,3,5,4,1,5,4,1,12,9,15
GP,M,16,U,GT3,T,1,2,services,teacher,course,mother,1,2,0,no,yes,no,yes,yes,yes,yes,no,1,4,4,5,2,2,1,18,2,15
GP,F,15,U,LE3,T,4,4,at_home,services,course,other,1,1,0,no,no,yes,yes,yes,yes,yes,no,2,4,3,1,2,5,10,17,17,12
MS,F,17,U,GT3,T,1,2,other,teacher,other,mother,3,3,0,yes,yes,yes,no,yes,yes,yes,no,1,3,4,5,5,3,0,9,10,3
GP,F,15,U,LE3,T,4,4,at_home,services,home,mother,1,2,0,no,yes,no,no,yes,yes,yes,yes,4,1,5,1,2,5,1,18,10,2
GP,F,20,R,GT3,T,2,4,teacher,teacher,reputation,other,4,3,0,no,yes,no,no,yes,yes,yes,no,3,3,4,1,5,3,9,16,16,15
MS,M,15,R,GT3,T,1,4,services,other,reputation,mother,2,2,0,no,yes,yes,yes,yes,yes,yes,no,5,1,4,3,1,1,0,17,14,16
MS,F,15,U,LE3,T,4,0,services,services,reputation,mother,1,2,2,yes,yes,yes,no,yes,yes,yes,no,4,5,1,1,1,5,15,3,10,12
MS,F,15,U,LE3,T,3,4,other,other,course,mother,1,2,0,yes,yes,yes,no,yes,yes,yes,yes,4,3,5,4,5,3,0,13,1,18
MS,M,20,U,LE3,T,2,2,other,at_home,home,mother,1,2,0,yes,yes,yes,no,yes,yes,yes,yes,2,3,2,1,1,1,1,14,3,19
GP,M,15,U,GT3,T,1,4,health,teacher,course,mother,1,1,0,no,yes,yes,yes,yes,yes,yes,yes,2,3,4,5,1,1,31,18,5,13
GP,F,15,U,GT3,T,2,4,health,services,course,father,1,3,0,yes,yes,no,no,yes,yes,yes,no,2,3,1,5,5,4,8,18,13,3
MS,F,15,R,GT3,T,4,4,other,services,course,mother,1,1,0,yes,no,yes,yes,yes,yes,yes,no,2,4,3,5,5,2,0,13,16,15
GP,F,18,R,GT3,T,3,2,teacher,other,reputation,other,1,2,0,no,yes,no,no,yes,yes,yes,no,4,3,4,3,5,2,0,16,8,15
GP,F,15,U,GT3,T,2,4,other,services,course,mother,1,2,0,yes,yes,no,no,yes,yes,yes,yes,2,3,2,5,5,1,1,18,6,12
GP,F,16,U,LE3,T,1,1,other,other,course,other,1,2,0,yes,no,yes,yes,yes,yes,no,no,4,4,3,1,5,2,0,17,15,12
MS,F,20,U,GT3,T,1,1,at_home,other,reputation,mother,1,2,0,no,yes,yes,yes,yes,yes,no,yes,4,3,2,1,4,4,1,4,2,17
GP,F,15,U,GT3,A,0,4,other,services,course,mother,1,2,0,no,yes,no,no,yes,yes,yes,no,2,3,2,5,3,4,0,18,14,12
GP,F,16,U,LE3,T,4,3,other,teacher,other,mother,1,1,1,no,yes,no,no,yes,no,yes,yes,4,5,1,5,2,4,1,3,6,9
MS,M,20,U,LE3,T,2,2,teacher,health,reputation,mother,3,2,0,no,yes,no,no,yes,yes,yes,yes,5,5,3,1,5,3,1,18,8,18
GP,F,15,U,LE3,T,3,4,other,teacher,other,mother,2,2,0,yes,yes,no,no,yes,no,yes,no,5,5,5,1,5,5,1,18,12,9
MS,F,20,U,LE3,T,1,2,teacher,services,reputation,other,1,2,0,no,yes,yes,no,yes,yes,yes,no,2,4,3,1,3,3,8,4,4,18
GP,M,15,U,LE3,T,4,1,health,services,home,mother,1,2,0,yes,yes,no,no,yes,yes,yes,no,4,2,3,1,5,5,0,18,16,12
GP,M,15,U,GT3,T,3,4,teacher,services,course,mother,1,1,0,yes,yes,yes,no,yes,yes,yes,yes,2,3,1,5,5,4,32,18,1,12
GP,F,18,U,GT3,T,3,1,health,teacher,course,other,3,1,0,no,no,no,no,yes,yes,yes,no,4,5,4,3,2,3,1,17,10,16
MS,F,16,U,GT3,T,4,2,services,other,course,mother,3,2,0,no,yes,no,yes,yes,no,yes,yes,3,3,2,5,1,1,1,11,5,3
MS,M,20,R,LE3,A,0,2,at_home,teacher,course,father,1,1,2,no,yes,no,no,yes,no,yes,yes,4,4,4,1,4,3,0,10,3,16
MS,F,21,R,LE3,T,2,2,at_home,other,reputation,mother,1,2,0,no,yes,no,no,yes,yes,yes,no,3,3,3,1,5,1,1,11,11,11
GP,F,15,U,LE3,T,4,4,other,teacher,home,other,2,2,0,yes,yes,no,yes,yes,yes,yes,yes,2,1,1,4,5,2,1,18,2,12
MS,F,16,U,LE3,T,0,2,other,teacher,course,mother,2,2,0,yes,yes,no,no,yes,yes,yes,no,4,3,4,3,5,5,1,9,10,1
GP,F,20,R,GT3,T,3,3,teacher,health,reputation,other,3,1,0,no,no,yes,no,yes,yes,yes,no,2,4,4,5,5,2,2,17,17,12
MS,F,20,U,LE3,A,2,2,other,at_home,course,mother,2,2,1,no,yes,no,no,yes,yes,no,yes,2,4,3,1,1,1,1,11,6,6
MS,M,20,U,LE3,T,2,2,health,health,reputation,mother,3,2,0,no,yes,no,no,yes,yes,yes,yes,4,4,3,1,5,3,1,18,10,18
MS,F,18,U,GT3,T,4,4,at_home,teacher,reputation,mother,3,2,2,no,yes,yes,yes,yes,yes,yes,yes,3,4,4,4,5,1,1,12,5,13
MS,F,18,U,LE3,T,2,1,at_home,services,other,father,3,1,0,no,yes,no,no,yes,yes,yes,no,4,3,3,1,1,5,1,18,10,17
GP,F,15,U,GT3,T,1,4,other,teacher,course,mother,1,2,0,no,yes,no,no,yes,no,yes,yes,2,3,3,5,2,2,0,18,6,9
GP,F,21,U,LE3,T,3,3,other,services,course,mother,2,1,0,no,yes,no,yes,yes,yes,yes,no,5,3,3,1,1,4,31,18,9,6
MS,F,18,U,GT3,T,0,2,at_home,teacher,reputation,mother,2,2,2,no,yes,no,no,yes,yes,no,yes,2,4,3,5,5,1,1,10,6,9
MS,M,16,U,LE3,T,2,4,other,other,reputation,other,4,1,0,no,yes,no,no,yes,yes,yes,no,4,2,1,1,3,2,3,13,15,19
MS,F,16,U,LE3,T,4,2,at_home,other,reputation,other,3,2,0,no,yes,yes,yes,yes,yes,yes,no,2,5,3,1,1,1,2,10,16,11
GP,M,20,U,LE3,T,2,3,teacher,services,home,mother,1,2,0,no,yes,no,yes,yes,yes,yes,no,4,2,4,1,2,3,0,18,12,11
GP,F,16,U,GT3,T,2,0,other,teacher,course,other,1,3,0,no,yes,no,yes,yes,yes,yes,no,2,3,1,5,2,3,0,18,15,13
MS,M,18,U,GT3,T,1,2,other,other,reputation,other,4,1,0,no,yes,yes,no,yes,yes,no,yes,1,1,4,5,5,1,0,10,16,16
MS,F,18,R,LE3,T,0,2,at_home,teacher,reputation,other,3,1,0,no,yes,no,no,yes,yes,yes,no,4,2,4,1,5,3,1,18,10,18
MS,F,19,U,GT3,T,0,2,other,teacher,course,other,3,3,0,no,yes,no,no,yes,yes,yes,no,2,1,3,1,4,5,0,18,15,9
MS,F,17,U,GT3,T,2,4,other,services,course,father,1,2,0,no,yes,yes,no,yes,yes,yes,no,2,2,3,5,4,1,2,1,9,12
GP,F,20,U,LE3,T,0,1,other,at_home,course,mother,2,1,0,no,yes,no,yes,yes,no,yes,yes,5,3,2,1,4,5,4,8,12,15
MS,F,15,U,GT3,T,4,4,at_home,teacher,course,mother,1,2,1,yes,yes,no,no,yes,yes,yes,yes,3,4,1,4,5,4,1,13,2,5
GP,F,20,R,LE3,T,2,3,at_home,other,reputation,mother,1,2,0,no,yes,no,no,yes,yes,yes,no,1,2,3,1,5,1,16,10,11,11
GP,M,17,U,LE3,T,4,0,at_home,other,reputation,mother,1,2,0,yes,yes,yes,yes,yes,yes,yes,yes,4,3,3,5,5,4,2,4,5,15
MS,F,19,U,GT3,T,1,2,other,services,home,father,1,2,0,no,yes,yes,no,yes,no,yes,yes,1,4,2,5,1,2,1,4,0,18
MS,F,15,U,GT3,T,4,1,services,other,reputation,mother,1,3,0,no,no,no,yes,yes,yes,yes,no,2,4,1,5,1,4,6,3,11,14
MS,F,18,U,GT3,T,2,2,other,services,course,mother,1,2,0,yes,yes,no,no,yes,yes,yes,no,1,3,4,5,5,2,0,18,13,17
GP,F,16,U,LE3,T,2,0,at_home,health,course,mother,1,1,0,no,yes,no,yes,yes,yes,yes,no,3,5,3,1,2,4,2,18,17,12
GP,M,21,U,GT3,T,1,3,other,teacher,reputation,mother,1,2,0,no,yes,no,yes,yes,yes,no,no,2,3,4,5,5,3,0,18,8,15
GP,F,20,U,LE3,T,1,2,at_home,at_home,course,mother,1,2,0,no,yes,yes,yes,yes,no,yes,yes,5,3,3,1,2,4,27,4,6,11
GP,F,15,U,LE3,T,2,4,health,health,course,mother,1,2,0,yes,yes,yes,no,yes,yes,yes,no,1,4,2,4,5,2,1,18,0,12
MS,F,16,R,GT3,T,2,2,other,teacher,course,mother,2,2,0,yes,yes,yes,no,yes,yes,no,yes,2,4,2,5,5,1,0,9,0,12
GP,F,15,U,LE3,T,4,4,other,services,other,mother,2,2,0,no,no,no,yes,yes,yes,yes,no,4,2,2,3,2,1,1,18,3,18
MS,F,17,R,LE3,T,2,2,other,health,reputation,mother,1,1,0,no,yes,no,no,yes,yes,yes,no,2,1,3,1,1,2,0,14,11,18
GP,M,16,U,LE3,A,0,2,other,teacher,reputation,father,1,2,0,no,yes,yes,no,yes,yes,yes,yes,4,5,4,2,4,5,25,18,6,0
GP,F,15,U,GT3,T,2,4,health,teacher,course,mother,1,1,0,yes,yes,yes,no,yes,yes,yes,yes,2,3,1,5,5,4,25,18,6,12
MS,F,19,U,GT3,T,3,0,other,other,course,other,1,2,2,no,yes,yes,yes,yes,no,yes,yes,3,2,2,1,1,1,1,15,2,17
GP,F,16,U,GT3,T,4,4,at_home,teacher,course,mother,1,2,0,no,yes,no,no,yes,yes,yes,yes,4,4,1,1,2,5,1,18,1,0
GP,F,16,U,GT3,T,4,0,health,other,course,mother,4,2,0,no,no,no,yes,yes,yes,yes,no,1,4,1,5,1,1,1,10,5,12
MS,F,15,U,GT3,T,1,2,other,services,course,mother,3,4,0,yes,yes,yes,no,yes,yes,yes,no,1,5,2,5,5,1,0,10,9,10
GP,F,15,U,GT3,T,0,4,teacher,teacher,course,mother,1,1,0,no,yes,yes,no,yes,no,yes,no,2,3,3,5,1,4,26,18,6,13
GP,F,15,U,LE3,T,0,4,health,health,course,mother,1,2,0,yes,yes,no,no,yes,yes,yes,no,3,5,2,3,5,1,1,18,3,12
MS,F,16,R,GT3,T,3,2,other,teacher,reputation,other,1,1,0,no,yes,no,no,yes,yes,yes,no,2,3,3,2,1,5,4,9,17,13
GP,F,16,U,LE3,T,1,4,other,teacher,course,mother,1,2,0,yes,yes,no,no,yes,no,yes,no,2,5,4,2,1,5,1,18,12,4
MS,F,18,U,GT3,T,0,2,other,at_home,reputation,mother,1,2,1,no,yes,no,no,yes,yes,no,yes,2,3,3,5,5,3,0,3,5,5
MS,M,16,U,LE3,T,2,2,other,other,reputation,mother,3,1,2,no,yes,yes,no,yes,yes,yes,yes,4,2,2,4,5,4,2,8,5,18
GP,F,15,U,LE3,A,2,4,services,health,other,other,1,1,0,no,no,yes,no,yes,yes,yes,yes,4,1,2,2,3,4,24,15,9,12
MS,F,21,U,GT3,T,3,3,at_home,health,course,father,4,2,0,yes,yes,yes,no,yes,no,yes,no,5,5,5,1,5,5,0,12,9,17
MS,F,17,U,LE3,T,0,2,other,other,course,other,3,1,0,yes,yes,yes,no,yes,yes,yes,yes,2,1,4,5,5,1,1,4,16,16
MS,F,15,U,LE3,T,3,4,at_home,other,course,mother,1,1,0,yes,yes,no,no,no,yes,yes,yes,4,2,5,3,5,5,1,13,5,17
MS,F,17,R,LE3,T,2,2,other,teacher,course,mother,4,2,1,yes,yes,no,no,yes,yes,yes,yes,3,4,2,5,3,5,1,11,6,2
MS,F,18,U,LE3,T,4,4,teacher,at_home,reputation,mother,1,2,0,yes,yes,no,yes,yes,yes,yes,no,1,2,3,1,2,4,2,10,12,13
GP,F,16,R,LE3,T,1,2,at_home,teacher,course,mother,1,2,0,no,yes,yes,no,yes,yes,yes,yes,4,4,5,2,3,5,6,18,15,10
GP,F,15,U,GT3,T,1,4,other,teacher,course,mother,1,1,0,no,yes,no,no,yes,no,yes,no,2,3,4,5,2,2,1,18,16,8
GP,F,15,U,GT3,T,4,4,at_home,teacher,course,mother,1,2,1,yes,yes,no,no,yes,yes,yes,yes,3,5,2,4,5,3,0,18,2,1
GP,F,15,U,GT3,T,1,4,other,teacher,course,mother,1,2,0,yes,yes,no,no,yes,yes,yes,yes,2,3,3,5,5,2,1,18,6,12
MS,F,20,U,GT3,T,0,1,other,other,other,other,1,2,0,no,yes,yes,no,yes,no,yes,yes,2,3,3,5,2,3,0,5,6,11
MS,F,18,U,GT3,T,2,4,other,teacher,reputation,other,2,1,1,no,yes,no,no,yes,yes,yes,yes,4,5,3,5,5,2,0,18,8,0
MS,F,21,U,LE3,T,0,0,other,other,course,other,1,2,0,no,yes,yes,no,yes,no,yes,yes,3,3,3,1,2,2,1,1,6,15
GP,F,20,R,LE3,T,1,4,at_home,other,reputation,mother,1,2,0,no,yes,no,no,yes,yes,yes,no,3,2,3,1,5,1,17,10,11,11
GP,F,17,R,LE3,T,0,2,other,at_home,reputation,mother,1,2,2,no,yes,no,no,yes,yes,yes,no,2,3,3,1,1,2,2,9,11,13
MS,F,18,R,GT3,T,1,3,at_home,teacher,course,father,2,2,0,no,no,yes,yes,yes,yes,yes,no,4,3,3,1,5,2,1,10,12,9
MS,F,20,R,LE3,T,3,2,teacher,health,reputation,other,3,1,0,no,no,yes,no,yes,yes,yes,no,4,4,3,1,5,1,1,14,17,11
GP,F,20,U,LE3,T,3,3,other,teacher,home,other,2,1,0,no,no,no,no,yes,yes,yes,yes,4,1,4,1,2,3,10,18,12,11
MS,F,19,U,GT3,T,1,3,other,other,course,other,1,1,0,no,yes,yes,no,yes,no,yes,yes,1,3,3,5,5,1,1,3,3,18
GP,M,16,U,GT3,T,1,2,other,services,reputation,other,1,3,0,no,yes,yes,yes,yes,yes,no,no,1,3,3,5,5,4,25,18,10,19
MS,M,17,U,GT3,T,2,3,other,at_home,reputation,father,4,1,0,no,yes,yes,no,yes,yes,no,no,4,2,2,1,1,3,4,2,16,16
MS,M,16,U,GT3,T,2,2,services,other,reputation,mother,1,3,0,no,no,yes,yes,yes,yes,no,no,2,3,2,5,1,4,0,11,10,12
GP,F,15,U,GT3,T,0,4,other,services,course,mother,1,1,0,yes,yes,no,no,yes,yes,yes,yes,1,3,2,5,5,1,1,18,4,12
GP,F,20,U,GT3,T,4,2,other,services,reputation,mother,3,3,0,no,no,no,no,yes,yes,yes,no,4,3,3,1,1,4,5,18,17,9
MS,M,21,U,GT3,T,0,1,services,other,course,other,2,2,0,no,yes,yes,no,yes,no,yes,yes,1,3,2,5,2,3,1,11,4,9
GP,F,18,R,LE3,T,1,3,at_home,other,reputation,mother,1,2,0,no,yes,no,no,yes,yes,yes,no,3,4,3,1,5,1,14,10,11,11
MS,F,17,R,LE3,T,1,2,health,other,course,mother,1,2,0,no,yes,yes,no,yes,no,yes,yes,2,5,3,1,1,5,4,12,6,3
GP,M,20,U,GT3,T,2,2,health,services,course,other,1,2,0,no,yes,no,yes,yes,yes,yes,yes,4,5,4,1,2,1,1,18,4,14
GP,F,15,U,GT3,T,1,4,teacher,services,course,mother,2,3,0,yes,yes,yes,no,yes,yes,yes,no,1,5,3,5,5,2,15,10,12,6
MS,F,19,U,GT3,T,0,0,other,teacher,course,other,3,2,2,no,yes,yes,no,yes,no,yes,yes,2,3,3,5,2,2,1,1,6,10
GP,M,21,U,LE3,T,4,0,services,at_home,course,other,1,2,0,yes,yes,yes,yes,yes,no,yes,yes,3,3,2,1,5,5,2,11,4,14
MS,F,21,U,GT3,T,2,2,teacher,health,course,father,3,2,0,no,yes,no,no,yes,yes,yes,no,3,4,3,1,1,3,1,18,17,13
GP,F,15,U,GT3,T,1,4,other,teacher,course,mother,1,1,0,no,yes,no,no,yes,no,yes,yes,2,3,3,5,1,2,1,18,6,13
