checking_status,duration,credit_history,purpose,credit_amount,savings_status,employment,installment_commitment,personal_status,other_parties,residence_since,property_magnitude,age,other_payment_plans,housing,existing_credits,job,num_dependents,own_telephone,foreign_worker,class
<0,33,existing paid,used car,4302,<100,>=7,4,male single,none,2,life insurance,35,none,own,1,skilled,1,none,yes,good
0<=X<200,45,existing paid,radio/tv,10983,<100,1<=X<4,2,male single,none,2,no known property,37,none,for free,1,high qualif/self emp/mgmt,1,yes,yes,good
0<=X<200,14,existing paid,radio/tv,1569,<100,<1,4,female div/dep/mar,none,2,real estate,25,none,rent,1,skilled,1,none,yes,bad
no checking,14,existing paid,new car,1469,<100,1<=X<4,4,male single,none,2,real estate,28,none,own,1,skilled,1,none,yes,good
<0,23,existing paid,furniture/equipment,4009,<100,1<=X<4,3,female div/dep/mar,none,4,life insurance,25,none,own,1,skilled,1,none,yes,bad
no checking,29,existing paid,furniture/equipment,4478,<100,>=7,2,male single,none,4,car,32,none,own,1,skilled,1,none,yes,good
0<=X<200,15,existing paid,new car,2633,<100,<1,1,female div/dep/mar,none,1,real estate,32,none,own,1,skilled,1,none,yes,bad
0<=X<200,13,existing paid,furniture/equipment,1236,<100,1<=X<4,4,male single,none,1,real estate,27,none,own,1,skilled,1,none,yes,good
<0,13,existing paid,furniture/equipment,1812,<100,1<=X<4,4,female div/dep/mar,none,2,real estate,26,none,own,1,skilled,1,none,yes,bad
no checking,22,critical/other existing credit,radio/tv,2713,<100,>=7,4,male single,none,4,car,43,none,own,1,skilled,1,yes,yes,good
no checking,10,existing paid,new car,1559,<100,1<=X<4,4,male mar/wid,none,2,car,26,none,own,1,skilled,1,none,yes,good
no checking,19,existing paid,business,3090,<100,>=7,3,male single,none,4,car,32,none,own,1,skilled,1,yes,yes,good
<0,31,existing paid,furniture/equipment,3959,<100,>=7,4,male single,none,4,no known property,43,none,own,1,skilled,1,none,yes,bad
no checking,14,existing paid,new car,1502,<100,4<=X<7,4,female div/dep/mar,none,2,real estate,30,none,own,1,skilled,1,none,yes,good
<0,17,existing paid,new car,2395,<100,<1,4,female div/dep/mar,none,4,car,25,none,rent,1,skilled,1,none,yes,bad
no checking,20,critical/other existing credit,business,3505,<100,>=7,3,male single,none,4,life insurance,30,none,own,2,skilled,1,yes,yes,good
no checking,23,existing paid,furniture/equipment,3872,<100,4<=X<7,4,male single,none,3,car,37,none,own,1,skilled,2,yes,yes,good
0<=X<200,16,existing paid,furniture/equipment,2527,<100,4<=X<7,4,male single,none,3,car,32,none,own,1,skilled,1,none,yes,bad
0<=X<200,13,existing paid,furniture/equipment,1367,<100,1<=X<4,4,male single,none,1,life insurance,27,none,own,1,skilled,1,none,yes,good
no checking,11,critical/other existing credit,new car,998,>=1000,1<=X<4,3,female div/dep/mar,none,4,real estate,40,none,own,2,unskilled resident,1,none,yes,good
no checking,15,critical/other existing credit,new car,1838,<100,>=7,4,male single,none,4,car,45,none,own,1,high qualif/self emp/mgmt,1,yes,yes,good
0<=X<200,32,existing paid,furniture/equipment,6034,<100,4<=X<7,2,male single,none,1,car,36,none,own,1,skilled,1,yes,yes,bad
no checking,10,existing paid,new car,1427,<100,1<=X<4,4,male single,none,4,life insurance,46,none,own,1,unskilled resident,1,none,yes,good
no checking,18,existing paid,radio/tv,1614,<100,1<=X<4,4,female div/dep/mar,none,2,car,27,none,own,1,skilled,1,none,yes,good
no checking,11,existing paid,radio/tv,1306,<100,1<=X<4,3,female div/dep/mar,none,2,real estate,28,none,own,1,skilled,1,none,yes,good
no checking,20,critical/other existing credit,furniture/equipment,2941,<100,>=7,3,male single,none,4,life insurance,36,none,own,2,skilled,1,yes,yes,good
no checking,27,critical/other existing credit,new car,3375,<100,1<=X<4,4,male single,none,4,real estate,40,none,own,1,skilled,1,yes,yes,good
<0,35,existing paid,furniture/equipment,4195,<100,>=7,4,male single,none,2,life insurance,36,bank,own,1,skilled,1,none,yes,bad
0<=X<200,13,existing paid,new car,1389,<100,4<=X<7,4,male single,none,4,car,39,none,own,1,skilled,1,none,yes,good
<0,29,existing paid,furniture/equipment,4285,100<=X<500,1<=X<4,1,female div/dep/mar,none,4,car,28,none,own,1,skilled,1,none,yes,good
<0,10,existing paid,domestic appliance,880,<100,<1,4,female div/dep/mar,none,1,real estate,25,none,own,1,skilled,1,none,yes,good
0<=X<200,26,existing paid,used car,3923,no known savings,>=7,4,male single,none,4,no known property,42,none,own,1,high qualif/self emp/mgmt,1,yes,yes,good
no checking,26,existing paid,radio/tv,3951,<100,1<=X<4,1,male single,none,4,car,30,none,own,1,skilled,1,none,yes,good
0<=X<200,28,existing paid,new car,5558,<100,<1,2,male div/sep,none,1,car,37,none,own,1,skilled,1,none,yes,bad
no checking,17,existing paid,radio/tv,1499,<100,1<=X<4,4,female div/dep/mar,none,2,car,25,none,own,1,skilled,1,none,yes,bad
no checking,15,existing paid,radio/tv,1914,<100,1<=X<4,4,female div/dep/mar,none,2,car,26,none,own,1,skilled,1,none,yes,good
no checking,23,critical/other existing credit,business,3132,<100,1<=X<4,4,male single,none,4,life insurance,36,none,own,1,skilled,1,yes,yes,good
no checking,30,existing paid,radio/tv,4454,<100,>=7,4,male single,none,2,car,34,none,own,1,skilled,1,yes,yes,good
no checking,15,critical/other existing credit,new car,1395,<100,>=7,4,male single,none,4,life insurance,49,none,own,1,unskilled resident,1,none,yes,good
no checking,13,existing paid,radio/tv,1191,<100,1<=X<4,4,female div/dep/mar,none,2,real estate,26,none,own,1,skilled,1,none,yes,good
no checking,20,existing paid,business,3322,<100,>=7,3,male single,none,4,car,31,none,own,1,skilled,1,yes,yes,good
0<=X<200,37,existing paid,business,8138,<100,1<=X<4,2,male single,none,2,car,28,none,own,2,skilled,1,none,yes,bad
0<=X<200,37,delayed previously,business,5922,<100,1<=X<4,2,male single,none,2,car,30,none,own,2,skilled,1,yes,yes,bad
0<=X<200,17,existing paid,furniture/equipment,2570,<100,>=7,4,male single,none,4,life insurance,39,none,own,1,skilled,1,none,yes,good
no checking,26,existing paid,radio/tv,4290,<100,1<=X<4,1,male single,none,4,car,29,none,own,1,skilled,1,none,yes,good
0<=X<200,22,existing paid,furniture/equipment,2778,<100,1<=X<4,3,female div/dep/mar,none,4,life insurance,24,none,rent,1,skilled,1,none,yes,bad
no checking,33,existing paid,furniture/equipment,4105,<100,>=7,4,male single,none,2,car,36,none,own,1,skilled,1,none,yes,good
no checking,12,existing paid,new car,1336,<100,>=7,4,male single,none,4,car,44,none,own,1,skilled,1,none,yes,good
no checking,13,critical/other existing credit,radio/tv,1447,<100,>=7,4,male single,none,4,life insurance,45,none,own,1,skilled,1,none,yes,good
no checking,34,existing paid,business,3855,<100,1<=X<4,2,female div/dep/mar,none,2,real estate,29,none,own,1,skilled,1,yes,yes,bad
no checking,16,critical/other existing credit,new car,1749,<100,>=7,4,male single,none,4,car,42,none,own,1,skilled,1,none,yes,good
no checking,30,existing paid,radio/tv,4913,<100,1<=X<4,4,male single,none,2,car,28,none,own,1,skilled,1,none,yes,good
no checking,28,existing paid,used car,4769,<100,1<=X<4,1,male single,none,4,car,28,none,own,1,skilled,1,none,yes,good
no checking,13,existing paid,radio/tv,1615,500<=X<1000,>=7,4,male single,none,4,real estate,43,none,own,1,unskilled resident,1,none,yes,good
no checking,13,existing paid,new car,1843,<100,1<=X<4,1,male mar/wid,none,2,real estate,28,none,own,1,skilled,1,none,yes,good
0<=X<200,24,existing paid,used car,3926,no known savings,1<=X<4,4,male single,none,4,no known property,46,none,own,1,skilled,1,yes,yes,good
no checking,19,critical/other existing credit,furniture/equipment,2074,<100,<1,4,male single,none,4,car,42,none,own,2,skilled,1,none,yes,good
<0,21,critical/other existing credit,new car,2904,<100,1<=X<4,2,female div/dep/mar,none,2,real estate,29,none,own,2,skilled,1,none,yes,bad
no checking,13,existing paid,radio/tv,1086,<100,<1,4,female div/dep/mar,none,4,real estate,25,none,own,1,skilled,1,none,yes,good
0<=X<200,14,existing paid,new car,1150,<100,1<=X<4,4,male single,none,1,real estate,33,none,own,1,skilled,1,none,yes,good
<0,23,critical/other existing credit,new car,4536,no known savings,>=7,1,male single,none,4,car,53,none,own,1,skilled,1,yes,yes,good
<0,15,existing paid,new car,1533,<100,1<=X<4,2,male single,none,2,life insurance,28,none,own,1,skilled,1,none,yes,good
0<=X<200,43,existing paid,education,6018,<100,1<=X<4,4,male single,none,4,no known property,43,none,for free,1,skilled,1,none,yes,bad
no checking,28,existing paid,used car,4484,<100,1<=X<4,4,male single,none,2,car,29,none,own,1,skilled,1,none,yes,good
no checking,32,existing paid,new car,4229,<100,1<=X<4,4,male single,none,4,real estate,37,none,own,1,skilled,1,yes,yes,good
no checking,34,existing paid,radio/tv,5032,<100,1<=X<4,4,male single,none,2,car,32,none,own,1,skilled,1,none,yes,good
no checking,13,existing paid,radio/tv,1299,<100,1<=X<4,3,female div/dep/mar,none,2,real estate,25,none,own,1,skilled,1,none,yes,bad
no checking,14,existing paid,radio/tv,1483,>=1000,>=7,4,male single,none,4,real estate,42,none,own,1,skilled,1,none,yes,good
no checking,18,existing paid,new car,2226,no known savings,4<=X<7,4,male single,none,3,real estate,35,none,own,1,skilled,1,none,yes,good
no checking,29,existing paid,business,3497,<100,1<=X<4,4,male single,none,2,life insurance,41,none,own,1,skilled,1,yes,yes,good
no checking,11,existing paid,new car,1079,<100,4<=X<7,4,male single,none,3,life insurance,41,none,own,1,skilled,1,none,yes,good
no checking,11,existing paid,radio/tv,855,<100,<1,4,female div/dep/mar,none,3,real estate,28,none,own,1,skilled,1,none,yes,good
<0,10,existing paid,new car,955,<100,>=7,4,male single,none,4,real estate,44,none,own,1,unskilled resident,1,none,yes,good
no checking,28,existing paid,used car,4359,no known savings,1<=X<4,4,male single,none,4,car,32,none,own,1,skilled,1,none,yes,good
no checking,22,existing paid,radio/tv,4187,<100,1<=X<4,1,male single,none,4,car,27,none,own,1,skilled,1,none,yes,good
0<=X<200,43,existing paid,furniture/equipment,9636,<100,4<=X<7,4,male single,none,2,life insurance,33,none,own,1,skilled,1,none,yes,good
<0,32,existing paid,furniture/equipment,4483,<100,4<=X<7,2,male single,none,2,life insurance,36,none,own,1,skilled,1,none,yes,bad
0<=X<200,36,delayed previously,radio/tv,5410,<100,1<=X<4,2,male single,none,2,car,28,none,own,2,skilled,1,none,yes,good
<0,15,critical/other existing credit,new car,1412,<100,>=7,4,male single,none,4,car,42,none,own,1,skilled,1,none,yes,bad
no checking,18,existing paid,furniture/equipment,2125,<100,>=7,4,male single,none,4,life insurance,40,none,own,2,skilled,1,none,yes,good
no checking,9,critical/other existing credit,radio/tv,1104,<100,4<=X<7,2,male single,none,1,real estate,46,none,own,2,unskilled resident,1,none,yes,good
<0,18,existing paid,furniture/equipment,3631,<100,4<=X<7,1,female div/dep/mar,none,4,life insurance,30,none,own,1,skilled,1,none,yes,good
0<=X<200,28,existing paid,business,4594,<100,1<=X<4,1,male single,none,2,life insurance,31,none,own,1,skilled,1,yes,yes,good
0<=X<200,15,existing paid,radio/tv,2023,<100,1<=X<4,4,male single,none,2,car,29,none,own,1,skilled,1,none,yes,good
no checking,10,existing paid,new car,1518,<100,>=7,4,male single,none,4,real estate,49,none,own,1,skilled,1,none,yes,good
0<=X<200,32,existing paid,other,7950,<100,1<=X<4,2,male single,none,3,car,33,none,own,2,skilled,1,yes,yes,good
no checking,11,existing paid,radio/tv,1039,<100,<1,4,female div/dep/mar,none,2,real estate,26,none,own,1,skilled,1,none,yes,good
<0,17,existing paid,new car,1566,<100,1<=X<4,4,female div/dep/mar,none,2,life insurance,30,none,own,1,skilled,1,none,yes,good
0<=X<200,13,existing paid,radio/tv,2270,<100,1<=X<4,2,male single,none,2,car,28,none,own,1,skilled,1,none,yes,good
<0,21,existing paid,new car,2768,<100,1<=X<4,4,male single,none,1,life insurance,29,none,own,1,skilled,1,none,yes,good
no checking,19,existing paid,new car,2202,<100,>=7,4,male single,none,4,life insurance,40,none,own,2,skilled,1,none,yes,good
no checking,23,existing paid,furniture/equipment,3991,<100,1<=X<4,1,male single,none,4,car,29,none,own,1,skilled,1,none,yes,good
0<=X<200,22,existing paid,used car,4167,<100,>=7,3,male single,none,4,car,42,none,own,1,skilled,1,yes,yes,good
<0,17,all paid,furniture/equipment,1705,<100,4<=X<7,4,male single,none,4,no known property,39,none,own,1,skilled,1,none,yes,bad
no checking,32,critical/other existing credit,new car,3704,<100,1<=X<4,4,male single,none,4,real estate,40,none,own,1,skilled,1,yes,yes,good
no checking,37,existing paid,radio/tv,5243,<100,1<=X<4,4,male single,none,2,car,31,none,own,1,skilled,1,none,yes,good
no checking,17,existing paid,radio/tv,1747,<100,1<=X<4,4,female div/dep/mar,none,2,car,27,none,own,1,skilled,1,none,yes,good
no checking,15,existing paid,radio/tv,1581,<100,1<=X<4,4,male single,none,2,real estate,31,none,own,1,skilled,1,none,yes,good
0<=X<200,12,existing paid,new car,2527,<100,<1,1,male single,none,1,real estate,39,none,own,1,skilled,1,none,yes,good
0<=X<200,15,existing paid,furniture/equipment,1591,<100,>=7,4,male single,none,4,real estate,38,none,own,1,skilled,1,none,yes,good
<0,28,existing paid,furniture/equipment,4078,<100,>=7,4,male single,none,4,car,38,none,own,1,skilled,1,none,yes,good
no checking,15,critical/other existing credit,new car,1463,<100,>=7,4,male single,none,4,car,46,none,own,1,high qualif/self emp/mgmt,1,yes,yes,good
0<=X<200,41,existing paid,new car,10058,<100,4<=X<7,2,male single,none,4,no known property,35,none,own,1,skilled,1,none,yes,good
no checking,29,critical/other existing credit,radio/tv,7003,<100,>=7,3,male single,none,4,car,45,none,own,2,skilled,1,yes,yes,good
no checking,21,existing paid,furniture/equipment,3241,<100,4<=X<7,4,male single,none,2,life insurance,35,bank,own,2,skilled,1,yes,yes,good
0<=X<200,37,delayed previously,business,5014,<100,1<=X<4,2,female div/dep/mar,none,2,car,25,none,own,2,skilled,1,none,yes,good
0<=X<200,16,critical/other existing credit,new car,1834,<100,4<=X<7,4,male single,none,2,life insurance,35,none,own,2,skilled,1,none,yes,bad
no checking,10,existing paid,new car,1508,500<=X<1000,1<=X<4,4,male single,none,4,life insurance,45,none,own,1,skilled,1,none,yes,good
no checking,27,critical/other existing credit,radio/tv,4617,<100,1<=X<4,4,male single,none,2,car,27,none,own,2,skilled,1,none,yes,good
0<=X<200,11,existing paid,new car,1495,<100,1<=X<4,4,male single,none,2,car,40,none,own,1,skilled,1,none,yes,good
0<=X<200,14,existing paid,furniture/equipment,1246,<100,1<=X<4,4,male single,guarantor,1,real estate,27,none,own,1,unskilled resident,1,none,yes,good
<0,21,existing paid,furniture/equipment,3758,<100,>=7,1,male single,none,4,car,29,none,own,1,skilled,1,none,yes,good
no checking,11,existing paid,new car,1662,<100,1<=X<4,4,male single,none,2,real estate,29,none,own,1,skilled,1,none,yes,good
<0,17,existing paid,new car,3289,<100,4<=X<7,4,male single,none,4,life insurance,32,none,rent,1,skilled,1,none,yes,good
0<=X<200,33,existing paid,used car,5354,<100,4<=X<7,4,male single,none,3,car,36,none,own,1,skilled,1,yes,yes,good
<0,19,existing paid,new car,2952,<100,4<=X<7,4,male single,none,4,life insurance,35,none,own,1,skilled,1,none,yes,good
no checking,11,critical/other existing credit,radio/tv,1131,<100,1<=X<4,4,female div/dep/mar,none,2,life insurance,34,none,own,2,skilled,1,none,yes,good
no checking,21,delayed previously,radio/tv,2715,<100,>=7,4,male single,none,4,car,42,none,own,1,skilled,1,yes,yes,good
no checking,27,critical/other existing credit,used car,5231,no known savings,>=7,1,male single,none,4,no known property,51,none,own,1,skilled,1,yes,yes,good
<0,37,existing paid,furniture/equipment,4622,<100,>=7,4,male single,none,4,life insurance,40,none,own,1,skilled,1,none,yes,bad
0<=X<200,14,existing paid,radio/tv,3772,<100,<1,2,female div/dep/mar,none,2,car,30,none,own,1,skilled,1,none,yes,good
no checking,14,existing paid,furniture/equipment,1706,<100,1<=X<4,4,female div/dep/mar,none,2,car,28,none,own,1,skilled,1,none,yes,good
0<=X<200,15,existing paid,new car,2730,<100,4<=X<7,3,male single,none,2,car,29,none,own,1,skilled,1,none,yes,good
no checking,10,existing paid,new car,1896,<100,1<=X<4,1,male single,none,2,real estate,33,none,own,1,skilled,1,none,yes,good
no checking,16,existing paid,new car,1927,<100,4<=X<7,4,male single,none,4,life insurance,38,none,own,1,unskilled resident,2,none,yes,good
no checking,12,existing paid,new car,1912,<100,1<=X<4,1,male single,none,2,real estate,33,none,own,1,skilled,1,none,yes,good
no checking,12,existing paid,new car,1535,<100,1<=X<4,4,female div/dep/mar,none,2,car,24,none,rent,1,skilled,1,none,yes,good
<0,28,existing paid,furniture/equipment,4066,100<=X<500,1<=X<4,4,female div/dep/mar,none,4,car,26,none,rent,1,skilled,1,none,yes,bad
no checking,12,existing paid,domestic appliance,853,<100,<1,4,female div/dep/mar,none,1,real estate,25,none,own,1,skilled,1,none,yes,good
no checking,20,critical/other existing credit,business,3213,<100,>=7,3,male single,none,4,car,35,none,own,1,skilled,1,yes,yes,good
<0,28,existing paid,radio/tv,3964,<100,1<=X<4,4,male single,none,2,life insurance,30,none,own,1,skilled,1,yes,yes,bad
<0,26,existing paid,furniture/equipment,3652,<100,1<=X<4,1,female div/dep/mar,none,4,car,26,none,rent,2,skilled,1,none,yes,bad
no checking,19,existing paid,business,3453,<100,>=7,1,male single,none,4,car,30,none,own,1,skilled,1,yes,yes,good
no checking,10,existing paid,radio/tv,1044,<100,>=7,4,male single,none,4,real estate,45,none,own,1,skilled,1,none,yes,good
no checking,15,existing paid,radio/tv,1738,<100,<1,4,female div/dep/mar,none,2,car,25,none,own,1,skilled,1,none,yes,good
no checking,36,existing paid,radio/tv,4400,<100,1<=X<4,4,male single,none,2,real estate,33,none,own,1,skilled,1,yes,yes,good
0<=X<200,15,existing paid,new car,1724,<100,<1,4,female div/dep/mar,none,2,car,27,none,rent,2,skilled,1,none,yes,bad
no checking,15,existing paid,new car,1326,<100,1<=X<4,4,male single,none,2,real estate,27,none,own,1,skilled,1,none,yes,good
no checking,17,existing paid,furniture/equipment,3029,<100,1<=X<4,4,male single,none,4,life insurance,35,none,own,1,skilled,1,none,yes,good
no checking,15,existing paid,radio/tv,1919,<100,1<=X<4,4,female div/dep/mar,none,2,car,26,none,own,1,skilled,1,none,yes,good
0<=X<200,16,existing paid,furniture/equipment,2132,<100,>=7,4,male single,none,4,life insurance,40,none,own,1,skilled,1,none,yes,good
0<=X<200,16,existing paid,radio/tv,1709,<100,<1,4,female div/dep/mar,none,2,car,27,none,own,1,skilled,1,none,yes,bad
no checking,27,existing paid,furniture/equipment,4406,<100,1<=X<4,4,male single,none,4,car,29,none,own,1,skilled,1,none,yes,good
no checking,21,delayed previously,radio/tv,2731,<100,>=7,4,male single,none,4,car,42,none,own,1,skilled,1,yes,yes,good
<0,18,existing paid,furniture/equipment,3413,<100,1<=X<4,1,female div/dep/mar,none,4,car,26,none,own,1,skilled,1,none,yes,good
no checking,22,existing paid,radio/tv,2789,no known savings,1<=X<4,4,male single,none,4,no known property,42,none,own,1,skilled,1,yes,yes,good
<0,31,delayed previously,business,3871,<100,1<=X<4,3,female div/dep/mar,none,2,car,27,none,own,2,skilled,1,yes,yes,bad
<0,19,existing paid,furniture/equipment,3290,<100,<1,1,female div/dep/mar,none,4,car,26,none,rent,1,skilled,1,none,yes,good
no checking,24,existing paid,radio/tv,3675,<100,1<=X<4,4,male single,none,2,life insurance,32,none,own,1,skilled,1,yes,yes,good
<0,19,existing paid,business,3372,<100,1<=X<4,4,male single,none,4,life insurance,30,none,own,1,skilled,1,yes,yes,good
0<=X<200,14,existing paid,new car,1957,<100,<1,2,female div/dep/mar,none,2,real estate,26,none,own,2,skilled,1,none,yes,bad
<0,12,existing paid,new car,1040,<100,1<=X<4,4,female div/dep/mar,none,4,car,27,none,own,1,unskilled resident,1,none,yes,good
no checking,32,existing paid,used car,4144,no known savings,1<=X<4,4,male single,none,4,car,42,none,own,1,skilled,1,yes,yes,good
<0,13,existing paid,furniture/equipment,1465,no known savings,1<=X<4,4,female div/dep/mar,none,2,car,25,none,rent,1,skilled,1,none,yes,bad
no checking,10,existing paid,new car,1400,500<=X<1000,>=7,4,male single,none,4,life insurance,46,none,own,1,skilled,1,none,yes,good
no checking,9,existing paid,new car,1898,<100,1<=X<4,1,male single,none,2,real estate,39,none,rent,1,skilled,1,none,yes,good
no checking,15,critical/other existing credit,radio/tv,1455,<100,>=7,4,male single,none,4,life insurance,49,none,own,1,skilled,1,none,yes,good
0<=X<200,36,existing paid,other,9959,<100,1<=X<4,2,male single,none,3,car,34,none,own,2,high qualif/self emp/mgmt,1,yes,yes,good
0<=X<200,24,existing paid,used car,4102,no known savings,>=7,4,male single,none,4,car,43,none,own,1,skilled,1,yes,yes,good
0<=X<200,15,existing paid,radio/tv,1922,<100,1<=X<4,4,male single,none,2,car,30,none,own,1,skilled,1,none,yes,good
no checking,19,critical/other existing credit,business,3665,<100,1<=X<4,4,male single,none,2,life insurance,31,none,own,1,skilled,1,yes,yes,good
<0,19,existing paid,business,3390,<100,<1,1,female div/dep/mar,none,4,life insurance,28,none,rent,1,skilled,1,none,yes,good
no checking,17,critical/other existing credit,radio/tv,2232,<100,>=7,4,male single,none,4,car,43,none,own,1,skilled,1,yes,yes,good
0<=X<200,17,existing paid,new car,2802,<100,1<=X<4,1,female div/dep/mar,none,4,car,27,none,rent,1,skilled,1,none,yes,good
no checking,19,delayed previously,radio/tv,2636,<100,>=7,4,male single,none,4,car,45,none,own,1,skilled,1,yes,yes,good
0<=X<200,23,existing paid,used car,4155,no known savings,>=7,2,male single,none,4,no known property,45,none,own,1,skilled,1,yes,yes,good
no checking,13,existing paid,new car,1469,<100,1<=X<4,4,male single,none,2,real estate,30,none,own,1,skilled,1,none,yes,good
no checking,15,existing paid,radio/tv,1735,<100,1<=X<4,4,male mar/wid,none,2,life insurance,29,none,own,1,skilled,1,none,yes,good
0<=X<200,15,existing paid,new car,2730,<100,4<=X<7,4,male single,none,4,car,35,none,own,1,skilled,1,none,yes,good
no checking,10,existing paid,radio/tv,1366,<100,1<=X<4,1,female div/dep/mar,none,2,real estate,26,none,own,1,skilled,1,none,yes,good
<0,10,existing paid,new car,958,<100,>=7,3,male single,none,4,real estate,44,none,own,1,unskilled resident,1,none,yes,good
no checking,20,critical/other existing credit,furniture/equipment,2412,<100,>=7,4,male single,none,4,life insurance,43,none,own,1,skilled,1,yes,yes,good
0<=X<200,14,existing paid,furniture/equipment,1401,<100,1<=X<4,4,male single,none,1,life insurance,28,none,own,1,skilled,1,none,yes,good
<0,19,existing paid,new car,3055,<100,1<=X<4,1,female div/dep/mar,none,4,car,25,none,rent,1,skilled,1,none,yes,bad
<0,16,existing paid,new car,1685,<100,1<=X<4,4,female div/dep/mar,none,2,life insurance,28,none,own,1,skilled,1,none,yes,good
<0,30,existing paid,business,6319,<100,4<=X<7,2,male single,none,1,car,31,none,own,1,skilled,1,yes,yes,bad
0<=X<200,46,existing paid,radio/tv,10960,<100,4<=X<7,2,male single,none,4,no known property,35,none,own,1,skilled,1,yes,yes,good
no checking,13,existing paid,new car,1071,<100,1<=X<4,4,female div/dep/mar,none,2,real estate,25,none,own,1,skilled,1,none,yes,good
0<=X<200,15,existing paid,new car,2621,<100,4<=X<7,2,female div/dep/mar,none,3,car,29,none,own,1,skilled,1,none,yes,good
<0,9,existing paid,new car,1024,<100,>=7,3,male single,none,4,real estate,44,none,own,1,unskilled resident,1,none,yes,good
<0,28,existing paid,furniture/equipment,4647,<100,1<=X<4,2,female div/dep/mar,none,4,car,30,none,own,2,skilled,1,none,yes,bad
no checking,12,existing paid,radio/tv,1438,>=1000,>=7,4,male single,none,4,life insurance,51,none,own,1,skilled,1,none,yes,good
<0,37,critical/other existing credit,radio/tv,7479,<100,>=7,3,male single,none,4,no known property,42,none,for free,2,skilled,1,yes,yes,bad
no checking,21,existing paid,furniture/equipment,3715,<100,>=7,1,male single,none,4,car,29,none,own,1,skilled,1,none,yes,good
no checking,16,existing paid,radio/tv,1893,<100,1<=X<4,4,male single,none,2,real estate,32,none,own,2,skilled,1,none,yes,good
<0,32,existing paid,furniture/equipment,4069,<100,>=7,4,male single,none,2,car,32,none,own,1,skilled,1,none,yes,good
<0,24,existing paid,furniture/equipment,3421,<100,1<=X<4,2,female div/dep/mar,none,4,car,23,none,rent,1,skilled,1,none,yes,bad
0<=X<200,15,existing paid,new car,1432,<100,>=7,4,male single,none,4,life insurance,49,none,own,1,skilled,1,none,yes,good
0<=X<200,22,existing paid,used car,3442,no known savings,>=7,3,male single,none,4,no known property,44,none,own,1,skilled,1,yes,yes,good
no checking,10,critical/other existing credit,radio/tv,1118,<100,>=7,4,male single,none,4,car,46,none,own,1,skilled,1,none,yes,good
<0,17,critical/other existing credit,new car,2815,<100,1<=X<4,3,female div/dep/mar,none,2,real estate,29,none,own,2,skilled,1,none,yes,bad
<0,19,critical/other existing credit,furniture/equipment,1984,<100,>=7,4,male single,none,4,car,41,none,own,2,skilled,1,none,yes,bad
0<=X<200,33,existing paid,new car,5483,<100,1<=X<4,2,female div/dep/mar,none,1,car,29,none,own,2,skilled,1,none,yes,bad
<0,16,existing paid,new car,2019,<100,1<=X<4,4,male single,none,2,real estate,31,none,own,1,skilled,1,none,yes,good
<0,19,existing paid,furniture/equipment,3351,<100,<1,1,female div/dep/mar,none,4,life insurance,27,none,rent,1,skilled,1,none,yes,good
no checking,37,delayed previously,radio/tv,4742,<100,1<=X<4,2,male single,none,2,car,28,none,own,2,skilled,1,none,yes,good
0<=X<200,15,existing paid,new car,2130,<100,4<=X<7,4,male single,none,1,real estate,30,none,own,1,skilled,1,none,yes,good
0<=X<200,16,critical/other existing credit,new car,2201,<100,4<=X<7,4,male single,none,4,no known property,31,none,own,1,skilled,1,none,yes,bad
no checking,10,existing paid,new car,2117,<100,<1,1,female div/dep/mar,none,2,real estate,33,none,own,1,skilled,1,none,yes,good
<0,18,critical/other existing credit,new car,2839,<100,1<=X<4,2,female div/dep/mar,none,2,real estate,29,none,own,2,skilled,1,none,yes,bad
no checking,20,existing paid,furniture/equipment,2458,<100,>=7,4,male single,none,4,car,40,none,own,2,skilled,1,yes,yes,good
0<=X<200,36,existing paid,new car,5395,<100,<1,4,female div/dep/mar,none,4,car,26,none,own,2,skilled,1,none,yes,bad
<0,35,existing paid,furniture/equipment,4271,<100,>=7,4,male single,none,2,life insurance,37,none,own,1,skilled,1,none,yes,good
<0,13,existing paid,furniture/equipment,1307,<100,1<=X<4,3,female div/dep/mar,none,2,real estate,23,none,own,1,skilled,1,none,yes,good
no checking,10,existing paid,new car,1167,<100,>=7,4,male single,none,4,life insurance,40,none,own,1,skilled,1,none,yes,good
0<=X<200,16,existing paid,new car,2986,<100,<1,2,female div/dep/mar,none,3,car,28,none,rent,1,skilled,1,none,yes,good
no checking,16,critical/other existing credit,new car,1692,<100,<1,4,male single,none,4,car,42,none,own,1,skilled,2,none,yes,bad
no checking,18,existing paid,radio/tv,2543,no known savings,>=7,4,male single,none,4,life insurance,51,none,own,1,skilled,1,yes,yes,good
0<=X<200,15,critical/other existing credit,new car,2139,<100,1<=X<4,2,female div/dep/mar,none,2,real estate,27,none,own,2,skilled,1,none,yes,bad
<0,15,existing paid,radio/tv,1183,<100,>=7,4,male single,none,4,real estate,54,none,own,2,unskilled resident,1,none,yes,good
<0,19,critical/other existing credit,furniture/equipment,2574,<100,4<=X<7,4,male single,none,4,life insurance,36,none,own,1,skilled,1,none,yes,good
<0,15,existing paid,new car,2415,<100,<1,2,female div/dep/mar,none,2,real estate,27,none,rent,2,skilled,1,none,yes,bad
no checking,36,delayed previously,radio/tv,4951,<100,1<=X<4,2,male single,none,2,car,30,none,own,2,skilled,1,none,yes,good
no checking,9,existing paid,new car,1959,<100,>=7,1,male single,none,4,real estate,44,none,own,1,skilled,2,none,yes,good
0<=X<200,36,critical/other existing credit,business,5003,<100,1<=X<4,2,female div/dep/mar,none,2,car,27,none,own,2,skilled,1,none,yes,bad
<0,13,existing paid,furniture/equipment,1069,<100,<1,3,female div/dep/mar,none,1,real estate,27,none,own,1,skilled,1,none,yes,good
no checking,14,critical/other existing credit,radio/tv,1961,<100,>=7,4,male single,none,4,car,42,none,own,1,skilled,1,none,yes,good
no checking,17,existing paid,furniture/equipment,2694,<100,>=7,4,male single,none,4,life insurance,36,none,own,2,skilled,1,none,yes,good
no checking,12,existing paid,new car,1979,<100,1<=X<4,4,male single,none,2,real estate,33,none,own,1,skilled,1,none,yes,good
no checking,10,existing paid,new car,985,<100,<1,4,female div/dep/mar,none,2,real estate,32,none,own,1,skilled,1,none,yes,good
0<=X<200,15,existing paid,new car,2072,<100,4<=X<7,4,male single,none,2,car,34,none,own,1,skilled,1,none,yes,good
<0,16,existing paid,new car,1603,<100,<1,4,female div/dep/mar,none,2,car,25,none,own,1,skilled,1,none,yes,bad
<0,22,critical/other existing credit,new car,3973,<100,>=7,4,male single,none,4,car,55,none,own,1,skilled,1,yes,yes,good
no checking,18,existing paid,new car,1911,<100,<1,4,male single,none,4,car,44,none,own,1,skilled,1,none,yes,good
<0,22,existing paid,furniture/equipment,3809,<100,>=7,1,male single,none,4,car,27,none,rent,1,skilled,1,none,yes,good
0<=X<200,17,existing paid,furniture/equipment,2378,<100,1<=X<4,4,female div/dep/mar,none,2,car,28,none,own,1,skilled,1,none,yes,good
0<=X<200,37,existing paid,other,11112,<100,1<=X<4,2,male single,none,3,car,35,none,own,1,high qualif/self emp/mgmt,1,yes,yes,good
0<=X<200,13,existing paid,new car,1571,no known savings,>=7,4,male single,none,2,car,40,none,own,1,skilled,1,none,yes,good
0<=X<200,14,existing paid,new car,1734,<100,<1,2,female div/dep/mar,none,1,car,24,none,rent,1,skilled,1,none,yes,bad
0<=X<200,35,existing paid,new car,5567,<100,4<=X<7,2,female div/dep/mar,none,2,car,29,none,own,2,skilled,1,none,yes,bad
<0,18,existing paid,furniture/equipment,2199,<100,>=7,4,male single,none,4,life insurance,40,none,own,2,skilled,1,none,yes,good
0<=X<200,36,existing paid,radio/tv,6067,<100,1<=X<4,4,male single,none,2,car,29,none,own,1,skilled,1,none,yes,good
no checking,35,delayed previously,radio/tv,5194,<100,1<=X<4,1,male single,none,2,life insurance,30,none,own,1,skilled,1,yes,yes,bad
<0,17,all paid,furniture/equipment,1800,<100,4<=X<7,4,male single,none,4,no known property,39,none,own,1,skilled,1,none,yes,bad
0<=X<200,14,existing paid,radio/tv,1670,<100,1<=X<4,4,male single,none,2,car,31,none,own,1,skilled,1,none,yes,good
0<=X<200,37,delayed previously,business,8650,<100,1<=X<4,2,male single,none,2,car,32,none,own,2,high qualif/self emp/mgmt,1,yes,yes,good
<0,25,existing paid,used car,3949,<100,1<=X<4,1,male single,none,4,car,31,none,own,1,skilled,1,none,yes,good
0<=X<200,13,critical/other existing credit,new car,1289,<100,>=7,4,male single,none,4,car,43,none,own,1,skilled,1,none,yes,good
0<=X<200,13,existing paid,new car,1593,no known savings,1<=X<4,4,male single,none,2,car,41,none,own,1,skilled,1,none,yes,good
no checking,9,existing paid,new car,1697,<100,1<=X<4,1,male single,none,2,real estate,41,none,own,1,skilled,1,none,yes,good
0<=X<200,34,existing paid,business,8435,<100,4<=X<7,2,male single,none,2,car,31,none,own,2,skilled,1,yes,yes,good
no checking,28,existing paid,used car,4712,<100,1<=X<4,1,male single,none,4,car,28,none,own,1,skilled,1,none,yes,good
no checking,40,critical/other existing credit,used car,6147,no known savings,4<=X<7,4,male single,none,4,car,41,none,own,1,skilled,1,yes,yes,good
no checking,17,existing paid,furniture/equipment,2987,<100,>=7,4,male single,none,4,life insurance,36,none,own,1,skilled,1,none,yes,good
0<=X<200,15,existing paid,furniture/equipment,1388,<100,1<=X<4,4,male single,none,2,real estate,26,none,own,1,unskilled resident,1,none,yes,good
0<=X<200,20,existing paid,business,3623,<100,>=7,1,male single,none,4,car,30,none,own,1,skilled,1,none,yes,good
<0,20,existing paid,furniture/equipment,3191,<100,1<=X<4,3,female div/dep/mar,none,4,car,29,none,own,1,skilled,1,yes,yes,good
no checking,10,existing paid,new car,1823,<100,1<=X<4,1,male mar/wid,none,2,real estate,30,none,own,1,skilled,1,none,yes,good
no checking,16,existing paid,radio/tv,1606,<100,<1,4,female div/dep/mar,none,2,car,26,none,own,1,skilled,1,none,yes,good
no checking,26,existing paid,used car,3958,<100,1<=X<4,4,male single,none,3,car,31,none,own,1,skilled,1,none,yes,good
<0,27,existing paid,used car,4303,no known savings,1<=X<4,1,male single,none,4,car,38,none,own,1,skilled,1,yes,yes,good
0<=X<200,16,existing paid,new car,2450,<100,1<=X<4,4,female div/dep/mar,none,2,car,26,none,rent,1,skilled,1,none,yes,bad
no checking,12,existing paid,radio/tv,958,<100,<1,4,female div/dep/mar,none,4,real estate,24,none,own,1,skilled,1,none,yes,good
no checking,17,existing paid,new car,1653,<100,1<=X<4,4,male single,none,2,real estate,30,none,own,1,skilled,1,none,yes,good
no checking,14,existing paid,radio/tv,1476,500<=X<1000,>=7,4,male single,none,4,life insurance,48,none,own,1,skilled,1,yes,yes,good
0<=X<200,11,existing paid,radio/tv,879,<100,<1,4,male single,none,4,real estate,31,none,own,1,skilled,1,none,yes,good
no checking,24,existing paid,furniture/equipment,4544,no known savings,4<=X<7,2,male single,none,3,car,37,none,own,1,skilled,1,yes,yes,good
no checking,15,critical/other existing credit,new car,2132,<100,1<=X<4,2,female div/dep/mar,none,2,real estate,27,none,own,2,skilled,1,none,yes,bad
<0,11,existing paid,radio/tv,937,<100,>=7,4,male single,none,4,real estate,46,none,own,1,unskilled resident,1,none,yes,good
<0,18,existing paid,furniture/equipment,2317,<100,1<=X<4,4,female div/dep/mar,none,2,car,27,none,own,1,skilled,1,none,yes,bad
no checking,15,critical/other existing credit,new car,2312,<100,1<=X<4,2,female div/dep/mar,none,2,real estate,27,none,own,2,skilled,1,none,yes,bad
no checking,13,existing paid,radio/tv,1597,<100,1<=X<4,4,male single,none,4,real estate,38,none,own,1,skilled,1,none,yes,good
<0,33,existing paid,furniture/equipment,4632,<100,>=7,4,male single,none,2,life insurance,35,none,own,1,skilled,1,none,yes,good
<0,15,existing paid,furniture/equipment,1937,<100,1<=X<4,2,female div/dep/mar,none,2,real estate,26,none,own,1,skilled,1,none,yes,good
0<=X<200,20,critical/other existing credit,business,3480,<100,>=7,3,male single,none,4,life insurance,30,none,own,1,skilled,1,yes,yes,good
<0,31,existing paid,furniture/equipment,5227,<100,4<=X<7,2,male single,none,2,life insurance,37,none,own,1,skilled,1,none,yes,bad
no checking,20,existing paid,radio/tv,2860,<100,1<=X<4,4,male single,none,4,no known property,46,none,own,1,skilled,1,yes,yes,good
<0,16,existing paid,furniture/equipment,2185,<100,1<=X<4,4,male single,none,4,real estate,30,none,own,1,skilled,1,none,yes,good
0<=X<200,15,existing paid,radio/tv,1950,<100,1<=X<4,4,male single,none,2,car,32,none,own,1,skilled,1,none,yes,good
no checking,8,existing paid,new car,1901,<100,>=7,1,male single,none,2,real estate,37,none,own,1,skilled,1,none,yes,good
no checking,19,existing paid,radio/tv,2404,no known savings,>=7,4,male single,none,4,life insurance,42,none,own,1,skilled,1,yes,yes,good
no checking,17,existing paid,furniture/equipment,2565,<100,>=7,4,male single,none,4,life insurance,40,none,own,2,skilled,1,none,yes,good
no checking,10,existing paid,new car,1452,<100,1<=X<4,4,male single,none,2,life insurance,36,none,own,1,skilled,1,none,yes,good
no checking,15,existing paid,furniture/equipment,1528,<100,<1,4,female div/dep/mar,none,1,car,24,none,rent,1,skilled,1,none,yes,bad
0<=X<200,37,existing paid,other,9268,<100,1<=X<4,2,male single,none,3,car,37,none,own,2,high qualif/self emp/mgmt,1,yes,yes,good
no checking,16,existing paid,new car,2895,<100,1<=X<4,4,male single,none,4,life insurance,34,none,own,1,skilled,1,none,yes,good
no checking,17,critical/other existing credit,radio/tv,2054,<100,>=7,4,male single,none,4,life insurance,50,none,own,2,skilled,1,none,yes,good
<0,20,existing paid,furniture/equipment,3427,<100,>=7,1,female div/dep/mar,none,4,car,28,none,own,1,skilled,1,none,yes,good
0<=X<200,23,existing paid,used car,4351,no known savings,>=7,4,male single,none,4,no known property,41,none,own,1,skilled,1,yes,yes,good
<0,16,existing paid,radio/tv,1622,<100,<1,4,female div/dep/mar,none,2,car,25,none,own,1,skilled,1,none,yes,bad
0<=X<200,15,existing paid,radio/tv,1644,<100,1<=X<4,4,female div/dep/mar,none,2,car,26,none,own,1,skilled,1,none,yes,bad
no checking,25,existing paid,furniture/equipment,5108,no known savings,4<=X<7,2,male single,none,3,car,36,none,own,1,skilled,1,yes,yes,good
no checking,19,existing paid,radio/tv,1973,>=1000,>=7,4,male single,none,4,life insurance,44,none,own,1,skilled,1,yes,yes,good
<0,13,existing paid,new car,1115,<100,1<=X<4,4,female div/dep/mar,none,2,real estate,29,none,own,1,skilled,1,none,yes,bad
no checking,19,existing paid,new car,2858,>=1000,4<=X<7,4,male single,none,2,real estate,35,none,own,1,skilled,1,none,yes,good
no checking,18,existing paid,radio/tv,2498,<100,4<=X<7,4,male single,none,4,car,45,none,own,1,skilled,1,yes,yes,good
no checking,24,existing paid,used car,4755,no known savings,>=7,2,male single,none,4,car,38,none,own,1,skilled,1,yes,yes,good
<0,34,existing paid,furniture/equipment,4833,<100,>=7,4,male single,none,2,life insurance,32,none,own,1,skilled,1,none,yes,good
no checking,15,existing paid,furniture/equipment,1505,<100,<1,4,female div/dep/mar,none,2,car,25,none,own,1,skilled,1,none,yes,bad
<0,30,existing paid,used car,4203,no known savings,>=7,2,male single,none,4,no known property,42,none,own,1,skilled,1,yes,yes,good
no checking,17,critical/other existing credit,furniture/equipment,1970,<100,<1,4,male single,none,4,car,43,none,own,1,skilled,1,none,yes,good
no checking,19,existing paid,radio/tv,2586,<100,>=7,4,male single,none,4,no known property,49,none,own,1,skilled,1,yes,yes,good
no checking,13,critical/other existing credit,radio/tv,1515,>=1000,>=7,4,male single,none,4,car,50,none,own,1,skilled,1,none,yes,good
0<=X<200,10,existing paid,radio/tv,889,<100,4<=X<7,4,female div/dep/mar,none,2,real estate,33,none,own,1,unskilled resident,1,none,yes,good
no checking,11,critical/other existing credit,radio/tv,991,<100,>=7,4,male single,none,4,real estate,48,none,own,2,skilled,1,none,yes,good
0<=X<200,33,existing paid,used car,8181,<100,<1,2,male single,none,3,car,33,none,own,2,skilled,1,yes,yes,bad
<0,28,existing paid,new car,4595,<100,4<=X<7,2,male single,none,1,life insurance,37,none,own,1,skilled,1,none,yes,bad
no checking,10,existing paid,new car,1499,<100,1<=X<4,2,male single,none,2,real estate,44,none,own,1,skilled,1,none,yes,good
0<=X<200,14,existing paid,radio/tv,1751,<100,<1,4,female div/dep/mar,none,2,real estate,26,none,own,1,skilled,1,none,yes,bad
no checking,36,delayed previously,business,4679,<100,1<=X<4,2,male single,none,2,car,29,none,own,1,skilled,1,none,yes,good
<0,42,delayed previously,business,6694,<100,>=7,4,male single,none,4,no known property,51,none,for free,1,skilled,1,yes,yes,bad
<0,43,existing paid,new car,8166,<100,>=7,2,male single,none,4,no known property,42,none,own,1,high qualif/self emp/mgmt,1,yes,yes,good
no checking,16,existing paid,radio/tv,2317,no known savings,>=7,4,male single,none,4,no known property,46,none,own,1,skilled,1,yes,yes,good
<0,19,all paid,new car,2128,<100,4<=X<7,4,male single,none,4,no known property,38,bank,own,1,skilled,1,none,yes,bad
no checking,24,existing paid,radio/tv,3233,<100,>=7,4,male single,none,4,car,50,none,own,1,skilled,1,yes,yes,good
0<=X<200,14,existing paid,new car,2910,<100,4<=X<7,2,male single,none,3,real estate,31,none,own,1,skilled,1,none,yes,good
no checking,23,existing paid,used car,4429,no known savings,>=7,2,male single,none,4,car,40,none,own,1,skilled,1,yes,yes,good
0<=X<200,33,existing paid,used car,7906,<100,4<=X<7,2,male single,none,3,car,35,none,own,2,high qualif/self emp/mgmt,1,yes,yes,good
no checking,24,critical/other existing credit,business,3434,<100,1<=X<4,3,male single,none,4,life insurance,36,none,own,2,skilled,1,yes,yes,good
<0,22,existing paid,furniture/equipment,3274,<100,1<=X<4,3,female div/dep/mar,none,4,life insurance,26,none,rent,1,skilled,1,yes,yes,bad
<0,16,existing paid,new car,1519,<100,1<=X<4,4,male single,none,2,life insurance,30,none,own,1,skilled,1,none,yes,good
no checking,22,existing paid,furniture/equipment,2743,<100,1<=X<4,4,male single,none,4,life insurance,29,none,own,1,skilled,1,none,yes,good
<0,18,existing paid,business,4026,<100,4<=X<7,1,male single,none,1,life insurance,28,none,own,1,skilled,1,yes,yes,good
no checking,21,existing paid,new car,2440,no known savings,4<=X<7,4,male single,none,4,car,39,none,own,1,skilled,2,yes,yes,good
0<=X<200,40,existing paid,radio/tv,5583,no known savings,1<=X<4,2,male single,none,2,car,28,none,own,1,skilled,1,none,yes,good
no checking,16,existing paid,furniture/equipment,2943,<100,>=7,4,male single,none,4,car,36,none,own,1,skilled,1,none,yes,good
no checking,28,critical/other existing credit,new car,3219,<100,1<=X<4,4,male single,none,4,real estate,39,none,own,1,skilled,1,yes,yes,good
no checking,26,existing paid,radio/tv,3399,no known savings,>=7,4,male single,none,2,car,39,none,own,1,skilled,1,yes,yes,good
0<=X<200,36,delayed previously,business,8546,<100,1<=X<4,2,male single,none,2,car,29,none,own,2,skilled,1,yes,yes,good
no checking,38,critical/other existing credit,used car,5054,no known savings,>=7,4,male single,none,4,car,42,none,own,1,skilled,1,yes,yes,good
0<=X<200,21,existing paid,used car,4148,no known savings,>=7,3,male single,none,4,no known property,46,none,own,1,skilled,1,yes,yes,good
0<=X<200,14,existing paid,new car,1660,<100,<1,4,male single,none,2,car,40,none,own,1,skilled,1,none,yes,good
0<=X<200,33,existing paid,used car,6796,<100,>=7,2,male single,none,4,car,35,none,own,1,skilled,1,yes,yes,good
no checking,15,existing paid,radio/tv,1514,<100,1<=X<4,4,male mar/wid,none,4,life insurance,41,none,own,2,skilled,1,yes,yes,good
0<=X<200,12,existing paid,new car,1783,<100,1<=X<4,4,male single,none,2,car,34,none,own,1,skilled,1,none,yes,good
0<=X<200,18,existing paid,furniture/equipment,3511,<100,>=7,4,male single,none,4,life insurance,33,none,rent,1,skilled,1,yes,yes,good
no checking,22,critical/other existing credit,radio/tv,2842,<100,1<=X<4,4,male single,none,3,real estate,38,none,own,2,skilled,1,yes,yes,good
0<=X<200,39,existing paid,business,6829,<100,>=7,2,male single,none,4,no known property,45,none,own,1,high qualif/self emp/mgmt,1,yes,yes,good
no checking,15,existing paid,radio/tv,1459,<100,1<=X<4,4,male mar/wid,none,4,real estate,38,none,own,1,skilled,1,yes,yes,good
no checking,13,existing paid,radio/tv,1423,<100,1<=X<4,4,female div/dep/mar,none,2,real estate,25,none,own,1,skilled,1,none,yes,bad
no checking,17,existing paid,radio/tv,2560,<100,>=7,4,male single,none,4,life insurance,41,none,own,2,skilled,1,none,yes,good
no checking,32,critical/other existing credit,new car,3666,<100,1<=X<4,4,male single,none,4,real estate,40,none,own,1,skilled,1,yes,yes,good
<0,22,all paid,new car,2352,<100,4<=X<7,4,male single,none,4,no known property,34,bank,own,1,skilled,1,none,yes,bad
0<=X<200,37,delayed previously,business,6722,<100,1<=X<4,2,male single,none,2,car,31,none,own,2,high qualif/self emp/mgmt,1,yes,yes,bad
0<=X<200,13,existing paid,radio/tv,1881,<100,1<=X<4,4,male single,none,2,car,34,none,own,1,skilled,1,none,yes,good
0<=X<200,26,existing paid,used car,4183,no known savings,1<=X<4,4,male single,none,4,no known property,45,none,own,1,skilled,1,yes,yes,good
<0,22,existing paid,furniture/equipment,4192,<100,1<=X<4,2,male div/sep,none,1,life insurance,33,none,own,1,skilled,1,none,yes,bad
0<=X<200,48,existing paid,radio/tv,11431,100<=X<500,4<=X<7,2,male single,none,2,no known property,34,none,own,1,skilled,1,yes,yes,good
<0,13,existing paid,new car,1020,<100,1<=X<4,3,female div/dep/mar,none,4,real estate,27,none,own,1,skilled,1,none,yes,bad
<0,37,critical/other existing credit,radio/tv,8214,<100,>=7,3,male single,none,4,no known property,44,none,own,2,skilled,1,yes,yes,bad
0<=X<200,16,existing paid,radio/tv,1698,<100,<1,4,female div/dep/mar,none,2,real estate,27,none,own,1,skilled,1,none,yes,bad
<0,17,existing paid,new car,2796,<100,4<=X<7,3,male single,none,1,real estate,28,none,own,1,skilled,1,none,yes,good
no checking,13,existing paid,radio/tv,1280,<100,1<=X<4,4,male mar/wid,none,2,real estate,27,none,own,1,skilled,1,none,yes,good
0<=X<200,15,existing paid,new car,1538,<100,1<=X<4,4,male single,none,2,car,41,none,own,1,skilled,1,none,yes,bad
no checking,21,delayed previously,radio/tv,2727,<100,>=7,4,male single,none,4,car,41,none,own,1,skilled,1,yes,yes,good
no checking,30,existing paid,used car,4476,no known savings,1<=X<4,4,male single,none,2,car,32,none,own,1,skilled,1,none,yes,good
0<=X<200,44,existing paid,new car,9353,<100,4<=X<7,2,male single,none,2,no known property,30,none,own,1,skilled,1,yes,yes,bad
no checking,10,existing paid,radio/tv,1384,<100,>=7,4,male single,none,4,real estate,51,none,own,1,skilled,1,none,yes,good
0<=X<200,20,existing paid,business,3291,<100,>=7,1,male single,none,4,car,31,none,own,1,skilled,1,yes,yes,good
0<=X<200,26,existing paid,radio/tv,3774,no known savings,>=7,4,male single,none,4,car,39,none,own,1,skilled,1,yes,yes,good
no checking,29,existing paid,used car,4029,<100,1<=X<4,4,male single,none,4,car,32,none,own,1,skilled,1,none,yes,good
0<=X<200,11,existing paid,new car,1923,<100,1<=X<4,4,male single,none,2,car,38,none,own,1,skilled,1,none,yes,good
0<=X<200,35,existing paid,other,8221,<100,1<=X<4,2,male single,none,3,car,31,none,own,2,skilled,1,yes,yes,bad
no checking,20,existing paid,business,3337,<100,>=7,3,male single,none,4,car,30,none,own,1,skilled,1,yes,yes,good
0<=X<200,14,existing paid,radio/tv,1632,<100,<1,4,female div/dep/mar,none,2,car,24,none,own,1,skilled,1,none,yes,bad
0<=X<200,40,existing paid,other,10400,<100,4<=X<7,2,male single,none,2,car,33,none,own,1,skilled,1,none,yes,good
0<=X<200,22,existing paid,furniture/equipment,2986,<100,1<=X<4,2,female div/dep/mar,none,4,life insurance,28,none,own,1,skilled,1,yes,yes,good
0<=X<200,37,existing paid,radio/tv,5667,<100,1<=X<4,2,female div/dep/mar,none,2,car,27,none,own,2,skilled,1,none,yes,good
no checking,35,delayed previously,business,6397,<100,1<=X<4,2,male single,none,2,car,31,none,own,2,skilled,1,yes,yes,bad
no checking,10,existing paid,new car,1391,<100,1<=X<4,4,male single,none,4,real estate,47,none,own,1,unskilled resident,1,none,yes,good
<0,16,critical/other existing credit,furniture/equipment,1574,<100,4<=X<7,4,male single,none,4,car,39,none,own,2,skilled,1,none,yes,bad
0<=X<200,15,existing paid,new car,2753,<100,4<=X<7,2,male single,none,3,car,29,none,own,1,skilled,1,none,yes,good
0<=X<200,39,existing paid,business,7781,<100,1<=X<4,2,male single,none,2,car,28,none,own,2,skilled,1,none,yes,bad
0<=X<200,38,existing paid,furniture/equipment,4665,no known savings,1<=X<4,4,male single,none,2,car,27,none,own,1,skilled,1,none,yes,bad
no checking,38,existing paid,radio/tv,5200,no known savings,1<=X<4,4,male single,none,2,car,39,none,own,1,skilled,1,none,yes,good
