Length,Diameter,Height,Whole.weight,Shucked.weight,Viscera.weight,Shell.weight,Rings,tst_cat
0.455,0.365,0.095,0.514,0.2245,0.101,0.15,15,M
0.53,0.42,0.135,0.677,0.2565,0.1415,0.21,9,I
0.33,0.255,0.08,0.205,0.0895000000000002,0.0395000000000001,0.0550000000000002,7,I
0.53,0.415,0.15,0.7775,0.237,0.1415,0.33,20,I
0.475,0.37,0.125,0.5095,0.2165,0.1125,0.165,9,M
0.55,0.44,0.15,0.8945,0.3145,0.151,0.32,19,I
0.5,0.4,0.13,0.6645,0.258,0.133,0.24,12,M
0.44,0.34,0.1,0.451,0.188,0.087,0.13,10,I
0.365,0.295,0.08,0.2555,0.0970000000000001,0.043,0.1,7,M
0.45,0.32,0.1,0.381,0.1705,0.075,0.115,9,M
0.355,0.28,0.095,0.2455,0.0955,0.0620000000000001,0.0750000000000001,11,M
0.615,0.48,0.165,1.1615,0.513,0.301,0.305,10,I
0.56,0.44,0.14,0.9285,0.3825,0.188,0.3,11,I
0.59,0.445,0.14,0.931,0.356,0.234,0.28,12,M
0.605,0.475,0.18,0.9365,0.394,0.219,0.295,15,M
0.575,0.425,0.14,0.8635,0.393,0.227,0.2,11,M
0.665,0.525,0.165,1.338,0.5515,0.3575,0.35,18,M
0.68,0.55,0.175,1.798,0.815,0.3925,0.455,19,I
0.54,0.475,0.155,1.217,0.5305,0.3075,0.34,16,I
0.55,0.425,0.135,0.8515,0.362,0.196,0.27,14,I
0.47,0.37,0.12,0.5795,0.293,0.227,0.14,9,M
0.525,0.425,0.16,0.8355,0.3545,0.2135,0.245,9,I
0.5,0.4,0.14,0.6615,0.2565,0.1755,0.22,8,I
0.245,0.19,0.06,0.0860000000000005,0.0420000000000003,0.0140000000000001,0.0250000000000002,4,I
0.31,0.235,0.07,0.151000000000001,0.0630000000000002,0.0405,0.0450000000000001,6,I
0.555,0.425,0.13,0.7665,0.264,0.168,0.275,13,M
0.595,0.475,0.17,1.247,0.48,0.225,0.425,20,I
0.6,0.475,0.15,1.0075,0.4425,0.221,0.28,15,I
0.6,0.47,0.15,0.922,0.363,0.194,0.305,10,I
0.52,0.425,0.165,0.9885,0.396,0.225,0.32,16,I
0.58,0.45,0.14,1.013,0.38,0.216,0.36,14,M
0.625,0.465,0.14,1.195,0.4825,0.205,0.4,13,M
0.46,0.355,0.13,0.517,0.2205,0.114,0.165,9,I
0.575,0.45,0.16,0.9775,0.3135,0.231,0.33,12,I
0.565,0.425,0.135,0.8115,0.341,0.1675,0.255,15,M
0.555,0.44,0.15,0.755,0.307,0.1525,0.26,12,M
0.625,0.495,0.165,1.262,0.507,0.318,0.39,10,I
0.695,0.56,0.19,1.494,0.588,0.3425,0.485,15,M
0.665,0.535,0.195,1.606,0.5755,0.388,0.48,14,M
0.535,0.435,0.15,0.725,0.269,0.1385,0.25,9,M
0.47,0.37,0.13,0.5225,0.201,0.133,0.165,7,M
0.475,0.375,0.125,0.5785,0.2775,0.085,0.155,10,I
0.55,0.435,0.145,0.843,0.328,0.1915,0.255,15,M
0.5,0.4,0.125,0.6675,0.261,0.1315,0.22,10,I
0.435,0.395,0.105,0.3635,0.136,0.098,0.13,9,I
0.435,0.32,0.08,0.3325,0.1485,0.0635,0.105,9,I
0.545,0.41,0.125,0.6935,0.2975,0.146,0.21,11,I
0.405,0.305,0.085,0.2605,0.1145,0.0595,0.0850000000000001,8,M
0.385,0.29,0.085,0.2505,0.112,0.0610000000000001,0.0800000000000002,8,I
0.595,0.48,0.165,1.262,0.4835,0.283,0.41,17,M
0.44,0.35,0.125,0.4035,0.175,0.0630000000000001,0.129,9,I
0.35,0.26,0.095,0.211,0.0860000000000001,0.056,0.0680000000000001,7,I
0.55,0.45,0.145,0.741,0.295,0.1435,0.2665,10,I
0.65,0.52,0.19,1.3445,0.519,0.306,0.4465,16,M
0.475,0.375,0.13,0.5175,0.2075,0.1165,0.17,10,M
0.175,0.130000000000001,0.055,0.0315000000000004,0.0105000000000003,0.00650000000000006,0.0125000000000002,5,I
0.605,0.485,0.16,1.0565,0.37,0.2355,0.355,10,I
0.575,0.46,0.19,0.994,0.392,0.2425,0.34,13,I
0.575,0.46,0.165,1.124,0.2985,0.1785,0.44,13,I
0.725,0.575,0.175,2.124,0.765,0.4515,0.85,20,I
0.695,0.55,0.215,1.9565,0.7125,0.541,0.59,14,M
0.53,0.395,0.145,0.775,0.308,0.169,0.255,7,I
0.525,0.435,0.155,1.065,0.486,0.233,0.285,8,M
0.315,0.245,0.085,0.1435,0.053,0.0475,0.0500000000000001,8,I
0.58,0.475,0.15,0.97,0.385,0.2165,0.35,11,M
0.57,0.48,0.18,0.9395,0.399,0.2,0.295,14,M
0.645,0.51,0.2,1.5675,0.621,0.367,0.46,12,I
0.62,0.49,0.19,1.218,0.5455,0.2965,0.355,13,M
0.355,0.275,0.085,0.22,0.0920000000000002,0.06,0.15,8,I
0.5,0.405,0.155,0.772,0.346,0.1535,0.245,12,M
0.505,0.41,0.15,0.644,0.285,0.145,0.21,11,I
0.585,0.46,0.185,0.922,0.3635,0.213,0.285,10,M
0.42,0.335,0.115,0.369,0.171,0.0710000000000001,0.12,8,M
0.4,0.3,0.11,0.315,0.109,0.067,0.12,9,I
0.435,0.34,0.11,0.3795,0.1495,0.0850000000000001,0.12,8,I
0.335,0.25,0.09,0.181,0.0755000000000002,0.0415000000000001,0.0600000000000001,7,M
0.45,0.35,0.13,0.46,0.174,0.111,0.135,8,M
0.47,0.36,0.135,0.501,0.1665,0.115,0.165,10,M
0.47,0.35,0.145,0.5175,0.187,0.1235,0.18,11,I
0.365,0.27,0.085,0.205000000000001,0.0780000000000002,0.0485,0.0700000000000001,7,I
0.53,0.415,0.16,0.783,0.2935,0.158,0.245,15,I
0.555,0.445,0.135,0.836,0.336,0.1625,0.275,13,M
0.565,0.44,0.175,0.9025,0.31,0.193,0.325,14,M
0.275,0.215,0.075,0.1155,0.0485000000000002,0.029,0.0350000000000001,7,I
0.295,0.225,0.08,0.124,0.0485000000000002,0.032,0.0400000000000002,9,I
0.0750000000000002,0.0550000000000005,0.01,0.00200000000000033,0.00100000000000028,0.000500000000000139,0.00150000000000014,1,I
0.27,0.2,0.07,0.100000000000001,0.0340000000000003,0.0245000000000001,0.0350000000000001,5,I
0.32,0.245,0.08,0.1585,0.0635000000000001,0.0325,0.0500000000000001,13,I
0.36,0.275,0.085,0.1975,0.0745000000000001,0.0415,0.0700000000000001,9,I
0.345,0.27,0.11,0.2135,0.0820000000000002,0.0545,0.0700000000000001,7,I
0.59,0.47,0.18,1.1235,0.4205,0.2805,0.36,13,M
0.56,0.45,0.185,1.07,0.3805,0.175,0.41,19,M
0.545,0.46,0.16,0.8975,0.341,0.1655,0.345,10,M
0.46,0.38,0.13,0.639,0.3,0.1525,0.16,11,I
0.35,0.275,0.11,0.2925,0.1225,0.0635,0.0905000000000001,8,M
0.47,0.39,0.15,0.6355,0.2185,0.0885,0.255,9,M
0.45,0.36,0.125,0.4995,0.2035,0.1,0.17,13,I
0.59,0.5,0.2,1.187,0.412,0.2705,0.37,16,M
0.62,0.485,0.205,1.219,0.3875,0.2505,0.385,14,M
0.63,0.515,0.155,1.259,0.4105,0.197,0.41,13,M
0.66,0.53,0.185,1.3485,0.493,0.245,0.49,12,I
0.61,0.5,0.24,1.642,0.532,0.3345,0.69,18,M
0.515,0.38,0.175,0.9565,0.325,0.158,0.31,14,M
0.44,0.355,0.125,0.4775,0.132,0.0815,0.19,9,M
0.54,0.435,0.18,0.996,0.3835,0.226,0.325,17,M
0.6,0.495,0.195,1.0575,0.384,0.19,0.375,26,M
0.295,0.215,0.085,0.128000000000001,0.0490000000000003,0.0340000000000001,0.0400000000000002,6,I
0.28,0.21,0.085,0.106500000000001,0.0390000000000003,0.0295000000000001,0.0300000000000001,4,I
0.405,0.305,0.095,0.3485,0.1455,0.0895,0.1,9,I
0.47,0.36,0.13,0.472,0.182,0.114,0.15,10,I
0.2,0.145,0.06,0.0370000000000005,0.0125000000000002,0.00950000000000004,0.0110000000000002,4,I
0.645,0.515,0.24,1.5415,0.471,0.369,0.535,13,M
0.57,0.435,0.145,0.9055,0.3925,0.2355,0.275,10,M
0.56,0.44,0.14,0.971,0.443,0.2045,0.265,14,M
0.595,0.455,0.195,1.3305,0.4595,0.3235,0.345,19,M
0.62,0.47,0.2,1.2255,0.381,0.27,0.435,23,I
0.33,0.255,0.095,0.172,0.0660000000000002,0.0255000000000001,0.0600000000000001,6,I
0.335,0.265,0.105,0.222,0.0935000000000002,0.0560000000000001,0.0750000000000001,7,M
0.36,0.28,0.09,0.2255,0.0885,0.04,0.0900000000000001,8,I
0.4,0.325,0.12,0.3185,0.134,0.0565000000000001,0.0950000000000001,8,I
0.3,0.22,0.08,0.121,0.0475000000000003,0.0420000000000001,0.0350000000000001,5,I
0.235,0.175,0.04,0.0705000000000005,0.0335000000000003,0.015,0.0200000000000002,5,I
0.6,0.475,0.19,1.0875,0.403,0.2655,0.325,14,M
0.62,0.51,0.205,1.3475,0.4775,0.2565,0.48,14,I
0.62,0.465,0.185,1.274,0.579,0.3065,0.32,12,M
0.375,0.305,0.115,0.2715,0.0920000000000002,0.0740000000000001,0.0900000000000001,8,I
0.585,0.45,0.17,0.8685,0.3325,0.1635,0.27,22,I
0.57,0.46,0.14,0.9535,0.4465,0.2065,0.245,12,M
0.635,0.515,0.17,1.275,0.509,0.286,0.34,16,M
0.7,0.58,0.205,2.13,0.7415,0.49,0.58,20,M
0.675,0.525,0.185,1.587,0.6935,0.336,0.395,13,M
0.745,0.585,0.215,2.499,0.9265,0.472,0.7,17,M
0.59,0.465,0.15,0.997,0.392,0.246,0.34,12,I
0.65,0.525,0.175,1.4225,0.61,0.2995,0.445,20,I
0.62,0.5,0.175,1.186,0.4985,0.3015,0.35,12,I
0.63,0.49,0.19,1.1775,0.4935,0.3365,0.285,11,M
0.565,0.465,0.175,0.995,0.3895,0.183,0.37,15,M
0.535,0.42,0.145,0.791,0.33,0.189,0.25,10,M
0.545,0.425,0.135,0.8445,0.373,0.21,0.235,10,M
0.49,0.42,0.125,0.609,0.239,0.1435,0.22,14,M
0.465,0.375,0.12,0.471,0.222,0.119,0.14,9,I
0.475,0.375,0.125,0.593,0.277,0.115,0.18,10,M
0.47,0.375,0.125,0.5615,0.252,0.137,0.18,10,I
0.365,0.295,0.095,0.25,0.1075,0.0545,0.0800000000000002,9,I
0.39,0.31,0.1,0.302,0.116,0.064,0.115,11,I
0.47,0.38,0.145,0.5865,0.2385,0.144,0.185,8,M
0.535,0.44,0.15,0.6765,0.256,0.139,0.26,12,M
0.485,0.365,0.12,0.5885,0.27,0.131,0.175,9,I
0.515,0.455,0.135,0.7225,0.295,0.1625,0.235,9,M
0.515,0.415,0.14,0.6935,0.3115,0.152,0.2,10,I
0.45,0.355,0.115,0.479,0.2125,0.1045,0.15,8,M
0.62,0.47,0.14,1.0325,0.3605,0.224,0.36,15,I
0.545,0.41,0.14,0.625,0.223,0.16,0.235,13,M
0.61,0.485,0.165,1.0915,0.3935,0.2435,0.33,18,I
0.575,0.45,0.17,1.0475,0.3775,0.1705,0.385,18,I
0.57,0.45,0.175,0.9555,0.38,0.1665,0.295,18,I
0.565,0.455,0.17,0.9065,0.342,0.156,0.32,18,M
0.36,0.275,0.095,0.217,0.0840000000000002,0.0435,0.0900000000000001,7,I
0.5,0.415,0.165,0.6885,0.249,0.138,0.25,13,M
0.36,0.275,0.11,0.2335,0.0950000000000001,0.0525,0.0850000000000001,10,I
0.565,0.455,0.185,0.9265,0.354,0.1575,0.375,16,M
0.605,0.5,0.175,1.098,0.4765,0.232,0.375,12,M
0.565,0.455,0.15,0.8205,0.365,0.159,0.26,18,I
0.665,0.555,0.195,1.4385,0.581,0.354,0.36,17,I
0.415,0.31,0.11,0.2965,0.123,0.0570000000000001,0.0995000000000001,10,I
0.38,0.285,0.1,0.2665,0.115,0.061,0.0750000000000001,11,M
0.585,0.465,0.17,0.9915,0.3865,0.224,0.265,12,I
0.22,0.165,0.055,0.0545000000000004,0.0215000000000002,0.0120000000000001,0.0200000000000002,5,I
0.175,0.125000000000001,0.05,0.0235000000000004,0.00800000000000017,0.00350000000000009,0.00800000000000009,5,I
0.515,0.405,0.12,0.646,0.2895,0.1405,0.177,10,I
0.43,0.34,0.12,0.3575,0.151,0.0645000000000001,0.1045,9,I
0.545,0.415,0.16,0.7715,0.272,0.1455,0.2765,10,I
0.465,0.35,0.115,0.421,0.1565,0.0910000000000001,0.1345,9,I
0.575,0.4,0.155,0.9325,0.3605,0.2445,0.3,17,M
0.58,0.46,0.13,0.921,0.357,0.181,0.29,13,M
0.655,0.51,0.155,1.2895,0.5345,0.2855,0.41,11,I
0.615,0.525,0.155,1.0385,0.427,0.2315,0.345,11,I
0.58,0.44,0.18,0.854,0.3665,0.1635,0.245,12,I
0.6,0.505,0.19,1.129,0.4385,0.256,0.36,13,I
0.625,0.485,0.19,1.1745,0.4385,0.2305,0.42,17,I
0.56,0.46,0.235,0.8395,0.3325,0.157,0.305,12,M
0.455,0.35,0.14,0.5185,0.221,0.1265,0.135,10,I
0.31,0.22,0.085,0.146,0.0610000000000002,0.0365000000000001,0.0450000000000002,6,M
0.28,0.2,0.08,0.0915000000000007,0.0330000000000003,0.0215000000000001,0.0300000000000001,5,M
0.2,0.140000000000001,0.055,0.0350000000000003,0.0145000000000002,0.00800000000000006,0.0100000000000002,5,M
0.155,0.11,0.04,0.0155000000000007,0.00650000000000028,0.00300000000000011,0.00500000000000014,3,M
0.57,0.445,0.155,0.733,0.282,0.159,0.235,14,I
0.47,0.37,0.12,0.4705,0.1845,0.1055,0.155,12,I
0.47,0.37,0.14,0.4985,0.2095,0.1225,0.145,10,I
0.275,0.205,0.07,0.0940000000000004,0.0335000000000001,0.02,0.0325000000000001,5,M
0.375,0.29,0.115,0.2705,0.0930000000000001,0.0660000000000001,0.0885000000000001,10,I
0.44,0.355,0.115,0.415,0.1585,0.0925,0.131,11,I
0.445,0.35,0.115,0.3615,0.1565,0.0695000000000001,0.117,8,M
0.255,0.195,0.065,0.0800000000000002,0.0315000000000002,0.018,0.0270000000000001,8,M
0.205,0.155,0.045,0.0425000000000003,0.0170000000000002,0.00550000000000003,0.0155000000000001,7,M
0.565,0.45,0.16,0.795,0.3605,0.1555,0.23,12,I
0.555,0.425,0.18,0.875,0.3695,0.2005,0.255,11,I
0.52,0.4,0.145,0.66,0.267,0.1055,0.22,13,I
0.545,0.415,0.15,0.7335,0.2795,0.163,0.2185,11,I
0.45,0.35,0.14,0.474,0.21,0.109,0.1275,16,I
0.45,0.345,0.135,0.443,0.1975,0.0875,0.1175,14,I
0.61,0.475,0.15,0.9665,0.4145,0.2,0.345,10,I
0.56,0.425,0.14,0.9175,0.4005,0.1975,0.26,10,I
0.625,0.49,0.175,1.233,0.5565,0.247,0.365,11,I
0.46,0.355,0.14,0.4935,0.216,0.133,0.115,13,I
0.45,0.335,0.14,0.4625,0.164,0.076,0.15,14,M
0.535,0.42,0.15,0.6995,0.2575,0.153,0.24,12,M
0.575,0.455,0.18,0.8525,0.3015,0.1825,0.3,13,I
0.55,0.43,0.14,0.7135,0.2565,0.186,0.225,9,I
0.605,0.495,0.145,1.054,0.369,0.2255,0.36,12,I
0.515,0.39,0.14,0.5555,0.2,0.1135,0.2235,12,I
0.35,0.265,0.09,0.1775,0.0575000000000001,0.042,0.0680000000000001,12,M
0.325,0.24,0.075,0.155,0.0475000000000001,0.0355000000000001,0.0600000000000001,9,M
0.45,0.35,0.145,0.525,0.2085,0.1,0.1655,15,I
0.32,0.24,0.085,0.17,0.0655000000000002,0.0470000000000001,0.0490000000000001,7,M
0.345,0.255,0.08,0.169000000000001,0.0600000000000003,0.0425,0.0540000000000002,10,M
0.485,0.38,0.14,0.673,0.2175,0.13,0.195,18,I
0.5,0.385,0.115,0.6785,0.2945,0.138,0.195,12,I
0.465,0.36,0.105,0.498,0.214,0.116,0.14,15,I
0.425,0.335,0.095,0.322,0.1205,0.061,0.125,10,I
0.38,0.305,0.095,0.281500000000001,0.1255,0.0525,0.0900000000000001,8,I
0.46,0.365,0.125,0.467,0.1895,0.0945,0.158,10,M
0.47,0.36,0.13,0.5225,0.198,0.1065,0.165,9,I
0.36,0.295,0.1,0.2105,0.0660000000000001,0.0525,0.075,9,M
0.38,0.235,0.1,0.258,0.1055,0.054,0.0800000000000001,7,M
0.44,0.345,0.12,0.487,0.1965,0.108,0.16,14,I
0.45,0.34,0.13,0.3715,0.1605,0.0795000000000001,0.105,9,M
0.48,0.375,0.145,0.777,0.216,0.13,0.17,9,M
0.46,0.35,0.12,0.4885,0.193,0.105,0.155,11,I
0.555,0.435,0.165,0.97,0.336,0.2315,0.295,17,I
0.58,0.49,0.195,1.3165,0.5305,0.254,0.41,18,I
0.38,0.305,0.105,0.281,0.1045,0.0615,0.0900000000000001,12,I
0.45,0.355,0.12,0.412,0.1145,0.0665,0.16,19,I
0.395,0.295,0.095,0.2245,0.0780000000000002,0.054,0.0800000000000002,10,I
0.455,0.35,0.12,0.4835,0.1815,0.144,0.16,11,M
0.485,0.38,0.15,0.605,0.2155,0.14,0.18,15,I
0.475,0.385,0.145,0.6175,0.235,0.108,0.215,14,M
0.5,0.38,0.155,0.655,0.2405,0.143,0.205,17,I
0.49,0.39,0.15,0.573,0.225,0.124,0.17,21,M
0.37,0.275,0.1,0.2225,0.0930000000000003,0.026,0.0800000000000002,8,I
0.435,0.325,0.115,0.3915,0.154,0.0940000000000001,0.12,7,I
0.535,0.405,0.185,0.8345,0.3175,0.1725,0.29,16,M
0.51,0.4,0.14,0.6515,0.2455,0.1665,0.185,10,M
0.565,0.44,0.185,0.909,0.344,0.2325,0.255,15,M
0.535,0.4,0.15,0.8045,0.3345,0.2125,0.21,13,I
0.535,0.405,0.125,0.927,0.26,0.1425,0.345,16,I
0.59,0.44,0.15,0.9555,0.366,0.2425,0.295,11,M
0.5,0.375,0.15,0.636,0.2535,0.145,0.19,10,M
0.255,0.19,0.075,0.0865000000000005,0.0345000000000003,0.0205000000000001,0.0250000000000002,5,I
0.155,0.105,0.05,0.0175000000000004,0.00500000000000034,0.00350000000000006,0.00500000000000012,4,I
0.445,0.33,0.105,0.4525,0.18,0.103,0.123,9,I
0.4,0.3,0.125,0.417,0.191,0.09,0.1175,9,M
0.315,0.25,0.09,0.203,0.0615000000000001,0.037,0.0795000000000001,11,M
0.355,0.265,0.085,0.201000000000001,0.0690000000000001,0.053,0.0695000000000001,8,M
0.25,0.19,0.06,0.0765000000000006,0.0360000000000001,0.0115000000000001,0.0245000000000002,6,I
0.16,0.11,0.0250000000000001,0.0180000000000004,0.00650000000000023,0.00550000000000003,0.00500000000000014,3,I
0.555,0.44,0.15,1.092,0.416,0.212,0.4405,15,M
0.525,0.41,0.13,0.99,0.3865,0.243,0.295,15,M
0.49,0.36,0.11,0.5005,0.161,0.107,0.195,17,I
0.4,0.305,0.085,0.297,0.108,0.0705,0.1,10,M
0.48,0.375,0.105,0.525,0.2185,0.1195,0.155,12,I
0.545,0.42,0.13,0.879,0.374,0.1695,0.23,13,M
0.505,0.38,0.13,0.656,0.227,0.1785,0.22,13,M
0.51,0.39,0.125,0.6565,0.262,0.1835,0.175,10,M
0.52,0.385,0.115,0.669,0.2385,0.172,0.205,12,M
0.53,0.42,0.13,1.001,0.34,0.226,0.265,17,I
0.52,0.385,0.14,0.6595,0.2485,0.2035,0.16,9,M
0.535,0.42,0.13,0.8055,0.301,0.181,0.28,14,M
0.695,0.515,0.175,1.5165,0.578,0.4105,0.39,15,M
0.51,0.39,0.105,0.612,0.187,0.15,0.195,13,I
0.605,0.46,0.17,1.122,0.347,0.3045,0.315,13,I
0.58,0.455,0.165,1.1365,0.369,0.3005,0.275,13,I
0.57,0.43,0.12,1.0615,0.348,0.167,0.31,15,M
0.585,0.405,0.15,1.2565,0.435,0.202,0.325,15,M
0.55,0.44,0.155,0.946,0.313,0.1825,0.335,16,I
0.61,0.47,0.145,1.153,0.403,0.296,0.32,14,I
0.59,0.445,0.13,1.1325,0.3825,0.234,0.32,13,I
0.345,0.27,0.095,0.197,0.0665,0.05,0.0700000000000001,9,M
0.55,0.43,0.155,0.785,0.289,0.227,0.233,11,I
0.53,0.425,0.17,0.949,0.3485,0.2395,0.278,17,I
0.485,0.375,0.14,0.521,0.2,0.123,0.17,8,I
0.455,0.34,0.135,0.462,0.1675,0.158,0.12,9,M
0.49,0.38,0.14,0.7605,0.245,0.167,0.185,10,M
0.49,0.38,0.14,0.6385,0.2305,0.142,0.195,13,M
0.465,0.35,0.14,0.5755,0.2015,0.1505,0.19,15,M
0.515,0.435,0.145,0.8815,0.292,0.206,0.255,10,M
0.515,0.39,0.13,0.5755,0.1975,0.13,0.1845,9,I
0.495,0.385,0.135,0.709,0.211,0.1375,0.262,12,M
0.575,0.45,0.165,0.9215,0.3275,0.225,0.256,12,M
0.46,0.34,0.135,0.495,0.1655,0.117,0.185,10,M
0.45,0.335,0.125,0.349,0.119,0.1055,0.115,10,M
0.37,0.275,0.1,0.22,0.0940000000000003,0.045,0.0650000000000001,7,I
0.44,0.34,0.13,0.4195,0.153,0.1155,0.13,10,I
0.49,0.365,0.13,0.6835,0.165,0.1315,0.205,21,I
0.38,0.275,0.095,0.137500000000001,0.0860000000000001,0.0585000000000001,0.0605000000000002,7,I
0.385,0.3,0.1,0.2895,0.1215,0.0630000000000001,0.0900000000000001,7,I
0.4,0.31,0.1,0.306,0.13,0.0600000000000001,0.0940000000000001,6,I
0.445,0.325,0.1,0.378,0.1795,0.1,0.0890000000000001,7,I
0.485,0.355,0.105,0.498,0.2175,0.096,0.1525,9,I
0.5,0.4,0.125,0.5975,0.27,0.1275,0.166,9,M
0.54,0.405,0.125,0.891,0.4815,0.1915,0.202,9,M
0.55,0.43,0.125,0.923,0.4035,0.175,0.283,8,I
0.555,0.435,0.145,0.9685,0.4985,0.168,0.2385,9,M
0.565,0.45,0.155,1.0595,0.4735,0.24,0.265,10,M
0.57,0.455,0.15,0.952,0.3895,0.2155,0.2745,9,M
0.57,0.435,0.13,0.7535,0.349,0.1755,0.194,10,M
0.595,0.48,0.15,1.11,0.498,0.228,0.33,10,I
0.595,0.475,0.16,1.1405,0.547,0.231,0.271,6,I
0.615,0.52,0.15,1.3435,0.629,0.2605,0.345,10,I
0.615,0.51,0.15,1.296,0.545,0.3315,0.32,9,M
0.615,0.505,0.165,1.34,0.5315,0.2815,0.41,12,M
0.655,0.52,0.165,1.4095,0.586,0.291,0.405,9,M
0.655,0.58,0.205,2.0805,0.959,0.3415,0.601,17,M
0.66,0.53,0.17,1.3905,0.5905,0.212,0.453,15,M
0.66,0.52,0.19,1.558,0.755,0.298,0.4,10,M
0.675,0.525,0.17,1.8095,0.784,0.391,0.455,12,I
0.73,0.595,0.23,2.8255,1.1465,0.419,0.896999999999999,17,M
0.24,0.175,0.065,0.0665000000000002,0.0310000000000001,0.0135000000000001,0.0170000000000001,3,I
0.255,0.18,0.055,0.0830000000000004,0.0310000000000003,0.0215000000000001,0.0200000000000002,4,I
0.305,0.22,0.07,0.141,0.0620000000000002,0.0310000000000001,0.0370000000000001,5,I
0.315,0.235,0.075,0.148500000000001,0.0585000000000002,0.0375000000000001,0.0425000000000002,6,I
0.315,0.23,0.07,0.144,0.053,0.0305000000000001,0.0400000000000001,8,I
0.325,0.24,0.075,0.187,0.0825000000000002,0.0445000000000001,0.0500000000000002,6,I
0.34,0.25,0.075,0.1785,0.0665000000000002,0.0455,0.0450000000000001,5,I
0.42,0.32,0.115,0.376,0.169,0.092,0.1,5,I
0.43,0.325,0.09,0.425,0.217,0.087,0.0950000000000001,7,I
0.435,0.34,0.115,0.3925,0.1825,0.0780000000000001,0.1145,6,I
0.44,0.345,0.13,0.4495,0.209,0.0835000000000001,0.134,6,I
0.45,0.36,0.13,0.478,0.191,0.127,0.137,7,I
0.45,0.355,0.105,0.4445,0.197,0.093,0.1335,8,I
0.45,0.345,0.11,0.470000000000001,0.2355,0.0855000000000001,0.1135,7,I
0.45,0.335,0.105,0.447,0.2335,0.153,0.119,7,I
0.465,0.365,0.115,0.467,0.2315,0.0925000000000001,0.113,7,I
0.465,0.37,0.115,0.534,0.261,0.098,0.143,7,I
0.465,0.345,0.11,0.4415,0.1755,0.0905000000000001,0.12,7,I
0.47,0.365,0.12,0.612,0.327,0.15,0.14,8,M
0.47,0.365,0.12,0.582,0.29,0.092,0.146,8,I
0.475,0.37,0.125,0.537,0.222,0.1215,0.15,9,M
0.475,0.36,0.12,0.5915,0.3245,0.11,0.127,6,I
0.48,0.365,0.12,0.6015,0.312,0.117,0.14,7,M
0.5,0.39,0.135,0.6595,0.3145,0.1535,0.1565,6,M
0.505,0.39,0.13,0.674,0.3165,0.141,0.1785,9,I
0.505,0.355,0.125,0.601,0.25,0.1205,0.185,8,I
0.51,0.375,0.1,0.5785,0.238,0.1225,0.175,7,I
0.53,0.405,0.125,0.6515,0.2715,0.1605,0.186,7,M
0.535,0.4,0.135,0.8215,0.3935,0.196,0.205,8,I
0.55,0.445,0.155,0.9905,0.544,0.178,0.218,9,I
0.56,0.455,0.16,0.967,0.4525,0.207,0.274,9,I
0.57,0.45,0.155,1.195,0.5625,0.2565,0.295,10,M
0.575,0.475,0.16,1.114,0.4955,0.2745,0.29,9,M
0.575,0.46,0.16,1.103,0.538,0.221,0.249,9,I
0.58,0.455,0.15,1.012,0.4985,0.2115,0.2835,10,M
0.59,0.465,0.155,1.136,0.5245,0.2615,0.275,11,M
0.59,0.455,0.145,1.063,0.5155,0.2445,0.25,8,I
0.595,0.47,0.155,1.121,0.4515,0.178,0.155,11,I
0.595,0.455,0.15,1.044,0.518,0.2205,0.27,9,M
0.625,0.48,0.17,1.3525,0.6235,0.278,0.365,10,I
0.64,0.5,0.175,1.394,0.4935,0.291,0.4,10,I
0.645,0.52,0.175,1.636,0.779,0.342,0.432,11,M
0.645,0.5,0.175,1.3385,0.633,0.299,0.349,11,M
0.645,0.515,0.15,1.212,0.515,0.2055,0.385,10,I
0.655,0.46,0.16,1.494,0.6895,0.331,0.1825,9,I
0.655,0.51,0.175,1.6525,0.8515,0.3365,0.403,10,I
0.66,0.495,0.195,1.6275,0.594,0.3595,0.485,10,M
0.675,0.57,0.225,1.587,0.739,0.2995,0.435,10,I
0.675,0.565,0.195,1.8375,0.7645,0.3615,0.553,12,I
0.69,0.525,0.175,1.7005,0.8255,0.362,0.405,8,M
0.185,0.13,0.045,0.0290000000000004,0.0120000000000003,0.00750000000000004,0.00950000000000023,4,I
0.225,0.165,0.055,0.0590000000000005,0.0270000000000002,0.0125000000000001,0.0150000000000002,4,I
0.28,0.21,0.085,0.107500000000001,0.0415,0.0240000000000001,0.0340000000000001,5,I
0.315,0.235,0.055,0.151,0.0650000000000001,0.0270000000000001,0.0390000000000001,6,I
0.32,0.225,0.085,0.1415,0.0675000000000002,0.0295000000000001,0.0405000000000001,6,I
0.385,0.29,0.08,0.2485,0.122,0.0495000000000001,0.0650000000000001,7,I
0.4,0.32,0.095,0.348,0.194,0.0530000000000001,0.0870000000000001,6,I
0.405,0.3,0.11,0.32,0.172,0.044,0.0930000000000001,7,I
0.41,0.3,0.1,0.282,0.1255,0.0570000000000001,0.0875000000000002,7,I
0.42,0.3,0.105,0.316,0.1255,0.0700000000000001,0.1035,7,I
0.43,0.335,0.12,0.397,0.1985,0.0865000000000001,0.1035,7,M
0.445,0.345,0.105,0.409,0.1675,0.1015,0.117,7,I
0.445,0.34,0.145,0.434,0.1945,0.0905000000000001,0.13,7,I
0.445,0.335,0.11,0.411,0.1985,0.0935000000000001,0.109,8,I
0.45,0.365,0.125,0.462,0.2135,0.0985,0.1315,8,I
0.45,0.33,0.105,0.3715,0.1865,0.0785000000000001,0.0975000000000001,7,I
0.5,0.38,0.125,0.519,0.2485,0.1135,0.134,8,I
0.505,0.39,0.125,0.5445,0.246,0.15,0.1405,7,I
0.51,0.405,0.125,0.6795,0.3465,0.1395,0.182,8,I
0.51,0.4,0.125,0.545,0.261,0.115,0.1385,6,I
0.51,0.4,0.125,0.5575,0.2615,0.1195,0.1525,9,I
0.51,0.38,0.115,0.5155,0.215,0.1135,0.166,8,I
0.52,0.4,0.145,0.7765,0.3525,0.1845,0.185,9,M
0.53,0.4,0.125,0.617,0.279,0.127,0.19,8,I
0.535,0.39,0.125,0.599,0.2595,0.149,0.169,9,I
0.545,0.39,0.135,0.7835,0.4225,0.1815,0.156,7,M
0.56,0.43,0.145,0.8995,0.464,0.1775,0.234,9,M
0.56,0.445,0.16,0.8965,0.42,0.2175,0.2215,8,M
0.565,0.45,0.175,1.0095,0.447,0.2375,0.2645,9,I
0.57,0.46,0.15,1.0375,0.5415,0.2035,0.25,9,M
0.57,0.445,0.145,0.8775,0.412,0.217,0.22,8,I
0.575,0.435,0.14,0.8455,0.401,0.191,0.222,9,M
0.575,0.47,0.165,0.869,0.435,0.197,0.238,9,I
0.575,0.435,0.13,0.805,0.3155,0.2155,0.245,10,I
0.575,0.445,0.17,1.0225,0.549,0.2175,0.228,9,M
0.58,0.455,0.15,1.114,0.4765,0.2155,0.265,8,M
0.58,0.45,0.155,0.93,0.385,0.246,0.265,9,I
0.6,0.475,0.16,1.0265,0.485,0.2495,0.2565,9,I
0.6,0.455,0.17,1.1915,0.696,0.2395,0.24,8,M
0.6,0.465,0.15,1.1025,0.5455,0.262,0.25,8,I
0.6,0.465,0.155,1.0165,0.512,0.2465,0.225,10,M
0.605,0.48,0.17,1.1835,0.582,0.2365,0.317,10,M
0.61,0.485,0.16,1.0145,0.5315,0.212,0.2415,8,M
0.61,0.485,0.145,1.3305,0.783,0.2255,0.2865,9,M
0.615,0.475,0.155,1.027,0.447,0.25,0.285,9,I
0.62,0.47,0.135,1.0195,0.5315,0.2005,0.2475,8,M
0.625,0.48,0.185,1.2065,0.587,0.29,0.286,8,M
0.64,0.515,0.165,1.369,0.632,0.3415,0.358,10,M
0.65,0.5,0.155,1.202,0.565,0.3135,0.294,11,M
0.665,0.525,0.16,1.363,0.629,0.279,0.34,8,M
0.685,0.52,0.165,1.519,0.699,0.3685,0.4,10,M
0.69,0.54,0.155,1.454,0.624,0.3105,0.39,9,I
0.69,0.53,0.21,1.583,0.7355,0.405,0.3865,12,M
0.7,0.565,0.18,1.751,0.895,0.3355,0.446,9,M
0.7,0.525,0.19,1.6465,0.8545,0.307,0.3995,9,I
0.705,0.55,0.17,1.219,0.6395,0.236,0.301,9,I
0.715,0.55,0.19,2.0045,1.0465,0.407,0.5075,12,M
0.72,0.55,0.2,1.9965,0.9035,0.469,0.5215,10,I
0.72,0.565,0.145,1.187,0.691,0.1945,0.2685,8,M
0.725,0.505,0.185,1.978,1.026,0.4255,0.4505,12,M
0.73,0.575,0.185,1.8795,0.931,0.38,0.4825,12,I
0.745,0.565,0.215,1.931,0.896,0.4585,0.5,11,M
0.75,0.57,0.21,2.236,1.109,0.5195,0.545,11,I
0.755,0.625,0.21,2.505,1.1965,0.513,0.6785,11,I
0.755,0.58,0.205,2.0065,0.8295,0.4015,0.595,10,M
0.275,0.195,0.09,0.112500000000001,0.0545000000000002,0.0295000000000001,0.0355000000000001,6,I
0.33,0.25,0.095,0.208500000000001,0.102,0.0395000000000001,0.0520000000000002,7,I
0.33,0.205,0.095,0.159500000000001,0.0770000000000003,0.0320000000000001,0.0435000000000002,5,I
0.335,0.245,0.09,0.2015,0.0960000000000002,0.0405,0.0480000000000001,7,I
0.345,0.255,0.085,0.2005,0.105,0.037,0.0500000000000001,5,I
0.35,0.27,0.075,0.215,0.1,0.0360000000000001,0.0650000000000001,6,I
0.36,0.27,0.085,0.196000000000001,0.0875000000000002,0.0350000000000001,0.0640000000000001,4,I
0.375,0.275,0.095,0.2465,0.11,0.0415000000000001,0.0775000000000002,6,I
0.38,0.27,0.08,0.2105,0.0865000000000001,0.0420000000000001,0.0700000000000001,8,I
0.385,0.3,0.095,0.302,0.152,0.0615000000000001,0.0735000000000001,7,I
0.39,0.3,0.095,0.3265,0.1665,0.0575000000000001,0.0890000000000001,7,I
0.395,0.295,0.095,0.2725,0.115,0.0625000000000001,0.0850000000000001,8,I
0.425,0.325,0.11,0.3335,0.173,0.0450000000000001,0.1,7,I
0.43,0.34,2.77555756156289e-17,0.428,0.2065,0.0860000000000001,0.115,8,I
0.43,0.315,0.095,0.378,0.175,0.08,0.1045,8,I
0.435,0.315,0.11,0.3685,0.1615,0.0715000000000001,0.12,7,I
0.44,0.34,0.12,0.438,0.2115,0.083,0.12,9,I
0.455,0.33,0.1,0.372,0.358,0.0775000000000001,0.11,8,I
0.46,0.36,0.105,0.466,0.2225,0.0990000000000001,0.11,7,I
0.46,0.35,0.105,0.3705,0.1575,0.0770000000000001,0.114,9,I
0.475,0.36,0.11,0.492,0.211,0.11,0.15,8,I
0.48,0.365,0.1,0.461,0.2205,0.0835,0.135,8,I
0.495,0.38,0.13,0.5125,0.2185,0.116,0.16,7,I
0.5,0.42,0.135,0.6765,0.302,0.1415,0.2065,9,M
0.5,0.41,0.14,0.6615,0.2585,0.1625,0.196,9,I
0.515,0.42,0.135,0.711,0.337,0.144,0.205,13,I
0.52,0.4,0.13,0.5825,0.233,0.1365,0.18,10,I
0.525,0.4,0.125,0.6965,0.369,0.1385,0.164,9,I
0.535,0.4,0.135,0.6025,0.2895,0.121,0.154,9,I
0.535,0.435,0.15,0.717,0.3475,0.1445,0.194,9,M
0.545,0.445,0.15,0.8,0.3535,0.163,0.207,9,I
0.545,0.43,0.15,0.7285,0.302,0.1315,0.2545,10,I
0.545,0.405,0.135,0.5945,0.27,0.1185,0.185,8,I
0.555,0.44,0.14,0.8705,0.407,0.156,0.255,9,M
0.555,0.43,0.155,0.7395,0.3135,0.1435,0.28,10,I
0.565,0.45,0.145,0.8495,0.4215,0.1685,0.225,8,I
0.565,0.39,0.125,0.744,0.352,0.13,0.1685,11,M
0.57,0.45,0.145,0.751,0.2825,0.2195,0.2215,10,I
0.57,0.46,0.135,0.9795,0.397,0.2525,0.2655,9,I
0.575,0.48,0.165,1.078,0.511,0.2095,0.306,9,I
0.575,0.46,0.155,0.892,0.4415,0.176,0.22,10,M
0.58,0.46,0.155,1.4395,0.6715,0.273,0.2955,10,M
0.58,0.445,0.15,0.858,0.4,0.156,0.253,8,I
0.585,0.465,0.155,0.9145,0.4555,0.1965,0.235,9,M
0.585,0.49,0.185,1.171,0.522,0.2535,0.335,10,M
0.585,0.46,0.165,1.1135,0.5825,0.2345,0.274,10,M
0.6,0.465,0.155,1.04,0.4755,0.25,0.28,11,I
0.61,0.45,0.15,0.871,0.407,0.1835,0.25,10,M
0.615,0.475,0.155,1.004,0.4475,0.193,0.2895,10,I
0.615,0.47,0.165,1.128,0.4465,0.2195,0.34,10,M
0.62,0.495,0.18,1.2555,0.5765,0.254,0.355,12,M
0.62,0.475,0.16,1.1295,0.463,0.2685,0.33,10,I
0.625,0.455,0.17,1.082,0.4955,0.2345,0.315,9,M
0.63,0.485,0.17,1.3205,0.5945,0.345,0.345,9,I
0.63,0.505,0.18,1.272,0.6025,0.295,0.315,11,I
0.635,0.5,0.165,1.4595,0.705,0.2645,0.39,9,I
0.635,0.495,0.175,1.211,0.707,0.2725,0.323,9,I
0.635,0.475,0.17,1.1935,0.5205,0.2695,0.3665,10,M
0.635,0.51,0.155,0.986,0.405,0.2255,0.31,10,M
0.64,0.565,0.23,1.521,0.644,0.372,0.406,15,M
0.645,0.51,0.16,1.1835,0.556,0.2385,0.345,11,M
0.645,0.5,0.195,1.401,0.6165,0.3515,0.3725,10,M
0.645,0.525,0.16,1.5075,0.7455,0.245,0.4325,11,M
0.65,0.505,0.165,1.16,0.4785,0.274,0.349,11,I
0.65,0.525,0.175,1.5365,0.6865,0.3585,0.405,11,M
0.655,0.525,0.19,1.3595,0.564,0.3215,0.3985,10,I
0.66,0.515,0.17,1.337,0.615,0.3125,0.3575,10,I
0.665,0.53,0.18,1.491,0.6345,0.342,0.435,10,I
0.67,0.53,0.225,1.5615,0.63,0.487,0.3725,11,I
0.67,0.505,0.175,1.0145,0.4375,0.271,0.3745,10,I
0.705,0.564999999999999,0.515,2.21,1.1075,0.4865,0.512,10,M
0.705,0.57,0.18,1.5345,0.959999999999999,0.4195,0.43,12,I
0.725,0.6,0.2,1.737,0.697,0.3585,0.595,11,I
0.735,0.565,0.205,2.1275,0.949,0.46,0.565,12,I
0.745,0.57,0.215,2.25,1.1565,0.446,0.558,9,I
0.815,0.65,0.25,2.255,0.8905,0.42,0.797499999999999,14,I
0.365,0.265,0.135,0.221500000000001,0.105,0.0470000000000001,0.0605000000000002,7,I
0.4,0.29,0.11,0.329,0.188,0.0455000000000001,0.0825000000000002,6,I
0.405,0.31,0.095,0.3425,0.1785,0.064,0.0855000000000001,8,I
0.405,0.29,0.09,0.2825,0.112,0.0750000000000001,0.0815000000000002,7,I
0.405,0.3,0.105,0.304,0.1455,0.0610000000000001,0.0805000000000002,6,I
0.41,0.32,0.095,0.290500000000001,0.141,0.0630000000000001,0.0730000000000001,5,I
0.44,0.365,0.11,0.4465,0.213,0.089,0.1135,9,I
0.45,0.335,0.125,0.4475,0.2165,0.126,0.11,6,M
0.455,0.335,0.135,0.501,0.274,0.0995000000000001,0.1065,7,I
0.46,0.355,0.11,0.436,0.1975,0.0960000000000001,0.125,8,I
0.475,0.365,0.115,0.459,0.2175,0.0930000000000001,0.1165,7,I
0.48,0.36,0.125,0.542,0.2795,0.1025,0.147,7,I
0.485,0.37,0.13,0.526,0.2485,0.105,0.1555,6,M
0.505,0.385,0.105,0.5525,0.239,0.1245,0.1555,9,M
0.515,0.395,0.125,0.556,0.2695,0.096,0.17,8,I
0.515,0.425,0.145,0.9365,0.497,0.181,0.2185,8,M
0.525,0.4,0.14,0.7205,0.3685,0.145,0.1735,8,M
0.53,0.4,0.125,0.7575,0.398,0.151,0.175,8,M
0.55,0.425,0.16,0.793,0.343,0.2035,0.215,9,M
0.56,0.43,0.15,0.8745,0.453,0.161,0.22,8,I
0.58,0.435,0.14,0.953,0.475,0.2165,0.2095,9,I
0.585,0.455,0.15,0.906,0.4095,0.23,0.2335,8,M
0.59,0.465,0.15,1.151,0.613,0.239,0.2515,9,I
0.6,0.465,0.2,1.259,0.6405,0.1985,0.357,9,M
0.605,0.485,0.165,0.9515,0.4535,0.193,0.2765,11,I
0.605,0.485,0.16,1.201,0.417,0.2875,0.38,9,I
0.62,0.485,0.155,1.049,0.462,0.231,0.25,10,M
0.63,0.47,0.145,1.1005,0.52,0.26,0.276,9,M
0.63,0.5,0.175,1.1105,0.467,0.268,0.329,10,I
0.64,0.515,0.205,1.5335,0.6635,0.3345,0.4025,9,I
0.645,0.515,0.175,1.546,0.7035,0.365,0.415,10,I
0.655,0.54,0.215,1.5555,0.695,0.296,0.444,11,I
0.655,0.51,0.215,1.7835,0.8885,0.4095,0.4195,11,M
0.67,0.51,0.175,1.5265,0.651,0.4475,0.345,10,M
0.68,0.515,0.17,1.6115,0.8415,0.306,0.395,11,M
0.72,0.565,0.2,2.1055,1.017,0.363,0.494,12,M
0.725,0.575,0.24,2.21,1.351,0.413,0.5015,13,M
0.74,0.57,0.18,1.8725,0.9115,0.427,0.446,10,M
0.75,0.55,0.18,1.893,0.941999999999999,0.397,0.445,11,M
0.305,0.225,0.09,0.146500000000001,0.0630000000000002,0.0340000000000001,0.0415000000000002,6,I
0.335,0.255,0.08,0.168,0.0790000000000002,0.0355000000000001,0.0500000000000001,5,I
0.355,0.27,0.075,0.1775,0.0790000000000001,0.0315,0.0540000000000002,6,I
0.36,0.275,0.075,0.2205,0.0985000000000003,0.0440000000000001,0.0660000000000001,7,I
0.375,0.28,0.08,0.2165,0.0935000000000001,0.0925,0.0700000000000001,7,I
0.38,0.29,0.1,0.237,0.108,0.0395000000000001,0.0820000000000002,6,I
0.39,0.3,0.09,0.252,0.1065,0.0530000000000001,0.0800000000000002,7,I
0.39,0.29,0.1,0.222500000000001,0.0950000000000002,0.0465,0.0730000000000002,7,I
0.45,0.335,0.11,0.4195,0.181,0.0850000000000001,0.1345,7,I
0.465,0.345,0.11,0.393,0.1825,0.0735000000000001,0.12,8,I
0.47,0.355,0.125,0.499,0.21,0.0985,0.155,8,I
0.475,0.36,0.145,0.6325,0.2825,0.137,0.19,8,I
0.48,0.37,0.125,0.474,0.179,0.1035,0.175,9,I
0.48,0.37,0.12,0.536,0.251,0.114,0.15,8,I
0.48,0.355,0.16,0.464,0.221,0.106,0.239,8,M
0.485,0.375,0.13,0.6025,0.2935,0.1285,0.16,7,I
0.49,0.375,0.115,0.4615,0.204,0.0945,0.143,8,I
0.49,0.4,0.135,0.624,0.3035,0.1285,0.169,8,I
0.5,0.4,0.12,0.616,0.261,0.143,0.1935,8,I
0.51,0.395,0.13,0.6025,0.281,0.143,0.162,7,I
0.525,0.415,0.145,0.845,0.3525,0.1635,0.2875,8,M
0.53,0.42,0.12,0.5965,0.2555,0.141,0.177,7,I
0.53,0.43,0.135,0.6255,0.245,0.1455,0.2135,10,I
0.535,0.4,0.13,0.657,0.2835,0.162,0.175,7,I
0.54,0.43,0.17,0.836,0.3725,0.1815,0.24,9,I
0.54,0.425,0.14,0.742,0.32,0.1395,0.25,9,I
0.54,0.43,0.14,0.8195,0.3935,0.1725,0.2295,9,I
0.54,0.455,0.14,0.972,0.419,0.255,0.269,10,M
0.545,0.4,0.13,0.686,0.3285,0.1455,0.18,9,I
0.55,0.425,0.15,0.639,0.269,0.1345,0.217,9,I
0.55,0.415,0.145,0.7815,0.373,0.16,0.2215,8,I
0.55,0.425,0.15,0.7665,0.339,0.176,0.21,8,I
0.555,0.435,0.14,0.765,0.3945,0.15,0.206,8,I
0.555,0.46,0.145,0.9005,0.3845,0.158,0.2765,11,I
0.565,0.42,0.155,0.743,0.31,0.186,0.231,9,I
0.565,0.43,0.15,0.831,0.4245,0.1735,0.219,10,M
0.57,0.445,0.145,0.7405,0.306,0.172,0.1825,12,I
0.575,0.47,0.155,1.116,0.509,0.238,0.34,10,I
0.575,0.465,0.195,0.9965,0.417,0.247,0.47,8,I
0.575,0.435,0.15,1.0305,0.4605,0.218,0.36,8,I
0.575,0.445,0.16,0.839,0.4005,0.198,0.239,9,M
0.59,0.45,0.145,1.022,0.428,0.268,0.265,10,I
0.59,0.46,0.145,0.9015,0.419,0.1785,0.26,11,I
0.595,0.435,0.15,0.9,0.4175,0.17,0.265,8,I
0.595,0.46,0.15,0.8335,0.377,0.1925,0.235,8,I
0.6,0.46,0.155,0.9735,0.427,0.2045,0.3,8,I
0.6,0.48,0.165,0.9165,0.4135,0.1965,0.2725,9,M
0.6,0.48,0.17,0.9175,0.38,0.2225,0.29,8,I
0.6,0.48,0.18,1.0645,0.4495,0.2455,0.325,10,I
0.605,0.475,0.145,0.884,0.3835,0.1905,0.27,8,M
0.61,0.475,0.16,1.1155,0.3835,0.223,0.379,10,I
0.615,0.47,0.16,1.0175,0.473,0.2395,0.28,10,M
0.615,0.475,0.175,1.224,0.6035,0.261,0.311,9,M
0.62,0.485,0.18,1.154,0.4935,0.256,0.315,12,I
0.62,0.54,0.165,1.139,0.4995,0.2435,0.357,11,I
0.625,0.475,0.16,1.0845,0.5005,0.2355,0.3105,10,M
0.625,0.5,0.17,1.0985,0.4645,0.22,0.354,9,M
0.625,0.485,0.175,1.362,0.6765,0.2615,0.3705,10,I
0.625,0.485,0.15,1.044,0.438,0.2865,0.278,9,I
0.63,0.5,0.18,1.1965,0.514,0.2325,0.3995,8,I
0.63,0.485,0.165,1.233,0.6565,0.2315,0.3035,10,M
0.64,0.515,0.18,1.247,0.5475,0.2925,0.3685,10,M
0.64,0.525,0.185,1.707,0.763,0.4205,0.4435,11,M
0.645,0.505,0.15,1.1605,0.519,0.2615,0.335,10,M
0.645,0.51,0.16,1.33,0.6665,0.309,0.317,9,M
0.645,0.5,0.175,1.3375,0.554,0.308,0.415,10,M
0.655,0.505,0.195,1.4405,0.688,0.3805,0.363,11,I
0.66,0.535,0.175,1.5175,0.711,0.3125,0.415,12,I
0.665,0.52,0.175,1.3725,0.606,0.32,0.395,12,M
0.665,0.5,0.175,1.2975,0.6075,0.314,0.315,9,M
0.68,0.52,0.195,1.4535,0.592,0.391,0.4125,10,M
0.68,0.51,0.2,1.6075,0.714,0.339,0.4705,11,I
0.69,0.55,0.2,1.569,0.687,0.3675,0.46,12,I
0.7,0.535,0.175,1.773,0.6805,0.48,0.512,15,I
0.705,0.545,0.17,1.58,0.6435,0.4565,0.265,11,I
0.71,0.56,0.22,2.015,0.9215,0.454,0.566,11,M
0.72,0.57,0.2,1.8275,0.919,0.366,0.485,10,M
0.72,0.525,0.18,1.445,0.631,0.3215,0.435,7,I
0.725,0.565,0.21,2.1425,1.03,0.487,0.503,14,I
0.73,0.56,0.19,1.9425,0.799,0.5195,0.5655,11,I
0.75,0.595,0.205,2.2205,1.083,0.421,0.63,12,M
0.775,0.63,0.25,2.7795,1.3485,0.76,0.578,12,M
0.375,0.245,0.1,0.394,0.166,0.091,0.1125,6,I
0.375,0.27,0.135,0.597,0.272,0.131,0.1675,7,I
0.455,0.325,0.135,0.82,0.4005,0.1715,0.211,8,I
0.455,0.345,0.11,0.434,0.207,0.0855,0.1215,8,I
0.485,0.365,0.105,0.5205,0.195,0.123,0.182,8,I
0.525,0.38,0.125,0.65,0.303,0.155,0.159,7,M
0.53,0.41,0.14,0.7545,0.3495,0.1715,0.2105,8,M
0.535,0.425,0.135,0.771,0.3765,0.1815,0.1795,8,I
0.545,0.42,0.165,0.8935,0.4235,0.2195,0.228,8,I
0.545,0.385,0.15,1.1185,0.5425,0.2445,0.2845,9,I
0.575,0.44,0.185,1.025,0.5075,0.2245,0.2485,10,M
0.575,0.45,0.13,0.8145,0.403,0.1715,0.213,10,I
0.605,0.475,0.175,1.2525,0.5575,0.3055,0.343,9,M
0.61,0.475,0.15,1.1135,0.5195,0.2575,0.3005,11,I
0.615,0.455,0.145,1.1155,0.5045,0.238,0.315,10,I
0.62,0.47,0.145,1.0865,0.511,0.2715,0.2565,10,M
0.625,0.49,0.185,1.169,0.5275,0.2535,0.344,11,M
0.635,0.475,0.15,1.1845,0.533,0.307,0.291,10,I
0.665,0.515,0.185,1.3405,0.5595,0.293,0.4375,11,I
0.705,0.545,0.18,1.5395,0.6075,0.3675,0.4645,13,I
0.72,0.56,0.18,1.5865,0.691,0.375,0.4425,11,M
0.73,0.575,0.21,2.069,0.9285,0.409,0.643,11,M
0.34,0.26,0.085,0.1885,0.0815000000000002,0.0335,0.0600000000000001,6,I
0.365,0.27,0.085,0.197,0.0815000000000002,0.0325000000000001,0.0650000000000001,6,I
0.405,0.3,0.09,0.269,0.103,0.067,0.11,6,I
0.41,0.315,0.095,0.280500000000001,0.114,0.0345000000000001,0.11,7,I
0.415,0.31,0.09,0.2815,0.1245,0.0615,0.0850000000000001,6,I
0.42,0.325,0.1,0.368,0.1675,0.0625,0.1135,11,I
0.43,0.34,0.1,0.3405,0.1395,0.0665000000000001,0.12,8,I
0.445,0.33,0.11,0.358,0.1525,0.0670000000000001,0.1185,8,I
0.47,0.375,0.12,0.487,0.196,0.0990000000000001,0.135,8,I
0.475,0.34,0.105,0.4535,0.203,0.08,0.1465,9,I
0.485,0.385,0.13,0.568,0.2505,0.178,0.154,7,I
0.485,0.36,0.12,0.5155,0.2465,0.1025,0.147,8,I
0.495,0.375,0.14,0.494,0.181,0.0975,0.191,8,I
0.505,0.405,0.13,0.599,0.2245,0.1175,0.225,11,I
0.515,0.415,0.135,0.7125,0.285,0.152,0.245,10,I
0.515,0.385,0.11,0.5785,0.253,0.16,0.14,8,M
0.52,0.41,0.11,0.5185,0.2165,0.0915000000000001,0.184,8,I
0.52,0.415,0.14,0.6375,0.308,0.1335,0.168,9,I
0.52,0.395,0.125,0.5805,0.2445,0.146,0.165,9,I
0.52,0.385,0.115,0.581,0.2555,0.156,0.143,10,I
0.525,0.405,0.145,0.6965,0.3045,0.1535,0.21,8,I
0.53,0.43,0.14,0.677,0.298,0.0965000000000001,0.23,8,I
0.53,0.405,0.12,0.632,0.2715,0.148,0.1875,9,I
0.54,0.425,0.16,0.9455,0.3675,0.2005,0.295,9,I
0.54,0.39,0.125,0.6255,0.2525,0.158,0.19,8,I
0.545,0.425,0.14,0.8145,0.305,0.231,0.244,10,I
0.555,0.41,0.125,0.599,0.2345,0.1465,0.194,8,M
0.555,0.4,0.13,0.7075,0.332,0.1585,0.18,7,M
0.555,0.45,0.175,0.738,0.304,0.1755,0.22,9,I
0.565,0.415,0.125,0.667,0.302,0.1545,0.185,7,M
0.565,0.455,0.155,0.9355,0.421,0.183,0.26,11,M
0.565,0.46,0.155,0.8715,0.3755,0.215,0.25,10,I
0.57,0.415,0.13,0.88,0.4275,0.1955,0.238,13,M
0.57,0.44,0.12,0.803,0.382,0.1525,0.234,9,I
0.575,0.45,0.135,0.8715,0.45,0.162,0.225,10,I
0.575,0.45,0.135,0.8245,0.3375,0.2115,0.239,11,I
0.58,0.5,0.165,0.925,0.37,0.185,0.3005,10,I
0.6,0.47,0.135,0.97,0.4655,0.1955,0.264,11,I
0.6,0.46,0.17,1.1805,0.456,0.337,0.329,11,M
0.6,0.475,0.15,0.99,0.386,0.2195,0.3105,10,M
0.605,0.47,0.18,1.1155,0.479,0.2565,0.321,10,M
0.61,0.48,0.14,1.031,0.4375,0.2615,0.27,8,M
0.61,0.47,0.165,1.1785,0.566,0.2785,0.294,11,I
0.615,0.495,0.2,1.219,0.564,0.227,0.3885,10,M
0.62,0.49,0.16,1.035,0.44,0.2525,0.285,11,M
0.62,0.47,0.15,1.309,0.587,0.4405,0.325,9,M
0.625,0.445,0.16,1.09,0.46,0.2965,0.304,11,I
0.63,0.49,0.155,1.2525,0.63,0.246,0.289,9,M
0.635,0.525,0.16,1.195,0.5435,0.246,0.335,12,M
0.64,0.48,0.145,1.1145,0.508,0.24,0.34,10,I
0.64,0.515,0.165,1.3115,0.4945,0.2555,0.41,10,I
0.64,0.49,0.135,1.1,0.488,0.2505,0.2925,10,I
0.64,0.49,0.155,1.1285,0.477,0.269,0.34,9,M
0.65,0.51,0.155,1.189,0.483,0.278,0.3645,13,I
0.655,0.515,0.18,1.412,0.6195,0.2485,0.497,11,I
0.66,0.535,0.205,1.4415,0.5925,0.2775,0.49,10,I
0.665,0.5,0.15,1.2475,0.4625,0.2955,0.3595,10,I
0.7,0.575,0.205,1.773,0.605,0.447,0.538,13,I
0.7,0.55,0.175,1.4405,0.6565,0.2985,0.375,12,M
0.7,0.55,0.195,1.6245,0.675,0.347,0.535,13,M
0.72,0.575,0.18,1.6705,0.732,0.3605,0.501,12,I
0.75,0.55,0.195,1.8325,0.83,0.366,0.44,11,I
0.135,0.13,0.04,0.0290000000000001,0.0125000000000003,0.00650000000000006,0.0080000000000002,4,I
0.28,0.21,0.075,0.119500000000001,0.0530000000000002,0.0265000000000001,0.0300000000000002,6,I
0.29,0.21,0.07,0.1115,0.0480000000000002,0.0205,0.0300000000000001,5,I
0.29,0.21,0.06,0.119500000000001,0.0560000000000002,0.0235000000000001,0.0300000000000001,6,I
0.36,0.27,0.085,0.196000000000001,0.0905,0.0340000000000001,0.0530000000000002,7,I
0.375,0.28,0.08,0.226000000000001,0.105,0.0470000000000001,0.0650000000000001,6,I
0.43,0.32,0.11,0.3675,0.1675,0.102,0.105,8,I
0.435,0.325,0.12,0.346,0.159,0.0840000000000001,0.0950000000000001,7,I
0.45,0.33,0.105,0.4955,0.2575,0.0820000000000001,0.129,8,M
0.47,0.365,0.135,0.522,0.2395,0.1525,0.145,10,M
0.515,0.4,0.14,0.6335,0.288,0.145,0.168,9,M
0.53,0.43,0.15,0.741,0.325,0.1855,0.196,9,I
0.55,0.47,0.15,0.9205,0.381,0.2435,0.2675,10,I
0.59,0.465,0.165,1.115,0.5165,0.273,0.275,10,M
0.61,0.49,0.16,1.112,0.465,0.228,0.341,10,M
0.66,0.515,0.195,1.5655,0.7345,0.353,0.386,9,M
0.255,0.19,0.06,0.0860000000000004,0.0400000000000001,0.0185000000000001,0.0250000000000002,5,I
0.27,0.195,0.065,0.1065,0.0475000000000001,0.0225,0.0285000000000001,5,I
0.32,0.255,0.085,0.1745,0.0720000000000002,0.033,0.0570000000000001,8,I
0.405,0.31,0.09,0.312,0.138,0.06,0.0870000000000001,8,I
0.44,0.305,0.115,0.379,0.162,0.091,0.11,9,I
0.45,0.35,0.13,0.4655,0.2075,0.1045,0.135,8,M
0.455000000000001,0.354999999999999,1.13,0.594000000000001,0.332,0.116,0.1335,8.00000000000002,I
0.46,0.345,0.11,0.4595,0.235,0.0885000000000001,0.116,7,M
0.465,0.355,0.09,0.4325,0.2005,0.074,0.1275,9,I
0.475,0.38,0.14,0.689,0.3165,0.1315,0.1955,7,I
0.535,0.42,0.125,0.738,0.355,0.1895,0.1795,8,M
0.545,0.43,0.16,0.844,0.3945,0.1855,0.231,9,I
0.55,0.42,0.115,0.668,0.2925,0.137,0.209,11,I
0.58,0.45,0.12,0.8685,0.418,0.1475,0.2605,8,M
0.595,0.465,0.15,0.919,0.4335,0.1765,0.262,9,M
0.65,0.5,0.14,1.238,0.6165,0.2355,0.32,8,M
0.665,0.525,0.21,1.644,0.818,0.3395,0.4275,10,I
0.685,0.55,0.2,1.7725,0.813,0.387,0.49,11,M
0.705,0.57,0.185,1.761,0.747,0.3725,0.488,10,I
0.71,0.5,0.15,1.3165,0.6835,0.2815,0.28,10,I
0.72,0.585,0.22,1.914,0.9155,0.448,0.479,11,M
0.73,0.555,0.18,1.6895,0.6555,0.1965,0.4935,10,I
0.775,0.57,0.22,2.032,0.735,0.4755,0.6585,17,M
0.505,0.39,0.115,0.66,0.3045,0.1555,0.175,8,I
0.505,0.385,0.115,0.616,0.243,0.1075,0.21,11,I
0.405,0.305,0.09,0.2825,0.114,0.0575000000000001,0.0950000000000001,7,I
0.5,0.39,0.145,0.651,0.273,0.132,0.22,11,M
0.41,0.31,0.11,0.315,0.124,0.0820000000000001,0.0950000000000001,9,I
0.595,0.455,0.155,1.041,0.416,0.2105,0.365,14,M
0.675,0.55,0.18,1.6885,0.562,0.3705,0.6,15,I
0.31,0.225,0.05,0.144500000000001,0.0675000000000002,0.0385000000000001,0.0450000000000001,6,I
0.48,0.38,0.12,0.608,0.2705,0.1405,0.185,8,I
0.475,0.36,0.11,0.4555,0.177,0.0965000000000001,0.145,9,I
0.385,0.295,0.095,0.335,0.147,0.0940000000000001,0.0900000000000001,7,M
0.62,0.51,0.175,1.1505,0.4375,0.2265,0.4,12,M
0.565,0.425,0.1,0.7145,0.3055,0.166,0.18,12,M
0.32,0.24,0.075,0.1735,0.0760000000000002,0.0355000000000001,0.0500000000000001,7,I
0.465,0.35,0.12,0.5205,0.2015,0.1625,0.185,11,M
0.46,0.375,0.135,0.4935,0.186,0.0845,0.17,12,M
0.4,0.3,0.115,0.302500000000001,0.1335,0.0465,0.0935000000000001,8,I
0.69,0.55,0.2,1.8465,0.732,0.472,0.57,19,M
0.61,0.45,0.16,1.136,0.414,0.311,0.3,9,I
0.645,0.5,0.17,1.1845,0.4805,0.274,0.355,13,I
0.575,0.45,0.185,0.925,0.342,0.197,0.35,12,M
0.58,0.45,0.235,1.071,0.3,0.206,0.395,14,I
0.595,0.48,0.2,0.975,0.358,0.2035,0.34,15,I
0.625,0.42,0.165,1.0595,0.358,0.165,0.445,21,I
0.32,0.235,0.08,0.1485,0.0640000000000001,0.0310000000000001,0.0450000000000002,6,I
0.49,0.37,0.14,0.585,0.243,0.115,0.195,10,I
0.215,0.17,0.055,0.0605000000000004,0.0205000000000002,0.014,0.0200000000000001,6,I
0.27,0.19,0.08,0.0810000000000006,0.0265000000000003,0.0195000000000001,0.0300000000000002,6,I
0.68,0.55,0.2,1.596,0.525,0.4075,0.585,21,I
0.615,0.48,0.19,1.36,0.5305,0.2375,0.47,18,M
0.625,0.525,0.215,1.5765,0.5115,0.2595,0.665,16,I
0.565,0.47,0.195,1.142,0.387,0.258,0.35,17,M
0.63,0.51,0.23,1.539,0.5635,0.2815,0.57,17,M
0.33,0.26,0.08,0.19,0.0765000000000002,0.0385000000000001,0.0650000000000001,7,I
0.58,0.465,0.175,1.035,0.401,0.1865,0.385,17,M
0.505,0.39,0.175,0.692,0.267,0.15,0.215,12,I
0.595,0.475,0.17,1.0965,0.419,0.229,0.35,17,M
0.475,0.38,0.135,0.486,0.1735,0.0700000000000001,0.185,7,I
0.355,0.28,0.1,0.2275,0.0935000000000001,0.0455,0.0850000000000001,11,I
0.38,0.325,0.11,0.3105,0.12,0.0740000000000001,0.105,10,I
0.36,0.27,0.09,0.222500000000001,0.0830000000000002,0.053,0.0750000000000001,6,M
0.585,0.455,0.165,0.998,0.345,0.2495,0.315,12,I
0.6,0.485,0.175,1.2675,0.4995,0.2815,0.38,13,M
0.57,0.46,0.17,1.1,0.4125,0.2205,0.38,14,I
0.645,0.5,0.2,1.4285,0.639,0.305,0.36,11,I
0.51,0.395,0.145,0.6185,0.216,0.1385,0.24,12,M
0.52,0.38,0.135,0.5825,0.2505,0.1565,0.175,8,M
0.59,0.465,0.16,1.1005,0.506,0.2525,0.295,13,I
0.55,0.46,0.175,0.869,0.3155,0.1825,0.32,10,M
0.72,0.575,0.215,2.226,0.8955,0.405,0.62,13,I
0.545,0.445,0.175,0.8525,0.3465,0.189,0.295,13,I
0.52,0.41,0.17,0.8705,0.3735,0.219,0.25,14,I
0.635,0.51,0.21,1.598,0.6535,0.2835,0.58,15,M
0.6,0.475,0.18,1.1805,0.4345,0.2475,0.425,19,I
0.44,0.375,0.13,0.487,0.226,0.0965,0.155,9,M
0.485,0.415,0.14,0.5705,0.25,0.134,0.185,8,I
0.495,0.385,0.13,0.6905,0.3125,0.179,0.175,10,I
0.435,0.345,0.12,0.4475,0.221,0.112,0.125,7,I
0.405,0.315,0.105,0.347,0.1605,0.0785,0.1,9,I
0.42,0.33,0.1,0.352,0.1635,0.0890000000000001,0.1,9,I
0.475,0.375,0.12,0.563,0.2525,0.1205,0.185,10,M
0.38,0.3,0.09,0.3215,0.1545,0.075,0.0950000000000001,9,I
0.52,0.415,0.145,0.8045,0.3325,0.1725,0.285,10,I
0.415,0.325,0.1,0.385,0.167,0.08,0.125,7,I
0.58,0.455,0.12,0.94,0.399,0.257,0.265,11,I
0.55,0.415,0.135,0.775,0.302,0.179,0.26,23,I
0.65,0.5,0.165,1.1445,0.485,0.218,0.365,12,I
0.465,0.375,0.135,0.6,0.2225,0.129,0.23,16,I
0.435,0.35,0.11,0.384,0.143,0.1005,0.125,13,I
0.35,0.265,0.11,0.2965,0.1365,0.063,0.0850000000000001,7,M
0.595,0.47,0.145,0.991,0.4035,0.1505,0.34,16,M
0.58,0.475,0.135,0.925,0.391,0.165,0.275,14,I
0.505,0.395,0.145,0.6515,0.2695,0.153,0.205,15,I
0.49,0.395,0.135,0.5545,0.213,0.0925,0.215,14,M
0.395,0.325,0.105,0.306,0.111,0.0735000000000001,0.0950000000000001,8,I
0.665,0.535,0.19,1.496,0.5775,0.2815,0.475,17,I
0.525,0.425,0.145,0.7995,0.3345,0.209,0.24,15,I
0.56,0.455,0.165,0.86,0.4015,0.1695,0.245,11,M
0.655,0.485,0.195,1.62,0.6275,0.358,0.485,17,M
0.64,0.52,0.2,1.407,0.566,0.304,0.455,17,M
0.59,0.47,0.17,0.9,0.355,0.1905,0.25,11,I
0.31,0.24,0.09,0.1455,0.0605000000000002,0.0315,0.0450000000000001,7,I
0.255,0.185,0.07,0.0750000000000005,0.0280000000000002,0.0180000000000001,0.0250000000000001,6,I
0.71,0.565,0.195,1.7265,0.638,0.3365,0.565,17,I
0.72,0.56,0.175,1.7265,0.637,0.3415,0.525,17,I
0.61,0.485,0.21,1.3445,0.535,0.2205,0.515,20,I
0.645,0.525,0.2,1.449,0.601,0.2565,0.505,13,I
0.56,0.44,0.17,0.9445,0.3545,0.2175,0.3,12,I
0.42,0.325,0.115,0.354,0.1625,0.064,0.105,8,I
0.405,0.325,0.11,0.3575,0.145,0.0725,0.11,12,I
0.34,0.275,0.09,0.206500000000001,0.0725000000000002,0.043,0.0700000000000001,10,M
0.535,0.41,0.155,0.6315,0.2745,0.1415,0.1815,12,I
0.525,0.39,0.135,0.6005,0.2265,0.131,0.21,16,I
0.44,0.345,0.105,0.4285,0.165,0.083,0.132,11,I
0.45,0.345,0.115,0.496,0.1905,0.117,0.14,12,I
0.42,0.34,0.125,0.4495,0.165,0.1125,0.144,11,M
0.455,0.35,0.125,0.4485,0.1585,0.102,0.1335,16,I
0.3,0.22,0.09,0.1425,0.0570000000000002,0.0335000000000001,0.0430000000000001,7,I
0.635,0.505,0.19,1.3315,0.5805,0.252,0.435,17,I
0.53,0.43,0.17,0.775,0.35,0.152,0.235,17,I
0.555,0.455,0.17,0.8435,0.309,0.1905,0.3,15,I
0.62,0.485,0.17,1.208,0.4805,0.3045,0.33,15,I
0.5,0.395,0.12,0.537,0.2165,0.1085,0.1785,9,I
0.505,0.38,0.145,0.651,0.2935,0.19,0.17,12,I
0.31,0.235,0.06,0.12,0.0415,0.033,0.0400000000000001,11,M
0.465,0.35,0.13,0.494,0.1945,0.103,0.155,18,I
0.41,0.315,0.11,0.321,0.1255,0.0655,0.0950000000000001,10,I
0.575,0.45,0.17,0.9315,0.358,0.2145,0.26,13,I
0.53,0.385,0.125,0.6695,0.289,0.151,0.18,10,I
0.61,0.485,0.165,1.087,0.4255,0.232,0.38,11,I
0.635,0.5,0.18,1.319,0.5485,0.292,0.49,16,I
0.465,0.38,0.135,0.579,0.208,0.1095,0.22,14,I
0.335,0.24,0.095,0.17,0.0620000000000001,0.039,0.0550000000000001,9,I
0.54,0.415,0.17,0.879,0.339,0.208,0.255,10,M
0.475,0.355,0.125,0.4625,0.186,0.107,0.145,9,M
0.5,0.38,0.135,0.5835,0.2295,0.1265,0.18,12,M
0.55,0.435,0.17,0.884,0.2875,0.1645,0.28,14,I
0.275,0.205,0.08,0.0960000000000005,0.0360000000000002,0.0185,0.0300000000000001,6,I
0.37,0.285,0.105,0.27,0.1125,0.0585,0.0835000000000001,9,I
0.25,0.185,0.065,0.0710000000000006,0.0270000000000003,0.0185000000000001,0.0225000000000002,5,I
0.44,0.325,0.08,0.413,0.144,0.1015,0.13,8,M
0.515,0.405,0.14,0.8505,0.312,0.146,0.315,17,M
0.5,0.39,0.13,0.709,0.275,0.168,0.18,11,M
0.425,0.325,0.12,0.3755,0.142,0.1065,0.105,9,M
0.615,0.475,0.17,1.1825,0.474,0.2895,0.24,11,M
0.565,0.44,0.175,1.122,0.393,0.2,0.375,20,M
0.57,0.42,0.155,1.008,0.377,0.193,0.34,13,M
0.52,0.425,0.145,0.7,0.207,0.1905,0.24,13,I
0.39,0.285,0.095,0.271,0.11,0.06,0.0800000000000002,8,M
0.63,0.51,0.185,1.235,0.5115,0.349,0.3065,11,I
0.44,0.325,0.115,0.39,0.163,0.0870000000000001,0.113,7,M
0.515,0.395,0.165,0.7565,0.1905,0.17,0.3205,10,I
0.475,0.38,0.145,0.57,0.167,0.118,0.187,11,I
0.45,0.36,0.16,0.567,0.174,0.1245,0.225,12,M
0.48,0.39,0.125,0.6905,0.219,0.155,0.2,12,I
0.285,0.21,0.07,0.109,0.0440000000000002,0.0265,0.0330000000000001,5,I
0.3,0.23,0.075,0.127,0.0520000000000002,0.0300000000000001,0.0345000000000001,6,I
0.34,0.255,0.075,0.18,0.0745000000000001,0.04,0.0525000000000001,6,I
0.415,0.315,0.09,0.3625,0.175,0.0835000000000001,0.0930000000000001,6,I
0.42,0.32,0.1,0.34,0.1745,0.05,0.0945000000000001,8,I
0.425,0.31,0.105,0.365,0.159,0.0825000000000001,0.105,6,I
0.465,0.35,0.135,0.6265,0.259,0.1445,0.175,8,I
0.5,0.4,0.13,0.7715,0.37,0.16,0.211,8,M
0.525,0.425,0.19,0.872,0.4625,0.1725,0.199,9,M
0.54,0.42,0.12,0.8115,0.392,0.1455,0.2235,9,M
0.565,0.44,0.15,0.983,0.4475,0.2355,0.2485,9,I
0.58,0.46,0.18,1.145,0.48,0.277,0.325,11,M
0.59,0.455,0.16,1.09,0.5,0.2215,0.292,9,M
0.63,0.5,0.185,1.362,0.5785,0.3125,0.384,10,M
0.66,0.535,0.2,1.791,0.733,0.318,0.54,15,M
0.7,0.525,0.19,1.6015,0.707,0.365,0.43,10,I
0.205,0.15,0.065,0.0400000000000007,0.0200000000000004,0.0110000000000001,0.0130000000000002,4,I
0.28,0.22,0.08,0.131500000000001,0.0660000000000002,0.0240000000000001,0.0300000000000001,5,I
0.295,0.22,0.07,0.126000000000001,0.0515000000000003,0.0275000000000001,0.0350000000000002,6,I
0.34,0.265,0.07,0.185,0.0625000000000001,0.0395,0.0700000000000001,7,I
0.415,0.325,0.1,0.3335,0.1445,0.0715,0.0950000000000001,7,I
0.44,0.335,0.11,0.3885,0.175,0.0835000000000001,0.111,7,I
0.44,0.325,0.1,0.4165,0.185,0.0865000000000001,0.11,6,I
0.46,0.35,0.115,0.46,0.2025,0.1115,0.1165,6,I
0.46,0.345,0.115,0.4215,0.1895,0.102,0.111,6,I
0.465,0.34,0.105,0.486,0.231,0.1035,0.1225,9,M
0.475,0.355,0.105,0.468,0.201,0.1115,0.12,8,I
0.5,0.375,0.145,0.6215,0.274,0.166,0.1485,7,M
0.505,0.385,0.12,0.6005,0.239,0.142,0.185,7,I
0.515,0.395,0.12,0.646,0.285,0.1365,0.172,9,M
0.53,0.42,0.17,0.828,0.41,0.208,0.1505,6,I
0.53,0.41,0.14,0.681,0.3095,0.1415,0.1835,6,M
0.54,0.435,0.14,0.7345,0.33,0.1595,0.213,9,M
0.58,0.445,0.145,0.888,0.41,0.1815,0.2425,8,I
0.6,0.46,0.145,0.9325,0.3985,0.2245,0.248,8,I
0.615,0.485,0.16,1.1575,0.5005,0.2495,0.315,10,I
0.62,0.51,0.175,1.2705,0.5415,0.323,0.3225,9,I
0.62,0.485,0.175,1.2155,0.545,0.253,0.345,10,I
0.625,0.49,0.175,1.1075,0.4485,0.2165,0.3595,8,I
0.63,0.48,0.165,1.286,0.604,0.271,0.35,8,M
0.65,0.5,0.185,1.4415,0.741,0.2955,0.341,9,I
0.705,0.56,0.205,2.381,0.9915,0.5005,0.624,10,I
0.765,0.585,0.18,2.398,1.128,0.512,0.5335,12,M
0.77,0.6,0.215,2.1945,1.0515,0.482,0.584,10,M
0.275,0.205,0.07,0.105500000000001,0.495,0.019,0.0315000000000002,5,I
0.33,0.24,0.075,0.163,0.0745000000000002,0.0330000000000001,0.0480000000000002,6,I
0.415,0.315,0.1,0.3645,0.1765,0.0795,0.0950000000000001,8,I
0.43,0.32,0.1,0.3465,0.1635,0.0800000000000001,0.0900000000000001,7,I
0.475,0.375,0.115,0.5205,0.233,0.119,0.1455,7,I
0.5,0.38,0.12,0.5765,0.273,0.135,0.145,9,M
0.505,0.4,0.135,0.723,0.377,0.149,0.178,7,M
0.51,0.395,0.155,0.5395,0.2465,0.1085,0.167,8,I
0.51,0.385,0.15,0.625,0.3095,0.119,0.1725,8,I
0.545,0.43,0.14,0.832,0.4355,0.17,0.201,9,I
0.55,0.42,0.13,0.636,0.294,0.144,0.1755,8,I
0.565,0.43,0.13,0.784,0.3495,0.1885,0.213,9,M
0.585,0.45,0.15,0.938,0.467,0.203,0.225,7,I
0.59,0.46,0.16,1.0115,0.445,0.2615,0.2565,8,I
0.6,0.49,0.21,1.9875,1.005,0.419,0.491,10,M
0.605,0.48,0.15,1.079,0.4505,0.2835,0.293,10,I
0.615,0.47,0.155,1.084,0.5885,0.209,0.246,9,I
0.625,0.49,0.155,1.115,0.484,0.277,0.3095,9,I
0.645,0.48,0.15,1.192,0.6055,0.2595,0.285,9,M
0.65,0.51,0.155,1.407,0.7215,0.298,0.335,9,M
0.66,0.515,0.165,1.4465,0.694,0.298,0.3755,10,M
0.68,0.53,0.18,1.529,0.7635,0.3115,0.4025,11,M
0.725,0.53,0.19,1.7315,0.83,0.398,0.405,11,I
0.725,0.55,0.2,1.51,0.8735,0.4265,0.5085,9,M
0.25,0.175,0.06,0.0635000000000007,0.0275000000000003,0.00800000000000009,0.0200000000000002,4,I
0.335,0.25,0.08,0.167,0.0675000000000002,0.0325,0.0575000000000001,6,I
0.36,0.26,0.08,0.1795,0.0740000000000002,0.0315000000000001,0.0600000000000001,5,I
0.375,0.29,0.14,0.3,0.14,0.0625,0.0825000000000001,8,I
0.395,0.32,0.1,0.3075,0.149,0.0535000000000001,0.0900000000000001,8,I
0.41,0.325,0.11,0.326,0.1325,0.075,0.101,8,I
0.415,0.335,0.1,0.358,0.169,0.0670000000000001,0.105,7,I
0.46,0.345,0.105,0.415,0.187,0.087,0.11,8,I
0.475,0.355,0.115,0.5195,0.279,0.088,0.1325,7,I
0.48,0.375,0.12,0.5895,0.2535,0.128,0.172,11,M
0.485,0.38,0.125,0.5215,0.2215,0.118,0.16,8,I
0.51,0.385,0.145,0.7665,0.3985,0.14,0.1805,8,I
0.515,0.395,0.135,0.516,0.2015,0.132,0.162,9,I
0.515,0.41,0.14,0.7355,0.3065,0.137,0.2,7,M
0.525,0.385,0.13,0.607,0.2355,0.125,0.195,8,I
0.525,0.415,0.15,0.7055,0.329,0.147,0.199,10,I
0.525,0.375,0.12,0.6315,0.3045,0.114,0.19,9,I
0.545,0.44,0.15,0.9475,0.366,0.239,0.275,8,I
0.55,0.43,0.145,0.712,0.3025,0.152,0.225,10,I
0.55,0.42,0.155,0.912,0.495,0.1805,0.205,9,I
0.55,0.465,0.15,0.936,0.481,0.174,0.2435,9,I
0.56,0.435,0.135,0.72,0.329,0.103,0.251,11,I
0.575,0.435,0.155,0.8975,0.4115,0.2325,0.23,9,I
0.585,0.455,0.13,0.8755,0.411,0.2065,0.225,8,I
0.59,0.47,0.145,0.9235,0.4545,0.173,0.254,9,M
0.595,0.475,0.14,1.0305,0.4925,0.217,0.278,10,M
0.6,0.48,0.09,1.05,0.457,0.2685,0.28,8,M
0.6,0.495,0.185,1.1145,0.5055,0.2635,0.367,11,M
0.6,0.45,0.145,0.877,0.4325,0.155,0.24,9,M
0.6,0.51,0.185,1.285,0.6095,0.2745,0.315,9,M
0.61,0.48,0.185,1.3065,0.6895,0.2915,0.29,10,M
0.625,0.49,0.165,1.205,0.5175,0.3105,0.3465,10,M
0.64,0.495,0.17,1.139,0.5395,0.282,0.285,10,M
0.64,0.515,0.08,1.042,0.515,0.1755,0.175,10,M
0.65,0.52,0.155,1.368,0.6185,0.288,0.365,9,M
0.65,0.51,0.175,1.446,0.6485,0.2705,0.45,12,M
0.72,0.55,0.205,2.165,1.1055,0.525,0.404,10,M
0.24,0.17,0.05,0.0545000000000004,0.0205000000000004,0.0160000000000001,0.0155000000000002,5,I
0.32,0.235,0.09,0.183,0.0980000000000004,0.0335000000000001,0.0420000000000001,7,I
0.375,0.265,0.095,0.196,0.0850000000000002,0.0420000000000001,0.0585000000000001,5,I
0.45,0.335,0.105,0.362,0.1575,0.0795000000000001,0.1095,7,I
0.495,0.375,0.12,0.589,0.3075,0.1215,0.1405,8,I
0.5,0.375,0.12,0.529,0.2235,0.123,0.16,8,I
0.535,0.405,0.14,0.818,0.402,0.1715,0.189,7,M
0.57,0.42,0.14,0.8745,0.416,0.165,0.25,8,M
0.6,0.475,0.175,1.11,0.5105,0.256,0.285,9,M
0.625,0.475,0.175,1.3405,0.656,0.283,0.337,10,M
0.625,0.485,0.16,1.254,0.591,0.259,0.3485,9,I
0.63,0.485,0.16,1.243,0.623,0.275,0.3,10,M
0.635,0.51,0.185,1.286,0.526,0.295,0.4105,12,I
0.655,0.515,0.155,1.309,0.524,0.346,0.385,11,I
0.665,0.515,0.19,1.6385,0.831,0.3575,0.371,11,M
0.695,0.54,0.195,1.691,0.768,0.363,0.4755,11,M
0.31,0.23,0.07,0.1245,0.0505000000000002,0.0265000000000001,0.0380000000000002,6,I
0.32,0.205,0.08,0.181,0.0880000000000001,0.034,0.0495000000000002,5,I
0.37,0.27,0.09,0.1855,0.0700000000000003,0.0425000000000001,0.0650000000000002,7,I
0.375,0.28,0.085,0.2145,0.0855000000000002,0.0485,0.0720000000000001,7,I
0.425,0.34,0.1,0.371,0.15,0.0865000000000001,0.115,8,I
0.435,0.335,0.095,0.298,0.109,0.0580000000000001,0.115,7,I
0.465,0.35,0.11,0.4085,0.165,0.102,0.131,8,I
0.47,0.385,0.13,0.587,0.264,0.117,0.174,8,I
0.475,0.375,0.11,0.494,0.211,0.109,0.1545,8,I
0.495,0.375,0.12,0.614,0.2855,0.1365,0.161,8,I
0.5,0.39,0.13,0.5075,0.2115,0.104,0.1755,9,I
0.505,0.425,0.125,0.6115,0.245,0.1375,0.2,9,I
0.52,0.4,0.11,0.597,0.2935,0.1155,0.16,8,I
0.52,0.465,0.15,0.9505,0.456,0.199,0.255,8,M
0.53,0.38,0.125,0.616,0.292,0.113,0.185,8,I
0.53,0.405,0.15,0.8315,0.352,0.187,0.2525,10,M
0.545,0.43,0.15,0.742,0.3525,0.158,0.208,10,I
0.55,0.435,0.165,0.804,0.34,0.194,0.244,8,I
0.55,0.425,0.13,0.664,0.2695,0.163,0.21,8,I
0.56,0.43,0.13,0.728,0.3355,0.1435,0.2175,8,I
0.56,0.435,0.13,0.777,0.354,0.173,0.222,9,I
0.575,0.45,0.165,0.9655,0.498,0.19,0.23,8,M
0.58,0.465,0.15,0.9065,0.371,0.1965,0.29,8,M
0.58,0.46,0.15,1.049,0.5205,0.1935,0.305,10,M
0.58,0.44,0.125,0.7855,0.363,0.1955,0.195,11,I
0.585,0.45,0.135,0.855,0.3795,0.187,0.26,9,I
0.59,0.475,0.145,0.9745,0.4675,0.207,0.259,10,I
0.595,0.46,0.17,1.1295,0.57,0.2555,0.265,10,M
0.605,0.49,0.18,1.167,0.457,0.29,0.3745,9,M
0.61,0.47,0.195,1.2735,0.469,0.3315,0.398,12,I
0.61,0.48,0.14,1.0625,0.516,0.225,0.2915,11,M
0.615,0.515,0.135,1.1215,0.545,0.2305,0.29,9,I
0.615,0.495,0.165,1.198,0.5415,0.2865,0.3185,10,I
0.625,0.495,0.175,1.2075,0.531,0.281,0.3525,11,M
0.625,0.5,0.16,1.217,0.5725,0.207,0.355,11,I
0.625,0.49,0.12,0.8765,0.456,0.18,0.233,10,M
0.63,0.48,0.165,1.2615,0.5505,0.277,0.3885,10,I
0.63,0.51,0.17,1.1885,0.4915,0.3065,0.348,7,M
0.635,0.52,0.175,1.292,0.6,0.269,0.367,11,M
0.635,0.515,0.16,1.2075,0.5385,0.282,0.345,11,M
0.64,0.505,0.18,1.297,0.59,0.3125,0.363,11,M
0.645,0.52,0.17,1.197,0.526,0.2925,0.317,11,I
0.645,0.495,0.19,1.539,0.6115,0.408,0.445,12,M
0.655,0.515,0.2,1.494,0.7255,0.309,0.405,12,I
0.66,0.525,0.16,1.277,0.4975,0.319,0.394,13,I
0.665,0.51,0.175,1.3805,0.675,0.2985,0.325,10,I
0.67,0.525,0.19,1.527,0.5755,0.353,0.44,12,I
0.67,0.525,0.17,1.4005,0.715,0.3025,0.387,9,M
0.67,0.525,0.195,1.4405,0.6595,0.2675,0.425,9,M
0.68,0.515,0.16,1.2345,0.618,0.2625,0.325,11,M
0.68,0.505,0.17,1.3435,0.657,0.297,0.355,12,I
0.685,0.505,0.19,1.533,0.667,0.4055,0.41,10,M
0.69,0.515,0.18,1.8445,0.9815,0.4655,0.341,13,M
0.715,0.55,0.175,1.825,0.938,0.3805,0.44,11,M
0.72,0.58,0.19,2.0885,0.9955,0.478,0.5305,13,M
0.745,0.575,0.2,1.884,0.954,0.336,0.495,12,M
0.32,0.215,0.095,0.305,0.14,0.067,0.0885000000000001,6,I
0.43,0.33,0.1,0.449,0.254,0.0825000000000001,0.0970000000000001,6,I
0.49,0.355,0.155,0.981,0.465,0.2015,0.2505,8,M
0.525,0.41,0.135,0.7905,0.4065,0.198,0.177,8,I
0.535,0.4,0.15,1.224,0.618,0.275,0.2875,10,I
0.535,0.405,0.175,1.2705,0.548,0.3265,0.337,13,M
0.555,0.405,0.19,1.406,0.6115,0.342,0.389,10,M
0.59,0.44,0.14,1.007,0.4775,0.2105,0.2925,9,I
0.595,0.43,0.165,0.9845,0.4525,0.207,0.2725,8,I
0.61,0.475,0.175,1.024,0.409,0.261,0.322,9,M
0.625,0.49,0.11,1.136,0.5265,0.1915,0.2925,9,I
0.635,0.51,0.17,1.2235,0.532,0.271,0.354,9,I
0.64,0.495,0.165,1.307,0.678,0.292,0.266,11,M
0.655,0.505,0.175,1.2905,0.6205,0.2965,0.326,10,I
0.7,0.545,0.185,1.6135,0.75,0.4035,0.3685,11,M
0.75,0.615,0.205,2.2635,0.821,0.423,0.726,12,I
0.375,0.26,0.08,0.2075,0.0900000000000002,0.0415000000000001,0.0700000000000001,6,I
0.39,0.28,0.09,0.215,0.0845000000000002,0.0340000000000001,0.0790000000000001,8,I
0.435,0.335,0.105,0.3535,0.156,0.0500000000000001,0.1135,7,I
0.44,0.32,0.105,0.3875,0.1755,0.074,0.12,9,I
0.46,0.37,0.11,0.3965,0.1485,0.0855000000000001,0.1455,8,I
0.47,0.375,0.125,0.5225,0.2265,0.104,0.162,8,I
0.515,0.385,0.125,0.572,0.237,0.1435,0.165,7,I
0.535,0.42,0.145,0.6885,0.273,0.1515,0.237,9,I
0.54,0.42,0.19,0.6855,0.293,0.163,0.38,10,M
0.55,0.445,0.145,0.783,0.3045,0.157,0.265,11,I
0.56,0.45,0.145,0.894,0.3885,0.2095,0.264,9,M
0.57,0.47,0.14,0.871,0.385,0.211,0.2315,10,I
0.575,0.43,0.13,0.7425,0.2895,0.2005,0.22,8,I
0.575,0.445,0.16,0.9175,0.45,0.1935,0.24,9,I
0.585,0.45,0.175,1.1275,0.4925,0.262,0.335,11,M
0.59,0.435,0.165,0.9765,0.4525,0.2395,0.235,9,M
0.59,0.47,0.145,0.974,0.453,0.236,0.289,8,I
0.59,0.405,0.15,0.853,0.326,0.2615,0.245,9,M
0.595,0.46,0.16,0.921,0.4005,0.2025,0.2875,9,I
0.6,0.45,0.14,0.869,0.3425,0.195,0.291,11,I
0.6,0.45,0.15,0.8665,0.3695,0.1955,0.255,12,M
0.61,0.495,0.16,1.089,0.469,0.198,0.384,11,I
0.615,0.485,0.215,0.9615,0.422,0.176,0.29,11,M
0.62,0.475,0.16,0.907,0.371,0.167,0.3075,11,I
0.625,0.515,0.155,1.1635,0.4875,0.259,0.355,11,I
0.63,0.495,0.18,1.31,0.495,0.295,0.4695,10,M
0.635,0.505,0.165,1.251,0.577,0.227,0.3825,11,I
0.635,0.49,0.155,1.145,0.4775,0.3035,0.3155,9,I
0.64,0.485,0.145,1.1335,0.5525,0.2505,0.3015,11,I
0.65,0.505,0.17,1.5595,0.695,0.3515,0.395,11,M
0.65,0.51,0.175,1.3165,0.6345,0.2605,0.364,12,M
0.655,0.54,0.165,1.403,0.6955,0.2385,0.42,11,M
0.665,0.525,0.155,1.3575,0.5325,0.3045,0.4485,10,M
0.675,0.52,0.145,1.3645,0.557,0.3405,0.385,11,M
0.68,0.52,0.185,1.494,0.615,0.3935,0.406,11,I
0.73,0.55,0.205,1.908,0.5415,0.3565,0.5965,14,I
0.23,0.17,0.05,0.0570000000000004,0.0260000000000001,0.013,0.0160000000000002,5,I
0.51,0.395,0.125,0.5805,0.244,0.1335,0.188,11,M
0.525,0.4,0.13,0.622,0.2655,0.147,0.184,9,M
0.53,0.415,0.12,0.706,0.3355,0.1635,0.1345,9,M
0.545,0.435,0.145,0.9385,0.3685,0.1245,0.345,11,M
0.595,0.455,0.145,0.942,0.43,0.182,0.277,11,M
0.6,0.465,0.18,1.193,0.5145,0.315,0.3055,8,M
0.645,0.5,0.18,1.461,0.5985,0.2425,0.439,11,M
0.66,0.525,0.2,1.489,0.6065,0.3795,0.421,10,M
0.29,0.215,0.06,0.111500000000001,0.0530000000000002,0.0185,0.0320000000000001,5,I
0.3,0.22,0.065,0.1235,0.0590000000000002,0.0260000000000001,0.0315000000000001,5,I
0.395,0.3,0.12,0.2995,0.1265,0.068,0.0895000000000001,8,I
0.415,0.32,0.115,0.3045,0.1215,0.0735000000000001,0.0940000000000001,7,I
0.44,0.34,0.12,0.4995,0.2965,0.0945,0.1185,6,I
0.465,0.405,0.135,0.7775,0.436,0.1715,0.1455,10,M
0.51,0.415,0.145,0.751,0.3295,0.1835,0.203,8,M
0.525,0.4,0.135,0.714,0.318,0.138,0.208,10,I
0.525,0.4,0.13,0.6995,0.3115,0.131,0.223,9,I
0.55,0.425,0.14,0.952,0.4895,0.1945,0.2185,7,I
0.575,0.45,0.135,0.9215,0.354,0.209,0.2365,9,M
0.585,0.46,0.15,1.206,0.581,0.216,0.323,10,M
0.62,0.485,0.155,1.1945,0.5105,0.271,0.352,9,I
0.46,0.36,0.125,0.547,0.2165,0.1105,0.19,8,M
0.51,0.4,0.14,0.6905,0.259,0.151,0.23,10,M
0.585,0.45,0.15,1.047,0.4315,0.276,0.315,14,M
0.645,0.5,0.18,1.2785,0.5345,0.2995,0.345,13,I
0.655,0.505,0.165,1.367,0.5835,0.3515,0.396,10,I
0.665,0.5,0.175,1.742,0.595,0.3025,0.725,21,I
0.505,0.395,0.125,0.635,0.29,0.1555,0.175,9,M
0.43,0.35,0.09,0.397,0.1575,0.089,0.12,9,I
0.56,0.45,0.155,0.9125,0.3595,0.271,0.35,10,M
0.35,0.265,0.09,0.2265,0.0995000000000001,0.0575000000000001,0.0650000000000001,6,M
0.51,0.405,0.12,0.61,0.229,0.131,0.235,11,I
0.49,0.38,0.13,0.539,0.229,0.1355,0.165,12,I
0.37,0.295,0.1,0.2685,0.1165,0.056,0.0835000000000001,7,I
0.5,0.385,0.135,0.551,0.2245,0.0715,0.206,11,M
0.645,0.505,0.165,1.307,0.4335,0.262,0.52,10,M
0.565,0.44,0.115,0.9185,0.404,0.1785,0.29,11,M
0.59,0.415,0.15,0.8805,0.3645,0.234,0.235,11,I
0.47,0.36,0.11,0.4965,0.237,0.127,0.13,6,I
0.55,0.405,0.15,0.9235,0.412,0.2135,0.24,7,M
0.65,0.515,0.18,1.3315,0.5665,0.347,0.405,13,M
0.31,0.235,0.075,0.1515,0.0560000000000002,0.0315000000000001,0.0500000000000002,7,I
0.49,0.38,0.155,0.578,0.2395,0.1255,0.18,9,I
0.505,0.405,0.16,0.6835,0.271,0.145,0.215,10,I
0.385,0.3,0.1,0.272500000000001,0.1115,0.0570000000000001,0.0800000000000001,6,I
0.62,0.485,0.22,1.511,0.5095,0.284,0.51,17,I
0.635,0.505,0.185,1.3035,0.501,0.295,0.41,17,I
0.665,0.53,0.185,1.3955,0.456,0.3205,0.49,15,I
0.295,0.215,0.075,0.116000000000001,0.0370000000000003,0.0295000000000001,0.0400000000000002,8,I
0.565,0.45,0.14,1.0055,0.3785,0.244,0.265,12,M
0.585,0.46,0.17,1.0835,0.3745,0.326,0.325,14,I
0.555,0.42,0.14,0.868,0.33,0.243,0.21,13,I
0.57,0.495,0.16,1.0915,0.452,0.275,0.315,14,I
0.62,0.485,0.175,1.271,0.531,0.3075,0.37,11,I
0.64,0.505,0.19,1.2355,0.4435,0.3105,0.365,14,I
0.675,0.525,0.175,1.402,0.483,0.3205,0.465,16,M
0.44,0.35,0.12,0.375,0.1425,0.0965,0.115,9,I
0.57,0.455,0.15,0.96,0.387,0.2385,0.275,11,M
0.59,0.485,0.205,1.2315,0.4525,0.238,0.42,13,I
0.665,0.535,0.155,1.383,0.596,0.2565,0.485,14,M
0.555,0.435,0.135,0.858,0.377,0.1585,0.29,15,M
0.69,0.555,0.205,1.8165,0.7785,0.4395,0.515,19,I
0.55,0.435,0.16,0.906,0.342,0.219,0.295,13,M
0.3,0.24,0.09,0.161,0.0725000000000002,0.039,0.0500000000000001,6,M
0.435,0.35,0.105,0.4195,0.194,0.1005,0.13,7,I
0.3,0.23,0.075,0.15,0.0605000000000001,0.0420000000000001,0.0450000000000001,5,I
0.455,0.375,0.125,0.484,0.2155,0.102,0.165,7,M
0.655,0.5,0.14,1.1705,0.5405,0.3175,0.285,12,I
0.48,0.38,0.135,0.528,0.2,0.1395,0.16,14,M
0.41,0.31,0.125,0.3595,0.1415,0.0885,0.115,11,M
0.52,0.425,0.155,0.7735,0.297,0.123,0.255,17,M
0.465,0.36,0.125,0.4365,0.169,0.1075,0.145,11,M
0.5,0.405,0.14,0.6735,0.265,0.124,0.25,18,I
0.46,0.355,0.11,0.415,0.215,0.082,0.13,12,M
0.485,0.385,0.125,0.4775,0.2,0.0785,0.17,12,M
0.465,0.39,0.14,0.5555,0.213,0.1075,0.215,15,I
0.525,0.415,0.16,0.6445,0.26,0.1575,0.22,12,M
0.55,0.45,0.17,0.81,0.317,0.157,0.22,11,M
0.58,0.475,0.165,1.0385,0.414,0.26,0.305,13,I
0.535,0.42,0.16,0.72,0.275,0.164,0.225,15,M
0.59,0.45,0.12,0.7485,0.3345,0.1315,0.22,14,M
0.605,0.485,0.165,1.0735,0.437,0.205,0.33,14,I
0.57,0.435,0.14,0.8085,0.3235,0.183,0.22,16,I
0.6,0.445,0.175,1.057,0.383,0.216,0.355,16,I
0.41,0.3,0.115,0.2595,0.0970000000000001,0.0515000000000001,0.0800000000000001,10,I
0.62,0.485,0.165,1.166,0.483,0.238,0.355,13,I
0.48,0.38,0.135,0.507,0.1915,0.1365,0.155,12,I
0.505,0.41,0.15,0.6345,0.243,0.1335,0.215,17,I
0.45,0.355,0.115,0.4385,0.184,0.108,0.1125,11,I
0.35,0.26,0.09,0.195,0.0745000000000001,0.041,0.0655000000000001,9,M
0.535,0.425,0.155,0.7765,0.302,0.1565,0.25,16,I
0.395,0.3,0.105,0.3375,0.1435,0.0755,0.0980000000000001,12,I
0.55,0.415,0.135,0.8095,0.2985,0.2015,0.28,12,I
0.635,0.48,0.2,1.3655,0.6255,0.2595,0.425,16,I
0.545,0.435,0.15,0.6855,0.2905,0.145,0.225,10,I
0.51,0.34,0.18,0.7005,0.312,0.165,0.2,11,I
0.44,0.34,0.125,0.4895,0.1735,0.0875,0.2,13,I
0.45,0.36,0.125,0.45,0.191,0.0865,0.145,12,I
0.39,0.3,0.105,0.259,0.0955000000000002,0.0380000000000001,0.0850000000000002,8,I
0.54,0.435,0.145,0.97,0.4285,0.22,0.264,17,I
0.43,0.33,0.095,0.34,0.1315,0.085,0.112,14,M
0.455,0.365,0.11,0.385,0.166,0.046,0.1345,13,I
0.415,0.32,0.1,0.3005,0.1215,0.0575,0.104,11,M
0.49,0.385,0.115,0.683,0.3265,0.1615,0.165,13,I
0.51,0.38,0.13,0.584,0.224,0.1355,0.185,13,I
0.52,0.405,0.145,0.829,0.3535,0.1685,0.205,15,I
0.455,0.36,0.11,0.4385,0.206,0.098,0.125,10,I
0.435,0.34,0.11,0.407,0.1685,0.0730000000000001,0.13,10,I
0.54,0.405,0.15,0.7585,0.307,0.2075,0.19,10,I
0.33,0.245,0.085,0.171,0.0655000000000001,0.0365,0.0550000000000001,11,M
0.455,0.345,0.125,0.44,0.169,0.1065,0.135,12,M
0.54,0.405,0.155,0.9715,0.3225,0.194,0.29,19,M
0.31,0.235,0.09,0.127,0.0480000000000003,0.0310000000000001,0.0400000000000002,6,I
0.335,0.255,0.075,0.163500000000001,0.0615000000000002,0.0345000000000001,0.0570000000000002,8,M
0.545,0.435,0.165,0.9955,0.3245,0.2665,0.325,19,M
0.305,0.225,0.07,0.1485,0.0585000000000001,0.0335000000000001,0.0450000000000002,7,I
0.565,0.465,0.15,1.1285,0.377,0.3525,0.33,16,M
0.475,0.375,0.15,0.559,0.1955,0.1215,0.1945,12,I
0.53,0.43,0.135,0.879,0.28,0.2165,0.25,10,M
0.455,0.345,0.15,0.5795,0.1685,0.125,0.215,13,M
0.35,0.265,0.11,0.209,0.0660000000000002,0.059,0.0750000000000001,9,I
0.37,0.28,0.105,0.224,0.0815000000000002,0.0575,0.0750000000000002,8,M
0.35,0.265,0.08,0.192,0.0810000000000002,0.0465,0.0530000000000001,6,I
0.415,0.31,0.105,0.3595,0.167,0.0830000000000001,0.0915000000000002,6,I
0.49,0.395,0.12,0.674,0.3325,0.1235,0.185,9,M
0.49,0.37,0.105,0.5265,0.249,0.1005,0.148,7,I
0.595,0.475,0.165,1.148,0.444,0.214,0.37,10,I
0.6,0.475,0.15,1.089,0.5195,0.223,0.292,11,M
0.63,0.475,0.15,1.172,0.536,0.254,0.316,11,I
0.74,0.605,0.2,2.4925,1.1455,0.575,0.5235,13,M
0.36,0.27,0.09,0.219,0.0970000000000002,0.0405000000000001,0.0650000000000001,6,I
0.37,0.28,0.09,0.2565,0.1255,0.0645000000000001,0.0645000000000001,6,I
0.38,0.275,0.095,0.2505,0.0945000000000002,0.0655000000000001,0.0750000000000002,6,I
0.44,0.35,0.125,0.456,0.21,0.0955,0.131,8,I
0.465,0.37,0.1,0.5055,0.234,0.11,0.14,7,I
0.485,0.37,0.1,0.513,0.219,0.1075,0.13,7,I
0.49,0.4,0.115,0.569,0.256,0.1325,0.145,9,I
0.505,0.39,0.12,0.5725,0.2555,0.1325,0.146,8,I
0.52,0.39,0.12,0.6435,0.2885,0.157,0.161,7,M
0.555,0.44,0.145,0.8815,0.43,0.1975,0.2155,8,I
0.6,0.475,0.155,1.1385,0.502,0.2295,0.31,9,M
0.66,0.525,0.18,1.478,0.5815,0.381,0.372,10,M
0.665,0.52,0.165,1.6885,0.7295,0.407,0.4265,11,I
0.165,0.12,0.05,0.0210000000000005,0.00750000000000023,0.00450000000000006,0.0140000000000002,3,I
0.355,0.265,0.085,0.2435,0.122,0.0525,0.0600000000000001,6,I
0.4,0.315,0.085,0.2675,0.116,0.0585,0.0765000000000002,6,I
0.45,0.34,0.105,0.4385,0.21,0.0925000000000001,0.12,8,I
0.505,0.475,0.16,1.1155,0.509,0.239,0.3065,8,I
0.51,0.405,0.13,0.599,0.3065,0.1155,0.1485,8,I
0.52,0.38,0.13,0.5345,0.2375,0.122,0.1535,8,I
0.535,0.42,0.16,0.7465,0.348,0.1515,0.2185,10,M
0.55,0.44,0.16,0.985,0.4645,0.201,0.27,8,M
0.555,0.44,0.145,0.85,0.4165,0.1685,0.23,8,M
0.555,0.43,0.135,0.812,0.4055,0.163,0.2215,9,I
0.585,0.45,0.145,0.9835,0.4845,0.242,0.22,9,I
0.59,0.46,0.145,0.929,0.38,0.24,0.255,10,M
0.6,0.41,0.145,0.939,0.4475,0.196,0.268,8,M
0.61,0.47,0.175,1.214,0.5315,0.2835,0.325,10,M
0.62,0.51,0.18,1.233,0.592,0.274,0.322,10,I
0.625,0.495,0.18,1.0815,0.4715,0.254,0.3135,10,M
0.625,0.47,0.175,1.179,0.605,0.258,0.271,9,M
0.64,0.5,0.165,1.1635,0.554,0.239,0.32,11,I
0.64,0.475,0.175,1.1545,0.4865,0.341,0.288,9,I
0.65,0.505,0.18,1.469,0.7115,0.3335,0.38,9,M
0.67,0.525,0.18,1.6615,0.8005,0.3645,0.43,10,M
0.69,0.525,0.19,1.492,0.6425,0.3905,0.42,12,I
0.7,0.56,0.175,1.6605,0.8605,0.3275,0.398,11,I
0.72,0.545,0.185,1.7185,0.7925,0.401,0.468,11,I
0.32,0.24,0.085,0.131000000000001,0.0615000000000002,0.0265000000000001,0.0380000000000003,6,I
0.365,0.275,0.09,0.234500000000001,0.108,0.0510000000000001,0.0625000000000001,7,I
0.4,0.31,0.115,0.314,0.1545,0.0595000000000001,0.0870000000000001,6,I
0.4,0.315,0.09,0.33,0.151,0.0680000000000001,0.0800000000000002,6,I
0.4,0.265,0.1,0.2775,0.1245,0.0605,0.0800000000000002,9,I
0.43,0.325,0.105,0.309,0.119,0.0800000000000001,0.0980000000000001,6,I
0.445,0.355,0.095,0.3615,0.1415,0.0785000000000001,0.12,8,I
0.45,0.35,0.11,0.514,0.253,0.1045,0.14,8,I
0.455,0.435,0.11,0.4265,0.195,0.09,0.1205,8,I
0.46,0.34,0.09,0.384,0.1795,0.068,0.11,8,I
0.475,0.355,0.125,0.4865,0.2155,0.1105,0.142,9,I
0.5,0.365,0.125,0.528,0.229,0.103,0.1645,9,I
0.515,0.4,0.135,0.636,0.3055,0.1215,0.1855,9,I
0.525,0.39,0.105,0.567,0.2875,0.1075,0.16,8,I
0.53,0.42,0.13,0.658,0.296,0.1245,0.198,8,I
0.535,0.415,0.135,0.78,0.3165,0.169,0.2365,8,M
0.54,0.41,0.135,0.7025,0.31,0.177,0.2,8,I
0.565,0.45,0.175,1.2365,0.5305,0.2455,0.308,10,I
0.57,0.42,0.13,0.7745,0.3535,0.1505,0.2365,9,I
0.575,0.44,0.125,0.8515,0.4555,0.1715,0.1965,9,I
0.575,0.45,0.155,0.886,0.3605,0.211,0.2575,9,M
0.58,0.46,0.14,0.8295,0.3915,0.165,0.238,10,I
0.58,0.47,0.15,0.907,0.444,0.1855,0.2445,11,I
0.58,0.47,0.165,1.041,0.54,0.166,0.279,9,M
0.585,0.465,0.165,0.9355,0.4035,0.2275,0.259,9,I
0.6,0.475,0.23,1.157,0.522,0.2235,0.36,11,M
0.6,0.485,0.145,0.776,0.3545,0.1585,0.239,9,I
0.625,0.48,0.16,1.1415,0.5795,0.2145,0.29,9,M
0.625,0.485,0.16,1.2135,0.631,0.2235,0.302,9,M
0.635,0.495,0.17,1.3695,0.657,0.3055,0.365,10,M
0.65,0.475,0.165,1.3875,0.58,0.3485,0.3095,9,I
0.66,0.5,0.155,1.3765,0.6485,0.288,0.335,12,I
0.715,0.52,0.18,1.6,0.708,0.3525,0.445,12,M
0.395,0.3,0.09,0.2855,0.1385,0.0625000000000001,0.0770000000000002,5,I
0.495,0.375,0.115,0.5755,0.31,0.1145,0.1395,8,I
0.515,0.39,0.14,0.678,0.341,0.1325,0.119,8,M
0.545,0.43,0.155,0.8035,0.409,0.144,0.228,7,M
0.61,0.49,0.17,1.3475,0.7045,0.25,0.3045,11,I
0.64,0.5,0.17,1.12,0.4955,0.2645,0.32,12,I
0.66,0.53,0.175,1.583,0.7395,0.3505,0.405,10,M
0.285,0.225,0.07,0.1005,0.0425000000000002,0.0185,0.0350000000000001,7,I
0.295,0.22,0.085,0.128500000000001,0.0585000000000003,0.0270000000000001,0.0365000000000002,5,I
0.3,0.225,0.075,0.1345,0.0570000000000002,0.0280000000000001,0.0440000000000001,5,I
0.3,0.22,0.065,0.119500000000001,0.0520000000000002,0.0155000000000001,0.0350000000000001,5,I
0.39,0.29,0.09,0.2745,0.135,0.0455000000000001,0.0780000000000002,8,I
0.465,0.355,0.12,0.4975,0.2375,0.099,0.14,8,I
0.475,0.35,0.125,0.4225,0.1905,0.0790000000000001,0.1355,9,I
0.525,0.405,0.125,0.657,0.2985,0.1505,0.168,10,I
0.53,0.395,0.125,0.6235,0.2975,0.108,0.195,11,I
0.535,0.45,0.155,0.8075,0.3655,0.148,0.2595,10,I
0.545,0.41,0.14,0.737,0.349,0.15,0.212,9,M
0.545,0.41,0.125,0.654,0.2945,0.1315,0.205,10,I
0.575,0.45,0.145,0.872,0.4675,0.18,0.217,9,I
0.575,0.44,0.15,0.983,0.486,0.215,0.239,8,I
0.585,0.42,0.155,1.034,0.437,0.2225,0.32,11,I
0.595,0.44,0.135,0.964,0.5005,0.1715,0.2575,10,I
0.6,0.5,0.16,1.122,0.5095,0.256,0.309,10,I
0.605,0.49,0.165,1.1245,0.492,0.222,0.3555,11,M
0.605,0.49,0.15,1.1345,0.4305,0.2525,0.35,10,I
0.61,0.45,0.19,1.0805,0.517,0.2495,0.2935,10,M
0.61,0.495,0.165,1.0835,0.4525,0.273,0.317,9,I
0.615,0.47,0.175,1.242,0.5675,0.287,0.317,11,M
0.63,0.505,0.195,1.306,0.516,0.3305,0.375,9,I
0.64,0.5,0.175,1.273,0.5065,0.2925,0.405,13,M
0.65,0.495,0.16,1.2075,0.55,0.2695,0.32,10,M
0.66,0.53,0.17,1.431,0.622,0.309,0.398,10,I
0.665,0.54,0.195,1.764,0.8505,0.3615,0.47,11,I
0.67,0.51,0.155,1.278,0.5605,0.3045,0.358,11,I
0.67,0.54,0.2,1.46,0.6435,0.328,0.4165,9,I
0.685,0.55,0.19,1.885,0.89,0.41,0.4895,10,M
0.685,0.535,0.175,1.432,0.637,0.247,0.46,11,M
0.705,0.53,0.17,1.564,0.612,0.394,0.44,10,I
0.725,0.56,0.185,1.792,0.873,0.367,0.435,11,I
0.235,0.13,0.075,0.158500000000001,0.0685000000000003,0.0370000000000001,0.0465000000000001,5,I
0.36,0.25,0.115,0.465,0.21,0.1055,0.128,7,I
0.465,0.36,0.105,0.452,0.22,0.159,0.1035,9,I
0.495,0.375,0.155,0.976,0.45,0.2285,0.2475,9,M
0.5,0.395,0.145,0.7865,0.332,0.1815,0.2455,8,I
0.505,0.4,0.15,0.775,0.3445,0.157,0.185,7,M
0.51,0.375,0.15,0.8415,0.3845,0.156,0.255,10,I
0.55,0.415,0.18,1.1655,0.502,0.301,0.311,9,I
0.625,0.48,0.18,1.223,0.565,0.2975,0.3375,10,M
0.625,0.47,0.15,1.124,0.556,0.2315,0.287,9,M
0.65,0.5,0.17,1.4045,0.694,0.318,0.3235,11,I
0.67,0.525,0.195,1.37,0.6065,0.2955,0.407,12,I
0.695,0.525,0.205,1.8185,0.819,0.4025,0.4525,13,I
0.43,0.33,0.095,0.32,0.118,0.0650000000000001,0.123,7,I
0.45,0.335,0.115,0.3935,0.195,0.0710000000000001,0.11,7,I
0.485,0.37,0.14,0.5065,0.2425,0.088,0.1465,8,I
0.51,0.395,0.105,0.5525,0.234,0.127,0.165,8,I
0.515,0.39,0.12,0.565,0.235,0.135,0.179,9,I
0.53,0.425,0.155,0.7905,0.307,0.171,0.2595,9,M
0.53,0.42,0.135,0.675,0.294,0.156,0.1825,10,M
0.53,0.395,0.115,0.475,0.2025,0.101,0.148,8,I
0.535,0.4,0.145,0.705,0.3065,0.1365,0.22,10,I
0.555,0.46,0.16,0.86,0.3345,0.1935,0.275,10,M
0.585,0.47,0.145,0.9565,0.4025,0.2365,0.265,9,M
0.595,0.48,0.185,1.1785,0.526,0.2975,0.314,10,M
0.615,0.48,0.185,1.2205,0.4985,0.315,0.33,10,M
0.62,0.5,0.175,1.107,0.4895,0.24,0.343,11,I
0.62,0.48,0.18,1.1305,0.5285,0.2655,0.306,12,I
0.63,0.49,0.16,1.09,0.407,0.224,0.354,12,M
0.63,0.475,0.15,1.072,0.433,0.2975,0.315,8,I
0.65,0.495,0.175,1.227,0.528,0.258,0.37,11,I
0.655,0.52,0.175,1.472,0.6275,0.27,0.45,13,I
0.67,0.52,0.175,1.4755,0.6275,0.379,0.374,10,M
0.675,0.54,0.21,1.593,0.686,0.318,0.45,11,I
0.695,0.58,0.2,1.8995,0.675,0.478,0.5295,13,M
0.74,0.58,0.205,2.381,0.8155,0.4695,0.488,12,M
0.305,0.23,0.075,0.1455,0.0595000000000003,0.0305000000000001,0.0500000000000002,6,I
0.425,0.305,0.11,0.359,0.173,0.0875,0.0975000000000001,9,M
0.425,0.31,0.095,0.3505,0.1645,0.071,0.1,8,I
0.515,0.385,0.13,0.623,0.2855,0.1285,0.175,10,M
0.525,0.4,0.125,0.5655,0.2435,0.119,0.175,8,I
0.38,0.275,0.095,0.2425,0.106,0.0485,0.21,6,I
0.475,0.385,0.12,0.562,0.289,0.0905,0.153,8,M
0.565,0.445,0.14,0.836,0.406,0.1605,0.2245,9,M
0.605,0.48,0.175,1.1685,0.4815,0.2305,0.356,9,I
0.68,0.52,0.185,1.541,0.5985,0.395,0.4575,10,I
0.71,0.555,0.17,1.47,0.5375,0.38,0.431,12,I
0.335,0.26,0.075,0.22,0.0855000000000001,0.0400000000000001,0.0850000000000001,6,M
0.425,0.35,0.1,0.4425,0.175,0.0755000000000001,0.175,7,I
0.41,0.325,0.1,0.3555,0.146,0.072,0.105,9,M
0.17,0.105,0.035,0.0340000000000006,0.0120000000000003,0.00850000000000006,0.00500000000000014,4,I
0.53,0.41,0.145,0.8255,0.375,0.204,0.245,9,I
0.615,0.475,0.145,0.9525,0.3915,0.195,0.32,9,I
0.56,0.44,0.13,0.8255,0.2425,0.202,0.285,10,M
0.55,0.41,0.15,0.785,0.282,0.186,0.275,12,M
0.335,0.255,0.085,0.1785,0.0710000000000001,0.0405,0.0550000000000001,9,I
0.63,0.475,0.175,1.423,0.4155,0.3385,0.49,14,I
0.475,0.37,0.125,0.655,0.266,0.1725,0.185,10,M
0.525,0.395,0.165,0.782,0.285,0.1405,0.285,19,M
0.525,0.43,0.165,0.717,0.289,0.1745,0.195,10,I
0.44,0.34,0.135,0.3975,0.1505,0.0945000000000001,0.135,8,I
0.45,0.36,0.11,0.447,0.203,0.082,0.13,12,I
0.515,0.4,0.115,0.578,0.191,0.1445,0.17,9,I
0.645,0.5,0.225,1.626,0.587,0.4055,0.41,15,I
0.61,0.49,0.17,1.1775,0.5655,0.2385,0.295,15,I
0.515,0.4,0.14,0.7365,0.2955,0.184,0.185,16,M
0.56,0.46,0.18,0.97,0.342,0.196,0.355,12,I
0.76,0.575,0.19,1.829,0.7035,0.386,0.56,14,M
0.565,0.46,0.15,0.8765,0.3455,0.1925,0.275,10,I
0.525,0.43,0.125,0.813,0.3315,0.166,0.1775,12,I
0.245,0.18,0.065,0.0635000000000004,0.0245000000000002,0.0135000000000001,0.0200000000000002,4,M
0.48,0.39,0.15,0.6275,0.276,0.134,0.185,13,I
0.455,0.375,0.125,0.458,0.1985,0.111,0.12,10,I
0.56,0.445,0.165,1.0285,0.4535,0.253,0.275,11,I
0.52,0.41,0.16,0.712,0.2845,0.153,0.225,10,I
0.565,0.43,0.135,0.8545,0.321,0.1775,0.275,11,I
0.295,0.23,0.085,0.125,0.0420000000000002,0.0285,0.0430000000000001,8,M
0.375,0.28,0.095,0.222500000000001,0.0875000000000001,0.043,0.0800000000000001,10,M
0.47,0.35,0.115,0.487,0.1955,0.127,0.155,8,I
0.65,0.515,0.215,1.498,0.564,0.323,0.425,16,I
0.67,0.535,0.185,1.597,0.6275,0.35,0.47,21,I
0.55,0.44,0.165,0.8605,0.312,0.169,0.3,17,I
0.235,0.175,0.08,0.0645000000000005,0.0215000000000004,0.0175000000000001,0.0215000000000002,5,I
0.505,0.39,0.105,0.6555,0.2595,0.18,0.19,11,M
0.54,0.44,0.16,1.0905,0.391,0.2295,0.355,15,I
0.525,0.4,0.115,0.6295,0.2555,0.144,0.18,11,I
0.55,0.44,0.16,0.991,0.348,0.168,0.375,20,M
0.53,0.425,0.13,0.717,0.2115,0.166,0.255,13,I
0.555,0.44,0.155,1.016,0.4935,0.1855,0.263,10,I
0.72,0.575,0.195,2.1505,1.0745,0.382,0.585,10,I
0.295,0.22,0.07,0.136500000000001,0.0575000000000002,0.0295000000000001,0.0350000000000002,6,I
0.375,0.29,0.095,0.2875,0.123,0.0605,0.0800000000000001,6,I
0.385,0.285,0.09,0.248,0.0935000000000001,0.066,0.0700000000000001,6,I
0.44,0.33,0.135,0.4095,0.163,0.1005,0.119,6,I
0.45,0.35,0.135,0.494,0.2205,0.0945,0.1405,7,I
0.475,0.35,0.12,0.4905,0.2035,0.13,0.135,7,I
0.485,0.39,0.12,0.599,0.251,0.1345,0.169,8,M
0.495,0.375,0.115,0.6245,0.282,0.143,0.155,6,M
0.585,0.45,0.125,0.874,0.3545,0.2075,0.225,6,I
0.63,0.48,0.185,1.21,0.53,0.2555,0.322,11,M
0.67,0.51,0.2,1.5945,0.6705,0.3845,0.4505,10,M
0.185,0.135,0.045,0.0320000000000007,0.0110000000000001,0.00650000000000012,0.0100000000000002,4,I
0.315,0.23,2.77555756156289e-17,0.134,0.0575000000000001,0.0285,0.3505,6,I
0.36,0.27,0.09,0.2075,0.0980000000000002,0.0390000000000001,0.0620000000000001,6,I
0.485,0.375,0.125,0.562,0.2505,0.1345,0.1525,8,I
0.52,0.395,0.125,0.5815,0.2565,0.1265,0.17,10,M
0.555,0.43,0.14,0.7545,0.3525,0.1835,0.2015,9,I
0.62,0.465,0.14,1.011,0.479,0.2385,0.255,8,I
0.625,0.505,0.175,1.131,0.5425,0.2265,0.323,8,M
0.635,0.48,0.145,1.181,0.665,0.229,0.225,10,M
0.64,0.525,0.175,1.382,0.646,0.3115,0.37,9,I
0.66,0.515,0.155,1.4415,0.7055,0.3555,0.335,10,M
0.69,0.58,0.195,1.658,0.708,0.3615,0.4715,10,I
0.275,0.2,0.07,0.0960000000000004,0.0370000000000004,0.0225000000000001,0.0300000000000001,6,I
0.33,0.245,0.065,0.1445,0.0580000000000002,0.0320000000000001,0.0505000000000001,6,I
0.33,0.26,0.085,0.1965,0.0915000000000001,0.0425000000000001,0.0550000000000002,7,I
0.42,0.31,0.1,0.280500000000001,0.1125,0.0615000000000001,0.0925000000000001,8,I
0.435,0.325,0.1,0.366,0.174,0.0725000000000001,0.109,7,I
0.485,0.365,0.09,0.651,0.3165,0.132,0.18,8,I
0.54,0.42,0.14,0.74,0.3595,0.159,0.1985,8,I
0.54,0.415,0.155,0.702,0.322,0.167,0.19,10,I
0.575,0.45,0.15,0.858,0.449,0.166,0.215,10,I
0.6,0.46,0.155,0.6655,0.285,0.149,0.269,11,M
0.645,0.5,0.15,1.159,0.4675,0.3355,0.31,9,I
0.645,0.51,0.165,1.403,0.5755,0.2515,0.4545,11,M
0.69,0.535,0.185,1.826,0.797,0.409,0.499,11,I
0.695,0.56,0.185,1.7715,0.8195,0.331,0.437,10,I
0.515,0.39,0.12,0.6125,0.302,0.1365,0.1415,8,M
0.63,0.49,0.15,1.1955,0.5845,0.257,0.3,9,M
0.63,0.515,0.16,1.336,0.553,0.3205,0.35,11,I
0.41,0.305,0.1,0.2645,0.1,0.0655000000000001,0.0850000000000002,7,I
0.455,0.335,0.105,0.4055,0.175,0.092,0.1185,8,I
0.48,0.335,0.125,0.524,0.246,0.1095,0.145,7,I
0.485,0.375,0.11,0.464,0.2015,0.0900000000000001,0.149,8,I
0.5,0.36,0.12,0.439,0.1875,0.1055,0.1305,8,I
0.515,0.395,0.125,0.5805,0.2365,0.1075,0.19,9,I
0.545,0.45,0.15,0.7805,0.3795,0.1625,0.216,8,M
0.55,0.435,0.125,0.741,0.348,0.1585,0.206,9,I
0.555,0.43,0.125,0.7005,0.3395,0.1355,0.2095,8,I
0.56,0.45,0.145,0.9355,0.425,0.1645,0.2725,11,M
0.59,0.45,0.155,0.874,0.369,0.2135,0.24,8,M
0.635,0.5,0.175,1.477,0.684,0.3005,0.39,12,I
0.635,0.5,0.18,1.2915,0.594,0.2695,0.37,9,M
0.65,0.495,0.16,1.3105,0.577,0.3315,0.355,9,I
0.67,0.525,0.18,1.4915,0.728,0.343,0.381,9,M
0.675,0.52,0.175,1.494,0.7365,0.3055,0.37,9,I
0.675,0.51,0.15,1.1965,0.475,0.304,0.386,11,I
0.7,0.545,0.215,1.9125,0.8825,0.4385,0.506,10,M
0.715,0.565,0.18,1.79,0.844,0.3535,0.5385,9,I
0.72,0.59,0.205,1.7495,0.7755,0.4225,0.48,11,I
0.42,0.305,0.1,0.3415,0.1645,0.0775,0.0860000000000001,7,I
0.48,0.35,0.1,0.519,0.2365,0.1275,0.126,7,I
0.48,0.365,0.13,0.5305,0.2405,0.127,0.139,8,M
0.515,0.4,0.14,0.7165,0.3495,0.1595,0.1785,8,I
0.56,0.42,0.14,0.837,0.414,0.214,0.2,8,I
0.64,0.505,0.175,1.3185,0.6185,0.302,0.3315,9,I
0.3,0.215,0.05,0.1185,0.0480000000000002,0.0225000000000001,0.0420000000000002,4,I
0.35,0.265,0.09,0.197,0.0730000000000001,0.0365,0.0770000000000002,7,M
0.455,0.35,0.13,0.4725,0.215,0.0745,0.15,9,I
0.58,0.45,0.14,0.824,0.3465,0.1765,0.263,10,M
0.63,0.505,0.155,1.105,0.492,0.226,0.325,11,M
0.65,0.505,0.165,1.357,0.5725,0.281,0.43,11,I
0.67,0.535,0.19,1.669,0.7465,0.2935,0.508,11,M
0.67,0.525,0.2,1.7405,0.6205,0.297,0.657,11,M
0.28,0.215,0.07,0.124,0.0630000000000002,0.0215000000000001,0.0300000000000001,6,I
0.37,0.28,0.09,0.218000000000001,0.0995000000000001,0.0545000000000001,0.0615000000000001,7,I
0.44,0.35,0.11,0.3805,0.1575,0.0895000000000001,0.115,6,I
0.56,0.44,0.135,0.8025,0.35,0.1615,0.259,9,I
0.585,0.475,0.165,1.053,0.458,0.217,0.3,11,I
0.385,0.255,0.1,0.3175,0.137,0.0680000000000001,0.0920000000000001,8,M
0.475,0.365,0.115,0.499,0.232,0.0885,0.156,10,I
0.56,0.43,0.155,0.8675,0.4,0.172,0.229,8,M
