checking_status,duration,credit_history,purpose,credit_amount,savings_status,employment,installment_commitment,personal_status,other_parties,residence_since,property_magnitude,age,other_payment_plans,housing,existing_credits,job,num_dependents,own_telephone,foreign_worker,class
>=200,5,all paid,education,301,500<=X<1000,<1,1,male div/sep,guarantor,1,no known property,20,none,for free,1,unskilled resident,1,none,yes,bad
>=200,4,all paid,education,437,500<=X<1000,<1,1,male div/sep,guarantor,1,no known property,20,none,for free,1,unskilled resident,1,none,yes,bad
>=200,6,all paid,education,253,500<=X<1000,unemployed,1,male div/sep,guarantor,1,car,20,none,own,1,unskilled resident,1,none,yes,bad
>=200,7,all paid,education,405,500<=X<1000,unemployed,1,male div/sep,guarantor,1,car,21,none,for free,1,unskilled resident,1,none,yes,bad
>=200,7,all paid,education,397,500<=X<1000,>=7,1,male div/sep,guarantor,1,car,20,none,for free,1,unskilled resident,1,none,yes,bad
>=200,7,all paid,education,362,500<=X<1000,<1,1,male div/sep,guarantor,1,car,20,none,for free,1,unskilled resident,1,none,yes,bad
<0,6,critical/other existing credit,education,379,500<=X<1000,<1,1,male div/sep,guarantor,1,no known property,20,none,own,1,unskilled resident,1,none,yes,bad
>=200,5,critical/other existing credit,education,260,500<=X<1000,4<=X<7,1,male div/sep,guarantor,1,car,21,none,for free,1,unskilled resident,1,none,yes,bad
>=200,6,all paid,education,326,500<=X<1000,>=7,1,male div/sep,guarantor,1,car,20,none,for free,1,unskilled resident,1,none,yes,bad
>=200,6,all paid,education,386,500<=X<1000,>=7,1,male div/sep,guarantor,1,no known property,20,none,for free,1,unskilled resident,1,none,yes,bad
>=200,5,all paid,education,320,500<=X<1000,unemployed,1,male div/sep,guarantor,1,no known property,20,none,own,1,unskilled resident,1,none,yes,bad
>=200,7,critical/other existing credit,education,399,500<=X<1000,<1,1,male div/sep,guarantor,1,no known property,19,none,for free,1,unskilled resident,1,none,yes,bad
>=200,5,all paid,education,392,500<=X<1000,<1,1,male div/sep,guarantor,1,no known property,19,none,own,1,unskilled resident,1,none,yes,bad
no checking,7,critical/other existing credit,education,346,100<=X<500,4<=X<7,1,male div/sep,guarantor,1,no known property,21,bank,own,1,unskilled resident,2,none,yes,bad
>=200,6,all paid,education,260,500<=X<1000,>=7,1,male div/sep,guarantor,1,car,19,none,own,1,unskilled resident,1,none,yes,bad
no checking,6,critical/other existing credit,education,351,100<=X<500,4<=X<7,1,male div/sep,guarantor,1,car,20,bank,own,1,unskilled resident,2,none,yes,bad
no checking,6,critical/other existing credit,education,376,100<=X<500,4<=X<7,1,male div/sep,guarantor,1,car,20,bank,own,1,unskilled resident,2,none,yes,bad
>=200,6,all paid,education,464,500<=X<1000,unemployed,1,male div/sep,guarantor,1,car,21,none,own,1,unskilled resident,1,none,yes,bad
no checking,5,critical/other existing credit,education,367,100<=X<500,4<=X<7,1,male div/sep,guarantor,1,no known property,20,bank,own,1,unskilled resident,2,none,yes,bad
no checking,7,critical/other existing credit,education,255,100<=X<500,4<=X<7,1,male div/sep,guarantor,1,no known property,20,bank,own,1,unskilled resident,2,none,yes,bad
>=200,4,all paid,education,384,500<=X<1000,unemployed,1,male div/sep,guarantor,1,no known property,20,none,own,1,unskilled resident,1,none,yes,bad
no checking,6,critical/other existing credit,education,378,100<=X<500,4<=X<7,1,male div/sep,guarantor,1,no known property,19,bank,own,1,unskilled resident,2,none,yes,bad
>=200,7,all paid,education,457,500<=X<1000,>=7,1,male div/sep,guarantor,1,car,20,none,for free,1,unskilled resident,1,none,yes,bad
0<=X<200,7,critical/other existing credit,education,452,500<=X<1000,4<=X<7,1,male div/sep,guarantor,1,no known property,21,none,own,1,unskilled resident,1,none,yes,bad
>=200,5,all paid,education,331,500<=X<1000,unemployed,1,male div/sep,guarantor,1,no known property,20,none,for free,1,unskilled resident,1,none,yes,bad
>=200,7,all paid,education,288,500<=X<1000,>=7,1,male div/sep,guarantor,1,no known property,20,none,for free,1,unskilled resident,1,none,yes,bad
>=200,5,all paid,education,276,500<=X<1000,<1,1,male div/sep,guarantor,1,no known property,20,none,own,1,unskilled resident,1,none,yes,bad
>=200,7,all paid,education,410,500<=X<1000,<1,1,male div/sep,guarantor,1,no known property,19,none,for free,1,unskilled resident,1,none,yes,bad
>=200,6,all paid,education,420,500<=X<1000,unemployed,1,male div/sep,guarantor,1,no known property,19,none,own,1,unskilled resident,1,none,yes,bad
>=200,6,all paid,education,365,500<=X<1000,<1,1,male div/sep,guarantor,1,car,20,none,own,1,unskilled resident,1,none,yes,bad
>=200,7,critical/other existing credit,education,324,500<=X<1000,4<=X<7,1,male div/sep,guarantor,1,car,19,none,for free,1,unskilled resident,1,none,yes,bad
>=200,7,all paid,education,361,500<=X<1000,4<=X<7,1,male div/sep,guarantor,1,no known property,20,none,for free,1,unskilled resident,1,none,yes,bad
>=200,6,all paid,education,431,500<=X<1000,4<=X<7,1,male div/sep,guarantor,1,no known property,19,none,own,1,unskilled resident,1,none,yes,bad
no checking,4,critical/other existing credit,education,435,100<=X<500,4<=X<7,1,male div/sep,guarantor,1,car,19,bank,own,1,unskilled resident,2,none,yes,bad
>=200,7,all paid,education,399,500<=X<1000,>=7,1,male div/sep,guarantor,1,car,20,none,for free,1,unskilled resident,1,none,yes,bad
no checking,6,critical/other existing credit,education,387,100<=X<500,4<=X<7,1,male div/sep,guarantor,1,car,20,none,own,1,unskilled resident,1,none,yes,bad
>=200,6,all paid,education,312,500<=X<1000,>=7,1,male div/sep,guarantor,1,no known property,21,none,own,1,unskilled resident,1,none,yes,bad
no checking,7,critical/other existing credit,education,368,100<=X<500,4<=X<7,1,male div/sep,guarantor,1,no known property,20,bank,own,1,unskilled resident,2,none,yes,bad
>=200,7,all paid,education,279,500<=X<1000,4<=X<7,1,male div/sep,guarantor,1,no known property,20,none,own,1,unskilled resident,1,none,yes,bad
>=200,6,all paid,education,297,500<=X<1000,>=7,1,male div/sep,guarantor,1,car,20,none,for free,1,unskilled resident,1,none,yes,bad
>=200,6,all paid,education,401,500<=X<1000,unemployed,1,male div/sep,guarantor,1,car,20,none,own,1,unskilled resident,1,none,yes,bad
>=200,5,all paid,education,272,500<=X<1000,4<=X<7,1,male div/sep,guarantor,1,no known property,21,none,for free,1,unskilled resident,1,none,yes,bad
>=200,4,all paid,education,396,500<=X<1000,<1,1,male div/sep,guarantor,1,car,20,none,own,1,unskilled resident,1,none,yes,bad
>=200,7,critical/other existing credit,education,298,500<=X<1000,>=7,1,male div/sep,guarantor,1,car,21,none,for free,1,unskilled resident,1,none,yes,bad
>=200,7,all paid,education,450,500<=X<1000,<1,1,male div/sep,guarantor,1,car,20,none,for free,1,unskilled resident,1,none,yes,bad
>=200,7,all paid,education,394,500<=X<1000,unemployed,1,male div/sep,guarantor,1,no known property,20,none,for free,1,unskilled resident,1,none,yes,bad
>=200,5,all paid,education,324,500<=X<1000,<1,1,male div/sep,guarantor,1,car,21,none,own,1,unskilled resident,1,none,yes,bad
>=200,5,all paid,education,420,500<=X<1000,unemployed,1,male div/sep,guarantor,1,no known property,21,none,for free,1,unskilled resident,1,none,yes,bad
>=200,4,critical/other existing credit,education,335,500<=X<1000,<1,1,male div/sep,guarantor,1,no known property,20,none,for free,1,unskilled resident,1,none,yes,bad
>=200,5,all paid,education,407,500<=X<1000,4<=X<7,1,male div/sep,guarantor,1,car,21,none,own,1,unskilled resident,1,none,yes,bad
>=200,4,critical/other existing credit,education,277,500<=X<1000,<1,1,male div/sep,guarantor,1,car,21,none,for free,1,unskilled resident,1,none,yes,bad
>=200,6,all paid,education,350,500<=X<1000,4<=X<7,1,male div/sep,guarantor,1,no known property,20,none,own,1,unskilled resident,1,none,yes,bad
>=200,4,all paid,education,250,500<=X<1000,<1,1,male div/sep,guarantor,1,car,21,none,own,1,unskilled resident,1,none,yes,bad
no checking,4,critical/other existing credit,education,409,100<=X<500,4<=X<7,1,male div/sep,guarantor,1,no known property,20,bank,own,1,unskilled resident,2,none,yes,bad
>=200,5,critical/other existing credit,education,466,500<=X<1000,<1,1,male div/sep,guarantor,1,no known property,20,none,for free,1,unskilled resident,1,none,yes,bad
>=200,7,all paid,education,302,500<=X<1000,<1,1,male div/sep,guarantor,1,car,20,none,own,1,unskilled resident,1,none,yes,bad
>=200,7,all paid,education,296,500<=X<1000,>=7,1,male div/sep,guarantor,1,car,20,none,for free,1,unskilled resident,1,none,yes,bad
no checking,5,critical/other existing credit,education,404,100<=X<500,4<=X<7,1,male div/sep,guarantor,1,no known property,19,none,own,1,unskilled resident,2,none,yes,bad
>=200,7,critical/other existing credit,education,284,500<=X<1000,>=7,1,male div/sep,guarantor,1,car,20,none,for free,1,unskilled resident,1,none,yes,bad
no checking,4,critical/other existing credit,education,342,500<=X<1000,4<=X<7,1,male div/sep,guarantor,1,car,21,none,own,1,unskilled resident,1,none,yes,bad
>=200,4,all paid,education,256,500<=X<1000,4<=X<7,1,male div/sep,guarantor,1,car,21,none,for free,1,unskilled resident,1,none,yes,bad
>=200,6,all paid,education,430,500<=X<1000,>=7,1,male div/sep,guarantor,1,no known property,20,none,own,1,unskilled resident,1,none,yes,bad
>=200,6,all paid,education,262,500<=X<1000,4<=X<7,1,male div/sep,guarantor,1,car,20,stores,for free,1,unskilled resident,1,none,yes,bad
>=200,6,all paid,education,338,500<=X<1000,<1,1,male div/sep,guarantor,1,car,20,none,own,1,unskilled resident,1,none,yes,bad
>=200,6,all paid,education,453,500<=X<1000,4<=X<7,1,male div/sep,guarantor,1,no known property,20,none,for free,1,unskilled resident,1,none,yes,bad
>=200,7,all paid,education,361,500<=X<1000,<1,1,male div/sep,guarantor,1,no known property,19,none,for free,1,unskilled resident,1,none,yes,bad
>=200,6,all paid,education,349,500<=X<1000,>=7,1,male div/sep,guarantor,1,car,21,none,own,1,unskilled resident,1,none,yes,bad
no checking,7,critical/other existing credit,education,266,100<=X<500,4<=X<7,1,male div/sep,guarantor,1,no known property,21,bank,own,1,unskilled resident,2,none,yes,bad
no checking,7,critical/other existing credit,education,323,100<=X<500,4<=X<7,1,male div/sep,guarantor,1,car,21,bank,own,1,unskilled resident,2,none,yes,bad
>=200,7,all paid,education,347,500<=X<1000,4<=X<7,1,male div/sep,guarantor,1,car,20,none,for free,1,unskilled resident,1,none,yes,bad
>=200,5,all paid,education,397,500<=X<1000,unemployed,1,male div/sep,guarantor,1,no known property,20,none,own,1,unskilled resident,1,none,yes,bad
>=200,5,all paid,education,304,500<=X<1000,>=7,1,male div/sep,guarantor,1,no known property,19,none,for free,1,unskilled resident,1,none,yes,bad
>=200,5,critical/other existing credit,education,338,500<=X<1000,>=7,1,male div/sep,guarantor,1,car,20,none,for free,1,unskilled resident,1,none,yes,bad
>=200,5,critical/other existing credit,education,430,500<=X<1000,4<=X<7,1,male div/sep,guarantor,1,car,20,none,for free,1,unskilled resident,1,none,yes,bad
>=200,7,all paid,education,357,500<=X<1000,>=7,1,male div/sep,guarantor,1,no known property,20,none,for free,1,unskilled resident,1,none,yes,bad
no checking,7,critical/other existing credit,education,382,100<=X<500,4<=X<7,1,male div/sep,guarantor,1,car,21,bank,own,1,unskilled resident,2,none,yes,bad
>=200,7,all paid,education,251,500<=X<1000,<1,1,male div/sep,guarantor,1,no known property,21,none,own,1,unskilled resident,1,none,yes,bad
>=200,7,all paid,education,337,500<=X<1000,<1,1,male div/sep,guarantor,1,no known property,19,none,for free,1,unskilled resident,1,none,yes,bad
>=200,5,all paid,education,287,500<=X<1000,unemployed,1,male div/sep,guarantor,1,car,19,none,own,1,unskilled resident,1,none,yes,bad
>=200,6,all paid,education,398,500<=X<1000,>=7,1,male div/sep,guarantor,1,car,21,none,own,1,unskilled resident,1,none,yes,bad
no checking,7,critical/other existing credit,education,382,100<=X<500,4<=X<7,1,male div/sep,guarantor,1,car,20,bank,own,1,unskilled resident,2,none,yes,bad
no checking,6,critical/other existing credit,education,327,100<=X<500,4<=X<7,1,male div/sep,guarantor,1,no known property,20,none,own,1,unskilled resident,2,none,yes,bad
>=200,5,all paid,education,438,500<=X<1000,<1,1,male div/sep,guarantor,1,car,20,none,for free,1,unskilled resident,1,none,yes,bad
no checking,7,critical/other existing credit,education,461,100<=X<500,4<=X<7,1,male div/sep,guarantor,1,no known property,20,none,own,1,unskilled resident,2,none,yes,bad
>=200,5,critical/other existing credit,education,469,500<=X<1000,>=7,1,male div/sep,guarantor,1,no known property,19,none,for free,1,unskilled resident,1,none,yes,bad
>=200,6,all paid,education,282,500<=X<1000,4<=X<7,1,male div/sep,guarantor,1,car,20,none,for free,1,unskilled resident,1,none,yes,bad
>=200,6,critical/other existing credit,education,308,500<=X<1000,<1,1,male div/sep,guarantor,1,no known property,20,none,for free,1,unskilled resident,1,none,yes,bad
>=200,5,all paid,education,290,500<=X<1000,>=7,1,male div/sep,guarantor,1,no known property,19,none,for free,1,unskilled resident,1,none,yes,bad
>=200,6,all paid,education,317,500<=X<1000,unemployed,1,male div/sep,guarantor,1,no known property,21,none,for free,1,unskilled resident,1,none,yes,bad
>=200,6,all paid,education,420,500<=X<1000,unemployed,1,male div/sep,guarantor,1,car,21,none,for free,1,unskilled resident,1,none,yes,bad
no checking,7,critical/other existing credit,education,312,100<=X<500,4<=X<7,1,male div/sep,guarantor,1,no known property,20,bank,own,1,unskilled resident,2,none,yes,bad
>=200,4,all paid,education,357,500<=X<1000,4<=X<7,1,male div/sep,guarantor,1,car,19,none,own,1,unskilled resident,1,none,yes,bad
>=200,5,all paid,education,358,500<=X<1000,<1,1,male div/sep,guarantor,1,car,20,none,for free,1,unskilled resident,1,none,yes,bad
>=200,5,all paid,education,464,500<=X<1000,4<=X<7,1,male div/sep,guarantor,1,no known property,20,stores,for free,1,unskilled resident,1,none,yes,bad
no checking,6,critical/other existing credit,education,398,100<=X<500,4<=X<7,1,male div/sep,guarantor,1,car,20,none,own,1,unskilled resident,2,none,yes,bad
>=200,6,all paid,education,452,500<=X<1000,<1,1,male div/sep,guarantor,1,no known property,20,none,own,1,unskilled resident,1,none,yes,bad
no checking,5,critical/other existing credit,education,268,100<=X<500,4<=X<7,1,male div/sep,guarantor,1,no known property,20,bank,own,1,unskilled resident,2,none,yes,bad
>=200,6,critical/other existing credit,education,409,500<=X<1000,>=7,1,male div/sep,guarantor,1,no known property,21,none,for free,1,unskilled resident,1,none,yes,bad
no checking,6,critical/other existing credit,education,419,100<=X<500,4<=X<7,1,male div/sep,guarantor,1,no known property,19,bank,own,1,unskilled resident,2,none,yes,bad
<0,6,critical/other existing credit,education,415,500<=X<1000,>=7,1,male div/sep,guarantor,1,no known property,19,none,own,1,unskilled resident,1,none,yes,bad
>=200,5,all paid,education,395,500<=X<1000,<1,1,male div/sep,guarantor,1,car,20,none,for free,1,unskilled resident,1,none,yes,bad
>=200,5,all paid,education,392,500<=X<1000,>=7,1,male div/sep,guarantor,1,car,20,none,for free,1,unskilled resident,1,none,yes,bad
>=200,5,all paid,education,340,500<=X<1000,<1,1,male div/sep,guarantor,1,car,21,none,own,1,unskilled resident,1,none,yes,bad
>=200,4,all paid,education,467,500<=X<1000,4<=X<7,1,male div/sep,guarantor,1,car,21,none,own,1,unskilled resident,1,none,yes,bad
no checking,6,critical/other existing credit,education,445,100<=X<500,4<=X<7,1,male div/sep,guarantor,1,car,21,bank,own,1,unskilled resident,2,none,yes,bad
>=200,4,all paid,education,437,500<=X<1000,4<=X<7,1,male div/sep,guarantor,1,car,20,none,own,1,unskilled resident,1,none,yes,bad
>=200,5,all paid,education,430,500<=X<1000,>=7,1,male div/sep,guarantor,1,no known property,21,none,own,1,unskilled resident,1,none,yes,bad
no checking,4,critical/other existing credit,education,392,100<=X<500,4<=X<7,1,male div/sep,guarantor,1,no known property,19,none,own,1,unskilled resident,2,none,yes,bad
no checking,7,critical/other existing credit,education,300,100<=X<500,4<=X<7,1,male div/sep,guarantor,1,car,20,bank,own,1,unskilled resident,2,none,yes,bad
>=200,5,all paid,education,396,500<=X<1000,>=7,1,male div/sep,guarantor,1,car,20,none,for free,1,unskilled resident,1,none,yes,bad
>=200,6,all paid,education,253,500<=X<1000,unemployed,1,male div/sep,guarantor,1,car,20,none,for free,1,unskilled resident,1,none,yes,bad
>=200,7,all paid,education,304,500<=X<1000,unemployed,1,male div/sep,guarantor,1,car,20,none,own,1,unskilled resident,1,none,yes,bad
>=200,7,all paid,education,337,500<=X<1000,>=7,1,male div/sep,guarantor,1,car,20,none,own,1,unskilled resident,1,none,yes,bad
>=200,5,all paid,education,395,500<=X<1000,unemployed,1,male div/sep,guarantor,1,car,20,none,for free,1,unskilled resident,1,none,yes,bad
>=200,6,all paid,education,423,500<=X<1000,4<=X<7,1,male div/sep,guarantor,1,no known property,21,none,for free,1,unskilled resident,1,none,yes,bad
no checking,6,critical/other existing credit,education,278,100<=X<500,4<=X<7,1,male div/sep,guarantor,1,car,21,bank,own,1,unskilled resident,2,none,yes,bad
>=200,7,all paid,education,383,500<=X<1000,unemployed,1,male div/sep,guarantor,1,no known property,20,none,for free,1,unskilled resident,1,none,yes,bad
>=200,6,critical/other existing credit,education,369,500<=X<1000,<1,1,male div/sep,guarantor,1,car,20,none,for free,1,unskilled resident,1,none,yes,bad
>=200,7,all paid,education,427,500<=X<1000,4<=X<7,1,male div/sep,guarantor,1,car,19,none,for free,1,unskilled resident,1,none,yes,bad
>=200,6,all paid,education,290,500<=X<1000,4<=X<7,1,male div/sep,guarantor,1,car,19,stores,for free,1,unskilled resident,1,none,yes,bad
>=200,6,all paid,education,283,500<=X<1000,>=7,1,male div/sep,guarantor,1,car,19,none,for free,1,unskilled resident,1,none,yes,bad
>=200,7,all paid,education,329,500<=X<1000,>=7,1,male div/sep,guarantor,1,no known property,19,none,for free,1,unskilled resident,1,none,yes,bad
>=200,6,critical/other existing credit,education,291,500<=X<1000,4<=X<7,1,male div/sep,guarantor,1,no known property,20,none,for free,1,unskilled resident,1,none,yes,bad
>=200,4,critical/other existing credit,education,433,500<=X<1000,<1,1,male div/sep,guarantor,1,no known property,19,none,for free,1,unskilled resident,1,none,yes,bad
no checking,4,critical/other existing credit,education,336,100<=X<500,4<=X<7,1,male div/sep,guarantor,1,no known property,20,bank,own,1,unskilled resident,2,none,yes,bad
>=200,6,all paid,education,427,500<=X<1000,>=7,1,male div/sep,guarantor,1,no known property,19,none,for free,1,unskilled resident,1,none,yes,bad
>=200,5,all paid,education,312,500<=X<1000,>=7,1,male div/sep,guarantor,1,no known property,20,none,own,1,unskilled resident,1,none,yes,bad
>=200,6,all paid,education,360,500<=X<1000,4<=X<7,1,male div/sep,guarantor,1,no known property,19,none,for free,1,unskilled resident,1,none,yes,bad
>=200,7,all paid,education,283,500<=X<1000,unemployed,1,male div/sep,guarantor,1,no known property,19,none,for free,1,unskilled resident,1,none,yes,bad
>=200,7,all paid,education,318,500<=X<1000,>=7,1,male div/sep,guarantor,1,car,21,none,for free,1,unskilled resident,1,none,yes,bad
>=200,7,all paid,education,263,500<=X<1000,<1,1,male div/sep,guarantor,1,no known property,19,none,own,1,unskilled resident,1,none,yes,bad
>=200,7,all paid,education,346,500<=X<1000,unemployed,1,male div/sep,guarantor,1,no known property,21,none,own,1,unskilled resident,1,none,yes,bad
no checking,5,critical/other existing credit,education,327,100<=X<500,4<=X<7,1,male div/sep,guarantor,1,car,20,none,own,1,unskilled resident,1,none,yes,bad
<0,7,critical/other existing credit,education,376,500<=X<1000,>=7,1,male div/sep,guarantor,1,car,21,none,own,1,unskilled resident,1,none,yes,bad
>=200,5,all paid,education,430,500<=X<1000,unemployed,1,male div/sep,guarantor,1,no known property,19,none,own,1,unskilled resident,1,none,yes,bad
>=200,6,all paid,education,280,500<=X<1000,<1,1,male div/sep,guarantor,1,no known property,20,none,for free,1,unskilled resident,1,none,yes,bad
>=200,7,all paid,education,363,500<=X<1000,unemployed,1,male div/sep,guarantor,1,no known property,21,none,for free,1,unskilled resident,1,none,yes,bad
no checking,7,critical/other existing credit,education,403,100<=X<500,4<=X<7,1,male div/sep,guarantor,1,no known property,19,none,own,1,unskilled resident,1,none,yes,bad
>=200,6,all paid,education,351,500<=X<1000,>=7,1,male div/sep,guarantor,1,car,21,none,own,1,unskilled resident,1,none,yes,bad
>=200,4,all paid,education,427,500<=X<1000,unemployed,1,male div/sep,guarantor,1,car,21,none,for free,1,unskilled resident,1,none,yes,bad
no checking,5,critical/other existing credit,education,386,500<=X<1000,4<=X<7,1,male div/sep,guarantor,1,no known property,20,none,own,1,unskilled resident,1,none,yes,bad
>=200,5,all paid,education,356,500<=X<1000,unemployed,1,male div/sep,guarantor,1,car,21,none,for free,1,unskilled resident,1,none,yes,bad
>=200,7,all paid,education,312,500<=X<1000,4<=X<7,1,male div/sep,guarantor,1,car,21,none,own,1,unskilled resident,1,none,yes,bad
>=200,5,all paid,education,291,500<=X<1000,>=7,1,male div/sep,guarantor,1,no known property,20,none,for free,1,unskilled resident,1,none,yes,bad
>=200,6,all paid,education,468,500<=X<1000,unemployed,1,male div/sep,guarantor,1,car,21,none,for free,1,unskilled resident,1,none,yes,bad
no checking,7,critical/other existing credit,education,274,100<=X<500,4<=X<7,1,male div/sep,guarantor,1,car,20,none,own,1,unskilled resident,2,none,yes,bad
>=200,5,all paid,education,367,500<=X<1000,<1,1,male div/sep,guarantor,1,car,19,none,for free,1,unskilled resident,1,none,yes,bad
>=200,7,all paid,education,442,500<=X<1000,unemployed,1,male div/sep,guarantor,1,car,20,none,for free,1,unskilled resident,1,none,yes,bad
>=200,7,all paid,education,419,500<=X<1000,4<=X<7,1,male div/sep,guarantor,1,no known property,21,none,own,1,unskilled resident,1,none,yes,bad
>=200,5,all paid,education,286,500<=X<1000,>=7,1,male div/sep,guarantor,1,car,19,none,for free,1,unskilled resident,1,none,yes,bad
>=200,5,all paid,education,467,500<=X<1000,>=7,1,male div/sep,guarantor,1,no known property,20,none,own,1,unskilled resident,1,none,yes,bad
>=200,5,all paid,education,458,500<=X<1000,>=7,1,male div/sep,guarantor,1,no known property,20,none,own,1,unskilled resident,1,none,yes,bad
>=200,5,all paid,education,411,500<=X<1000,4<=X<7,1,male div/sep,guarantor,1,car,20,none,own,1,unskilled resident,1,none,yes,bad
>=200,4,all paid,education,417,500<=X<1000,>=7,1,male div/sep,guarantor,1,car,20,none,own,1,unskilled resident,1,none,yes,bad
no checking,5,critical/other existing credit,education,345,100<=X<500,4<=X<7,1,male div/sep,guarantor,1,no known property,20,none,own,1,unskilled resident,1,none,yes,bad
>=200,5,all paid,education,343,500<=X<1000,unemployed,1,male div/sep,guarantor,1,no known property,21,none,own,1,unskilled resident,1,none,yes,bad
>=200,6,all paid,education,440,500<=X<1000,4<=X<7,1,male div/sep,guarantor,1,car,19,none,own,1,unskilled resident,1,none,yes,bad
>=200,7,all paid,education,353,500<=X<1000,4<=X<7,1,male div/sep,guarantor,1,car,20,none,for free,1,unskilled resident,1,none,yes,bad
>=200,4,critical/other existing credit,education,287,500<=X<1000,>=7,1,male div/sep,guarantor,1,car,21,none,for free,1,unskilled resident,1,none,yes,bad
>=200,7,critical/other existing credit,education,443,500<=X<1000,>=7,1,male div/sep,guarantor,1,car,20,none,for free,1,unskilled resident,1,none,yes,bad
no checking,6,critical/other existing credit,education,352,100<=X<500,4<=X<7,1,male div/sep,guarantor,1,car,20,bank,own,1,unskilled resident,2,none,yes,bad
>=200,7,all paid,education,434,500<=X<1000,>=7,1,male div/sep,guarantor,1,no known property,20,none,for free,1,unskilled resident,1,none,yes,bad
>=200,4,critical/other existing credit,education,280,500<=X<1000,>=7,1,male div/sep,guarantor,1,car,20,none,for free,1,unskilled resident,1,none,yes,bad
>=200,4,all paid,education,286,500<=X<1000,unemployed,1,male div/sep,guarantor,1,car,21,none,for free,1,unskilled resident,1,none,yes,bad
>=200,4,all paid,education,265,500<=X<1000,>=7,1,male div/sep,guarantor,1,car,19,none,for free,1,unskilled resident,1,none,yes,bad
>=200,6,all paid,education,454,500<=X<1000,4<=X<7,1,male div/sep,guarantor,1,no known property,20,none,for free,1,unskilled resident,1,none,yes,bad
no checking,5,critical/other existing credit,education,339,100<=X<500,4<=X<7,1,male div/sep,guarantor,1,no known property,21,bank,own,1,unskilled resident,2,none,yes,bad
>=200,7,all paid,education,429,500<=X<1000,>=7,1,male div/sep,guarantor,1,car,19,none,own,1,unskilled resident,1,none,yes,bad
>=200,4,all paid,education,438,500<=X<1000,>=7,1,male div/sep,guarantor,1,no known property,19,none,for free,1,unskilled resident,1,none,yes,bad
<0,5,critical/other existing credit,education,400,500<=X<1000,4<=X<7,1,male div/sep,guarantor,1,car,19,none,own,1,unskilled resident,1,none,yes,bad
no checking,6,critical/other existing credit,education,403,100<=X<500,4<=X<7,1,male div/sep,guarantor,1,no known property,20,none,own,1,unskilled resident,1,none,yes,bad
>=200,5,all paid,education,285,500<=X<1000,>=7,1,male div/sep,guarantor,1,car,21,none,for free,1,unskilled resident,1,none,yes,bad
>=200,6,all paid,education,426,500<=X<1000,>=7,1,male div/sep,guarantor,1,no known property,20,none,own,1,unskilled resident,1,none,yes,bad
>=200,7,all paid,education,418,500<=X<1000,unemployed,1,male div/sep,guarantor,1,no known property,19,none,own,1,unskilled resident,1,none,yes,bad
>=200,7,all paid,education,341,500<=X<1000,>=7,1,male div/sep,guarantor,1,no known property,21,none,own,1,unskilled resident,1,none,yes,bad
no checking,7,critical/other existing credit,education,294,100<=X<500,4<=X<7,1,male div/sep,guarantor,1,no known property,21,bank,own,1,unskilled resident,2,none,yes,bad
>=200,4,all paid,education,336,500<=X<1000,4<=X<7,1,male div/sep,guarantor,1,car,19,none,own,1,unskilled resident,1,none,yes,bad
>=200,6,all paid,education,440,500<=X<1000,unemployed,1,male div/sep,guarantor,1,no known property,20,none,own,1,unskilled resident,1,none,yes,bad
>=200,7,all paid,education,332,500<=X<1000,unemployed,1,male div/sep,guarantor,1,car,20,none,for free,1,unskilled resident,1,none,yes,bad
>=200,4,critical/other existing credit,education,258,500<=X<1000,<1,1,male div/sep,guarantor,1,car,21,none,for free,1,unskilled resident,1,none,yes,bad
<0,6,critical/other existing credit,education,285,500<=X<1000,>=7,1,male div/sep,guarantor,1,no known property,21,none,own,1,unskilled resident,1,none,yes,bad
no checking,5,critical/other existing credit,education,427,100<=X<500,4<=X<7,1,male div/sep,guarantor,1,no known property,20,none,own,1,unskilled resident,1,none,yes,bad
>=200,6,all paid,education,443,500<=X<1000,<1,1,male div/sep,guarantor,1,car,21,none,for free,1,unskilled resident,1,none,yes,bad
>=200,5,all paid,education,395,500<=X<1000,>=7,1,male div/sep,guarantor,1,no known property,20,none,own,1,unskilled resident,1,none,yes,bad
>=200,5,all paid,education,387,500<=X<1000,unemployed,1,male div/sep,guarantor,1,no known property,20,none,for free,1,unskilled resident,1,none,yes,bad
>=200,6,all paid,education,341,500<=X<1000,<1,1,male div/sep,guarantor,1,no known property,21,none,own,1,unskilled resident,1,none,yes,bad
>=200,4,all paid,education,387,500<=X<1000,>=7,1,male div/sep,guarantor,1,no known property,20,none,own,1,unskilled resident,1,none,yes,bad
>=200,6,all paid,education,303,500<=X<1000,<1,1,male div/sep,guarantor,1,car,21,none,own,1,unskilled resident,1,none,yes,bad
>=200,4,all paid,education,393,500<=X<1000,<1,1,male div/sep,guarantor,1,no known property,19,none,for free,1,unskilled resident,1,none,yes,bad
>=200,5,critical/other existing credit,education,441,500<=X<1000,>=7,1,male div/sep,guarantor,1,no known property,20,none,for free,1,unskilled resident,1,none,yes,bad
>=200,7,all paid,education,333,500<=X<1000,>=7,1,male div/sep,guarantor,1,no known property,19,none,own,1,unskilled resident,1,none,yes,bad
>=200,5,all paid,education,362,500<=X<1000,>=7,1,male div/sep,guarantor,1,no known property,20,none,own,1,unskilled resident,1,none,yes,bad
no checking,7,critical/other existing credit,education,458,100<=X<500,4<=X<7,1,male div/sep,guarantor,1,no known property,19,bank,own,1,unskilled resident,2,none,yes,bad
>=200,6,all paid,education,460,500<=X<1000,unemployed,1,male div/sep,guarantor,1,no known property,20,none,own,1,unskilled resident,1,none,yes,bad
>=200,4,all paid,education,259,500<=X<1000,>=7,1,male div/sep,guarantor,1,car,21,none,for free,1,unskilled resident,1,none,yes,bad
>=200,5,all paid,education,261,500<=X<1000,<1,1,male div/sep,guarantor,1,no known property,20,none,own,1,unskilled resident,1,none,yes,bad
no checking,6,critical/other existing credit,education,394,100<=X<500,4<=X<7,1,male div/sep,guarantor,1,car,20,bank,own,1,unskilled resident,2,none,yes,bad
>=200,7,all paid,education,258,500<=X<1000,>=7,1,male div/sep,guarantor,1,car,21,none,for free,1,unskilled resident,1,none,yes,bad
no checking,5,critical/other existing credit,education,420,100<=X<500,4<=X<7,1,male div/sep,guarantor,1,car,20,none,own,1,unskilled resident,1,none,yes,bad
>=200,5,all paid,education,300,500<=X<1000,>=7,1,male div/sep,guarantor,1,car,21,none,own,1,unskilled resident,1,none,yes,bad
no checking,6,critical/other existing credit,education,266,100<=X<500,4<=X<7,1,male div/sep,guarantor,1,no known property,21,bank,own,1,unskilled resident,2,none,yes,bad
no checking,6,critical/other existing credit,education,426,100<=X<500,4<=X<7,1,male div/sep,guarantor,1,no known property,21,none,own,1,unskilled resident,1,none,yes,bad
>=200,5,all paid,education,269,500<=X<1000,4<=X<7,1,male div/sep,guarantor,1,no known property,20,none,own,1,unskilled resident,1,none,yes,bad
>=200,5,all paid,education,285,500<=X<1000,>=7,1,male div/sep,guarantor,1,no known property,21,none,own,1,unskilled resident,1,none,yes,bad
>=200,5,all paid,education,253,500<=X<1000,>=7,1,male div/sep,guarantor,1,no known property,21,none,own,1,unskilled resident,1,none,yes,bad
>=200,7,all paid,education,442,500<=X<1000,>=7,1,male div/sep,guarantor,1,no known property,20,none,own,1,unskilled resident,1,none,yes,bad
>=200,5,all paid,education,419,500<=X<1000,unemployed,1,male div/sep,guarantor,1,car,19,none,for free,1,unskilled resident,1,none,yes,bad
>=200,5,all paid,education,356,500<=X<1000,<1,1,male div/sep,guarantor,1,no known property,20,none,own,1,unskilled resident,1,none,yes,bad
>=200,6,all paid,education,454,500<=X<1000,>=7,1,male div/sep,guarantor,1,no known property,19,none,own,1,unskilled resident,1,none,yes,bad
>=200,6,all paid,education,438,500<=X<1000,4<=X<7,1,male div/sep,guarantor,1,car,20,none,for free,1,unskilled resident,1,none,yes,bad
>=200,5,all paid,education,371,500<=X<1000,unemployed,1,male div/sep,guarantor,1,no known property,21,none,own,1,unskilled resident,1,none,yes,bad
>=200,5,all paid,education,308,500<=X<1000,unemployed,1,male div/sep,guarantor,1,no known property,19,none,for free,1,unskilled resident,1,none,yes,bad
>=200,7,all paid,education,454,500<=X<1000,4<=X<7,1,male div/sep,guarantor,1,no known property,20,none,for free,1,unskilled resident,1,none,yes,bad
no checking,4,critical/other existing credit,education,275,100<=X<500,4<=X<7,1,male div/sep,guarantor,1,car,21,none,own,1,unskilled resident,1,none,yes,bad
>=200,7,all paid,education,277,500<=X<1000,<1,1,male div/sep,guarantor,1,no known property,20,none,own,1,unskilled resident,1,none,yes,bad
>=200,6,all paid,education,310,500<=X<1000,unemployed,1,male div/sep,guarantor,1,car,21,none,for free,1,unskilled resident,1,none,yes,bad
>=200,5,all paid,education,256,500<=X<1000,>=7,1,male div/sep,guarantor,1,car,19,none,for free,1,unskilled resident,1,none,yes,bad
0<=X<200,4,critical/other existing credit,education,449,500<=X<1000,<1,1,male div/sep,guarantor,1,car,20,none,own,1,unskilled resident,1,none,yes,bad
>=200,5,all paid,education,368,500<=X<1000,>=7,1,male div/sep,guarantor,1,car,20,none,own,1,unskilled resident,1,none,yes,bad
no checking,7,critical/other existing credit,education,309,100<=X<500,4<=X<7,1,male div/sep,guarantor,1,no known property,21,none,own,1,unskilled resident,1,none,yes,bad
>=200,6,critical/other existing credit,education,443,500<=X<1000,<1,1,male div/sep,guarantor,1,car,19,none,for free,1,unskilled resident,1,none,yes,bad
>=200,6,all paid,education,411,500<=X<1000,unemployed,1,male div/sep,guarantor,1,no known property,20,none,for free,1,unskilled resident,1,none,yes,bad
>=200,6,all paid,education,350,500<=X<1000,4<=X<7,1,male div/sep,guarantor,1,car,20,none,for free,1,unskilled resident,1,none,yes,bad
no checking,6,critical/other existing credit,education,448,500<=X<1000,4<=X<7,1,male div/sep,guarantor,1,car,20,none,own,1,unskilled resident,1,none,yes,bad
>=200,5,all paid,education,263,500<=X<1000,>=7,1,male div/sep,guarantor,1,no known property,21,none,own,1,unskilled resident,1,none,yes,bad
>=200,5,all paid,education,424,500<=X<1000,>=7,1,male div/sep,guarantor,1,no known property,20,none,for free,1,unskilled resident,1,none,yes,bad
>=200,5,all paid,education,337,500<=X<1000,<1,1,male div/sep,guarantor,1,no known property,19,none,for free,1,unskilled resident,1,none,yes,bad
>=200,5,critical/other existing credit,education,437,500<=X<1000,<1,1,male div/sep,guarantor,1,car,20,none,for free,1,unskilled resident,1,none,yes,bad
>=200,7,all paid,education,423,500<=X<1000,>=7,1,male div/sep,guarantor,1,no known property,21,none,own,1,unskilled resident,1,none,yes,bad
no checking,6,critical/other existing credit,education,265,100<=X<500,4<=X<7,1,male div/sep,guarantor,1,no known property,21,none,own,1,unskilled resident,1,none,yes,bad
0<=X<200,5,critical/other existing credit,education,453,500<=X<1000,<1,1,male div/sep,guarantor,1,car,20,none,own,1,unskilled resident,1,none,yes,bad
>=200,4,all paid,education,387,500<=X<1000,<1,1,male div/sep,guarantor,1,no known property,20,none,own,1,unskilled resident,1,none,yes,bad
>=200,7,all paid,education,326,500<=X<1000,<1,1,male div/sep,guarantor,1,no known property,19,none,own,1,unskilled resident,1,none,yes,bad
>=200,5,all paid,education,303,500<=X<1000,unemployed,1,male div/sep,guarantor,1,car,20,none,for free,1,unskilled resident,1,none,yes,bad
>=200,5,all paid,education,335,500<=X<1000,4<=X<7,1,male div/sep,guarantor,1,car,19,none,own,1,unskilled resident,1,none,yes,bad
>=200,4,all paid,education,341,500<=X<1000,4<=X<7,1,male div/sep,guarantor,1,car,21,none,own,1,unskilled resident,1,none,yes,bad
>=200,7,all paid,education,333,500<=X<1000,unemployed,1,male div/sep,guarantor,1,car,21,none,for free,1,unskilled resident,1,none,yes,bad
>=200,4,all paid,education,383,500<=X<1000,>=7,1,male div/sep,guarantor,1,car,19,none,own,1,unskilled resident,1,none,yes,bad
>=200,5,all paid,education,417,500<=X<1000,unemployed,1,male div/sep,guarantor,1,car,20,none,own,1,unskilled resident,1,none,yes,bad
>=200,7,all paid,education,394,500<=X<1000,<1,1,male div/sep,guarantor,1,no known property,20,none,own,1,unskilled resident,1,none,yes,bad
>=200,5,all paid,education,426,500<=X<1000,<1,1,male div/sep,guarantor,1,no known property,20,none,own,1,unskilled resident,1,none,yes,bad
>=200,7,all paid,education,280,500<=X<1000,4<=X<7,1,male div/sep,guarantor,1,no known property,20,none,own,1,unskilled resident,1,none,yes,bad
no checking,7,critical/other existing credit,education,354,100<=X<500,4<=X<7,1,male div/sep,guarantor,1,no known property,20,none,own,1,unskilled resident,2,none,yes,bad
>=200,6,all paid,education,346,500<=X<1000,>=7,1,male div/sep,guarantor,1,car,19,none,own,1,unskilled resident,1,none,yes,bad
>=200,5,all paid,education,465,500<=X<1000,unemployed,1,male div/sep,guarantor,1,no known property,21,none,own,1,unskilled resident,1,none,yes,bad
>=200,4,critical/other existing credit,education,321,500<=X<1000,<1,1,male div/sep,guarantor,1,no known property,20,none,for free,1,unskilled resident,1,none,yes,bad
>=200,7,critical/other existing credit,education,325,500<=X<1000,>=7,1,male div/sep,guarantor,1,car,20,none,for free,1,unskilled resident,1,none,yes,bad
>=200,4,all paid,education,312,500<=X<1000,>=7,1,male div/sep,guarantor,1,car,20,none,own,1,unskilled resident,1,none,yes,bad
<0,5,critical/other existing credit,education,463,500<=X<1000,4<=X<7,1,male div/sep,guarantor,1,no known property,19,none,own,1,unskilled resident,1,none,yes,bad
>=200,7,all paid,education,252,500<=X<1000,4<=X<7,1,male div/sep,guarantor,1,no known property,20,none,for free,1,unskilled resident,1,none,yes,bad
no checking,5,critical/other existing credit,education,350,100<=X<500,4<=X<7,1,male div/sep,guarantor,1,car,20,bank,own,1,unskilled resident,2,none,yes,bad
>=200,5,all paid,education,383,500<=X<1000,>=7,1,male div/sep,guarantor,1,car,20,none,own,1,unskilled resident,1,none,yes,bad
>=200,4,critical/other existing credit,education,323,500<=X<1000,<1,1,male div/sep,guarantor,1,no known property,20,none,for free,1,unskilled resident,1,none,yes,bad
no checking,7,critical/other existing credit,education,336,100<=X<500,4<=X<7,1,male div/sep,guarantor,1,car,21,bank,own,1,unskilled resident,2,none,yes,bad
>=200,5,all paid,education,426,500<=X<1000,>=7,1,male div/sep,guarantor,1,no known property,19,none,for free,1,unskilled resident,1,none,yes,bad
no checking,5,critical/other existing credit,education,357,100<=X<500,4<=X<7,1,male div/sep,guarantor,1,car,21,bank,own,1,unskilled resident,2,none,yes,bad
>=200,6,all paid,education,433,500<=X<1000,unemployed,1,male div/sep,guarantor,1,no known property,21,none,for free,1,unskilled resident,1,none,yes,bad
>=200,5,all paid,education,414,500<=X<1000,>=7,1,male div/sep,guarantor,1,no known property,21,none,own,1,unskilled resident,1,none,yes,bad
>=200,4,all paid,education,468,500<=X<1000,>=7,1,male div/sep,guarantor,1,no known property,19,none,for free,1,unskilled resident,1,none,yes,bad
>=200,6,all paid,education,364,500<=X<1000,>=7,1,male div/sep,guarantor,1,car,19,none,own,1,unskilled resident,1,none,yes,bad
no checking,4,critical/other existing credit,education,453,100<=X<500,4<=X<7,1,male div/sep,guarantor,1,car,20,bank,own,1,unskilled resident,2,none,yes,bad
>=200,5,all paid,education,435,500<=X<1000,<1,1,male div/sep,guarantor,1,no known property,20,none,own,1,unskilled resident,1,none,yes,bad
>=200,7,all paid,education,421,500<=X<1000,unemployed,1,male div/sep,guarantor,1,car,21,none,for free,1,unskilled resident,1,none,yes,bad
>=200,6,critical/other existing credit,education,444,500<=X<1000,<1,1,male div/sep,guarantor,1,no known property,19,none,for free,1,unskilled resident,1,none,yes,bad
>=200,7,all paid,education,366,500<=X<1000,<1,1,male div/sep,guarantor,1,no known property,20,none,for free,1,unskilled resident,1,none,yes,bad
>=200,5,all paid,education,286,500<=X<1000,<1,1,male div/sep,guarantor,1,no known property,20,none,for free,1,unskilled resident,1,none,yes,bad
>=200,5,all paid,education,321,500<=X<1000,>=7,1,male div/sep,guarantor,1,no known property,20,none,own,1,unskilled resident,1,none,yes,bad
>=200,7,critical/other existing credit,education,280,500<=X<1000,>=7,1,male div/sep,guarantor,1,car,19,none,for free,1,unskilled resident,1,none,yes,bad
no checking,7,critical/other existing credit,education,405,100<=X<500,4<=X<7,1,male div/sep,guarantor,1,car,19,bank,own,1,unskilled resident,2,none,yes,bad
no checking,7,critical/other existing credit,education,380,100<=X<500,4<=X<7,1,male div/sep,guarantor,1,car,20,bank,own,1,unskilled resident,2,none,yes,bad
>=200,6,all paid,education,293,500<=X<1000,>=7,1,male div/sep,guarantor,1,no known property,20,none,for free,1,unskilled resident,1,none,yes,bad
>=200,5,all paid,education,401,500<=X<1000,>=7,1,male div/sep,guarantor,1,no known property,19,none,own,1,unskilled resident,1,none,yes,bad
>=200,6,all paid,education,385,500<=X<1000,>=7,1,male div/sep,guarantor,1,no known property,19,none,for free,1,unskilled resident,1,none,yes,bad
>=200,7,all paid,education,420,500<=X<1000,4<=X<7,1,male div/sep,guarantor,1,no known property,20,none,for free,1,unskilled resident,1,none,yes,bad
>=200,7,all paid,education,353,500<=X<1000,>=7,1,male div/sep,guarantor,1,car,19,none,own,1,unskilled resident,1,none,yes,bad
>=200,5,critical/other existing credit,education,266,500<=X<1000,<1,1,male div/sep,guarantor,1,car,20,none,for free,1,unskilled resident,1,none,yes,bad
>=200,4,all paid,education,372,500<=X<1000,unemployed,1,male div/sep,guarantor,1,car,19,none,own,1,unskilled resident,1,none,yes,bad
>=200,5,all paid,education,391,500<=X<1000,<1,1,male div/sep,guarantor,1,car,20,none,for free,1,unskilled resident,1,none,yes,bad
>=200,4,all paid,education,406,500<=X<1000,>=7,1,male div/sep,guarantor,1,car,19,none,for free,1,unskilled resident,1,none,yes,bad
>=200,7,all paid,education,355,500<=X<1000,unemployed,1,male div/sep,guarantor,1,no known property,20,none,own,1,unskilled resident,1,none,yes,bad
no checking,6,critical/other existing credit,education,382,100<=X<500,4<=X<7,1,male div/sep,guarantor,1,no known property,21,bank,own,1,unskilled resident,2,none,yes,bad
no checking,7,critical/other existing credit,education,400,100<=X<500,4<=X<7,1,male div/sep,guarantor,1,no known property,21,bank,own,1,unskilled resident,2,none,yes,bad
>=200,7,all paid,education,372,500<=X<1000,>=7,1,male div/sep,guarantor,1,car,20,none,own,1,unskilled resident,1,none,yes,bad
no checking,5,critical/other existing credit,education,340,100<=X<500,4<=X<7,1,male div/sep,guarantor,1,car,19,bank,own,1,unskilled resident,2,none,yes,bad
>=200,5,all paid,education,460,500<=X<1000,unemployed,1,male div/sep,guarantor,1,no known property,20,none,for free,1,unskilled resident,1,none,yes,bad
no checking,6,critical/other existing credit,education,469,100<=X<500,4<=X<7,1,male div/sep,guarantor,1,car,21,bank,own,1,unskilled resident,2,none,yes,bad
>=200,6,all paid,education,273,500<=X<1000,<1,1,male div/sep,guarantor,1,car,20,none,for free,1,unskilled resident,1,none,yes,bad
>=200,4,all paid,education,293,500<=X<1000,>=7,1,male div/sep,guarantor,1,no known property,19,none,own,1,unskilled resident,1,none,yes,bad
>=200,7,all paid,education,277,500<=X<1000,<1,1,male div/sep,guarantor,1,no known property,20,none,for free,1,unskilled resident,1,none,yes,bad
>=200,6,all paid,education,330,500<=X<1000,>=7,1,male div/sep,guarantor,1,car,20,none,for free,1,unskilled resident,1,none,yes,bad
>=200,5,all paid,education,269,500<=X<1000,<1,1,male div/sep,guarantor,1,no known property,21,none,own,1,unskilled resident,1,none,yes,bad
no checking,7,critical/other existing credit,education,267,100<=X<500,4<=X<7,1,male div/sep,guarantor,1,no known property,19,bank,own,1,unskilled resident,2,none,yes,bad
>=200,4,critical/other existing credit,education,277,500<=X<1000,<1,1,male div/sep,guarantor,1,car,19,none,for free,1,unskilled resident,1,none,yes,bad
no checking,7,critical/other existing credit,education,408,100<=X<500,4<=X<7,1,male div/sep,guarantor,1,car,21,bank,own,1,unskilled resident,2,none,yes,bad
>=200,6,all paid,education,290,500<=X<1000,4<=X<7,1,male div/sep,guarantor,1,car,19,none,for free,1,unskilled resident,1,none,yes,bad
no checking,5,critical/other existing credit,education,447,100<=X<500,4<=X<7,1,male div/sep,guarantor,1,car,20,bank,own,1,unskilled resident,2,none,yes,bad
>=200,7,all paid,education,333,500<=X<1000,>=7,1,male div/sep,guarantor,1,no known property,20,none,own,1,unskilled resident,1,none,yes,bad
>=200,5,all paid,education,463,500<=X<1000,unemployed,1,male div/sep,guarantor,1,no known property,20,none,own,1,unskilled resident,1,none,yes,bad
>=200,6,all paid,education,403,500<=X<1000,<1,1,male div/sep,guarantor,1,no known property,20,none,own,1,unskilled resident,1,none,yes,bad
>=200,6,all paid,education,322,500<=X<1000,<1,1,male div/sep,guarantor,1,no known property,20,none,for free,1,unskilled resident,1,none,yes,bad
>=200,5,all paid,education,301,500<=X<1000,<1,1,male div/sep,guarantor,1,no known property,19,none,own,1,unskilled resident,1,none,yes,bad
no checking,5,critical/other existing credit,education,453,100<=X<500,4<=X<7,1,male div/sep,guarantor,1,no known property,20,bank,own,1,unskilled resident,2,none,yes,bad
>=200,5,all paid,education,368,500<=X<1000,<1,1,male div/sep,guarantor,1,no known property,19,none,own,1,unskilled resident,1,none,yes,bad
>=200,6,all paid,education,313,500<=X<1000,>=7,1,male div/sep,guarantor,1,no known property,20,none,for free,1,unskilled resident,1,none,yes,bad
no checking,7,critical/other existing credit,education,283,100<=X<500,4<=X<7,1,male div/sep,guarantor,1,no known property,21,bank,own,1,unskilled resident,2,none,yes,bad
>=200,5,all paid,education,279,500<=X<1000,4<=X<7,1,male div/sep,guarantor,1,car,20,none,for free,1,unskilled resident,1,none,yes,bad
>=200,7,all paid,education,284,500<=X<1000,>=7,1,male div/sep,guarantor,1,no known property,21,none,for free,1,unskilled resident,1,none,yes,bad
>=200,6,all paid,education,287,500<=X<1000,4<=X<7,1,male div/sep,guarantor,1,car,21,none,own,1,unskilled resident,1,none,yes,bad
>=200,5,all paid,education,328,500<=X<1000,>=7,1,male div/sep,guarantor,1,no known property,21,none,for free,1,unskilled resident,1,none,yes,bad
>=200,5,all paid,education,393,500<=X<1000,>=7,1,male div/sep,guarantor,1,no known property,20,none,own,1,unskilled resident,1,none,yes,bad
>=200,6,all paid,education,416,500<=X<1000,>=7,1,male div/sep,guarantor,1,car,19,none,for free,1,unskilled resident,1,none,yes,bad
no checking,5,critical/other existing credit,education,350,100<=X<500,4<=X<7,1,male div/sep,guarantor,1,no known property,21,bank,own,1,unskilled resident,2,none,yes,bad
>=200,6,all paid,education,303,500<=X<1000,4<=X<7,1,male div/sep,guarantor,1,no known property,21,none,own,1,unskilled resident,1,none,yes,bad
>=200,5,all paid,education,371,500<=X<1000,>=7,1,male div/sep,guarantor,1,no known property,20,none,for free,1,unskilled resident,1,none,yes,bad
>=200,7,all paid,education,333,500<=X<1000,>=7,1,male div/sep,guarantor,1,no known property,20,none,for free,1,unskilled resident,1,none,yes,bad
no checking,5,critical/other existing credit,education,321,100<=X<500,4<=X<7,1,male div/sep,guarantor,1,car,20,bank,own,1,unskilled resident,2,none,yes,bad
>=200,7,all paid,education,293,500<=X<1000,4<=X<7,1,male div/sep,guarantor,1,car,20,none,own,1,unskilled resident,1,none,yes,bad
>=200,5,all paid,education,336,500<=X<1000,4<=X<7,1,male div/sep,guarantor,1,no known property,20,none,own,1,unskilled resident,1,none,yes,bad
>=200,7,all paid,education,385,500<=X<1000,4<=X<7,1,male div/sep,guarantor,1,no known property,19,none,for free,1,unskilled resident,1,none,yes,bad
>=200,5,all paid,education,440,500<=X<1000,unemployed,1,male div/sep,guarantor,1,car,21,none,own,1,unskilled resident,1,none,yes,bad
>=200,7,all paid,education,305,500<=X<1000,4<=X<7,1,male div/sep,guarantor,1,car,20,none,own,1,unskilled resident,1,none,yes,bad
no checking,5,critical/other existing credit,education,309,100<=X<500,4<=X<7,1,male div/sep,guarantor,1,car,20,bank,own,1,unskilled resident,2,none,yes,bad
>=200,5,all paid,education,426,500<=X<1000,>=7,1,male div/sep,guarantor,1,car,21,none,for free,1,unskilled resident,1,none,yes,bad
>=200,7,all paid,education,415,500<=X<1000,>=7,1,male div/sep,guarantor,1,car,20,none,for free,1,unskilled resident,1,none,yes,bad
no checking,5,critical/other existing credit,education,348,100<=X<500,4<=X<7,1,male div/sep,guarantor,1,no known property,20,none,own,1,unskilled resident,1,none,yes,bad
>=200,4,all paid,education,405,500<=X<1000,<1,1,male div/sep,guarantor,1,no known property,20,none,own,1,unskilled resident,1,none,yes,bad
no checking,4,critical/other existing credit,education,427,100<=X<500,4<=X<7,1,male div/sep,guarantor,1,no known property,21,none,own,1,unskilled resident,2,none,yes,bad
>=200,7,all paid,education,395,500<=X<1000,unemployed,1,male div/sep,guarantor,1,no known property,20,none,own,1,unskilled resident,1,none,yes,bad
>=200,7,all paid,education,304,500<=X<1000,unemployed,1,male div/sep,guarantor,1,no known property,21,none,own,1,unskilled resident,1,none,yes,bad
>=200,5,all paid,education,339,500<=X<1000,<1,1,male div/sep,guarantor,1,no known property,20,none,own,1,unskilled resident,1,none,yes,bad
>=200,5,all paid,education,340,500<=X<1000,4<=X<7,1,male div/sep,guarantor,1,no known property,20,stores,for free,1,unskilled resident,1,none,yes,bad
>=200,6,all paid,education,263,500<=X<1000,<1,1,male div/sep,guarantor,1,no known property,19,none,for free,1,unskilled resident,1,none,yes,bad
>=200,5,all paid,education,294,500<=X<1000,>=7,1,male div/sep,guarantor,1,car,21,none,for free,1,unskilled resident,1,none,yes,bad
>=200,6,all paid,education,414,500<=X<1000,4<=X<7,1,male div/sep,guarantor,1,no known property,20,none,own,1,unskilled resident,1,none,yes,bad
no checking,4,critical/other existing credit,education,385,100<=X<500,4<=X<7,1,male div/sep,guarantor,1,no known property,21,bank,own,1,unskilled resident,2,none,yes,bad
>=200,5,all paid,education,393,500<=X<1000,4<=X<7,1,male div/sep,guarantor,1,no known property,20,none,for free,1,unskilled resident,1,none,yes,bad
>=200,7,all paid,education,284,500<=X<1000,>=7,1,male div/sep,guarantor,1,car,20,none,own,1,unskilled resident,1,none,yes,bad
>=200,5,all paid,education,381,500<=X<1000,4<=X<7,1,male div/sep,guarantor,1,car,21,none,own,1,unskilled resident,1,none,yes,bad
0<=X<200,6,critical/other existing credit,education,459,500<=X<1000,4<=X<7,1,male div/sep,guarantor,1,car,20,none,own,1,unskilled resident,1,none,yes,bad
>=200,4,all paid,education,319,500<=X<1000,unemployed,1,male div/sep,guarantor,1,no known property,20,none,own,1,unskilled resident,1,none,yes,bad
no checking,5,critical/other existing credit,education,391,100<=X<500,4<=X<7,1,male div/sep,guarantor,1,no known property,19,bank,own,1,unskilled resident,2,none,yes,bad
>=200,6,all paid,education,393,500<=X<1000,unemployed,1,male div/sep,guarantor,1,no known property,20,none,own,1,unskilled resident,1,none,yes,bad
no checking,7,critical/other existing credit,education,433,100<=X<500,4<=X<7,1,male div/sep,guarantor,1,no known property,19,none,own,1,unskilled resident,2,none,yes,bad
>=200,7,all paid,education,285,500<=X<1000,4<=X<7,1,male div/sep,guarantor,1,no known property,19,none,own,1,unskilled resident,1,none,yes,bad
>=200,5,all paid,education,339,500<=X<1000,<1,1,male div/sep,guarantor,1,no known property,21,none,own,1,unskilled resident,1,none,yes,bad
>=200,4,all paid,education,346,500<=X<1000,>=7,1,male div/sep,guarantor,1,no known property,20,none,for free,1,unskilled resident,1,none,yes,bad
>=200,4,all paid,education,345,500<=X<1000,>=7,1,male div/sep,guarantor,1,car,19,none,own,1,unskilled resident,1,none,yes,bad
>=200,7,all paid,education,354,500<=X<1000,4<=X<7,1,male div/sep,guarantor,1,no known property,19,none,for free,1,unskilled resident,1,none,yes,bad
>=200,7,all paid,education,288,500<=X<1000,<1,1,male div/sep,guarantor,1,car,20,none,for free,1,unskilled resident,1,none,yes,bad
>=200,7,critical/other existing credit,education,433,500<=X<1000,<1,1,male div/sep,guarantor,1,car,21,none,for free,1,unskilled resident,1,none,yes,bad
>=200,6,all paid,education,316,500<=X<1000,4<=X<7,1,male div/sep,guarantor,1,car,19,none,for free,1,unskilled resident,1,none,yes,bad
0<=X<200,5,critical/other existing credit,education,359,500<=X<1000,>=7,1,male div/sep,guarantor,1,no known property,19,none,own,1,unskilled resident,1,none,yes,bad
>=200,6,all paid,education,335,500<=X<1000,>=7,1,male div/sep,guarantor,1,car,20,none,for free,1,unskilled resident,1,none,yes,bad
>=200,6,all paid,education,412,500<=X<1000,4<=X<7,1,male div/sep,guarantor,1,no known property,20,none,own,1,unskilled resident,1,none,yes,bad
>=200,7,all paid,education,441,500<=X<1000,unemployed,1,male div/sep,guarantor,1,no known property,19,none,for free,1,unskilled resident,1,none,yes,bad
>=200,5,all paid,education,335,500<=X<1000,<1,1,male div/sep,guarantor,1,no known property,20,none,own,1,unskilled resident,1,none,yes,bad
>=200,5,critical/other existing credit,education,439,500<=X<1000,<1,1,male div/sep,guarantor,1,no known property,20,none,for free,1,unskilled resident,1,none,yes,bad
>=200,5,all paid,education,408,500<=X<1000,unemployed,1,male div/sep,guarantor,1,no known property,20,none,for free,1,unskilled resident,1,none,yes,bad
>=200,7,all paid,education,330,500<=X<1000,unemployed,1,male div/sep,guarantor,1,no known property,20,none,own,1,unskilled resident,1,none,yes,bad
no checking,7,critical/other existing credit,education,384,100<=X<500,4<=X<7,1,male div/sep,guarantor,1,no known property,20,none,own,1,unskilled resident,2,none,yes,bad
>=200,7,all paid,education,300,500<=X<1000,4<=X<7,1,male div/sep,guarantor,1,car,19,none,own,1,unskilled resident,1,none,yes,bad
>=200,5,all paid,education,349,500<=X<1000,4<=X<7,1,male div/sep,guarantor,1,car,20,none,for free,1,unskilled resident,1,none,yes,bad
>=200,5,all paid,education,256,500<=X<1000,4<=X<7,1,male div/sep,guarantor,1,no known property,19,none,for free,1,unskilled resident,1,none,yes,bad
