age,Medu,Fedu,traveltime,studytime,failures,famrel,freetime,goout,Dalc,Walc,health,absences,G1,G2,G3,school,sex,address,famsize,Pstatus,Mjob,Fjob,reason,guardian,schoolsup,famsup,paid,activities,nursery,higher,internet,romantic
16.677479,2.5007358,2.3667169,1.4379151,2.1151059,0.17857522,3.8783839,3.114874,3.0854552,1.4006932,2.0651214,3.508187,4.239603,11.975819,12.276632,12.565016,GP,F,U,GT3,T,other,other,course,mother,no,yes,no,no,yes,yes,yes,no
16.170694,3.5235498,3.040116,1.1578135,1.8505578,0.0036076806,4.2038927,3.6622326,3.146809,1.3027452,2.221278,3.7770834,1.8393683,13.335381,13.390237,13.684289,GP,M,U,LE3,T,services,other,reputation,mother,no,no,no,yes,yes,yes,yes,no
16.75151,2.383347,2.2591736,1.4633498,2.0853035,0.2085047,3.8063884,3.1204317,3.0359836,1.3744504,2.0337462,3.5526187,4.2700706,11.899103,12.130842,12.386077,GP,F,U,GT3,T,other,other,course,mother,no,yes,no,no,yes,yes,yes,no
16.335619,3.297357,2.8776534,1.2392967,1.9910957,0.016232505,4.086812,3.4242992,3.2334082,1.4284384,2.3097463,3.638151,2.8565385,12.819302,13.06822,13.38671,GP,M,U,GT3,T,services,other,reputation,mother,no,yes,no,yes,yes,yes,yes,no
16.562775,2.7391407,2.5761716,1.371047,2.1497247,0.12874003,3.978861,3.1022894,3.2222314,1.4638398,2.1714644,3.4353764,4.1777077,12.099869,12.512062,13.045481,GP,F,U,GT3,T,other,other,course,mother,no,yes,no,no,yes,yes,yes,no
16.571114,2.706164,2.5537763,1.3833348,2.1536782,0.13512835,3.9704084,3.1006868,3.2030602,1.4558854,2.1528196,3.434853,4.215241,12.0659,12.470312,12.974207,GP,F,U,GT3,T,other,other,course,mother,no,yes,no,no,yes,yes,yes,no
16.526987,2.8742118,2.6399426,1.3354183,2.1350675,0.09386822,3.990263,3.1395023,3.2513747,1.4814415,2.232408,3.465374,4.002099,12.245458,12.633963,13.226547,GP,F,U,GT3,T,other,other,course,mother,no,yes,no,no,yes,yes,yes,no
16.452965,3.0624588,2.7326188,1.2984153,2.0946567,0.049942866,4.02416,3.2298002,3.2679622,1.4806964,2.2733383,3.5259454,3.579489,12.46059,12.842944,13.223065,GP,M,U,GT3,T,other,other,course,mother,no,yes,no,yes,yes,yes,yes,no
16.694817,2.4757771,2.3422067,1.4423219,2.1075134,0.18464607,3.8636866,3.1165116,3.0737667,1.3938637,2.058189,3.517938,4.2414975,11.963573,12.254895,12.523243,GP,F,U,GT3,T,other,other,course,mother,no,yes,no,no,yes,yes,yes,no
16.740005,2.4041853,2.2758367,1.4580264,2.089408,0.20305753,3.8197153,3.119547,3.043026,1.3776447,2.0385776,3.5447905,4.262764,11.917639,12.168951,12.414812,GP,F,U,GT3,T,other,other,course,mother,no,yes,no,no,yes,yes,yes,no
16.543253,2.8184984,2.6200976,1.345044,2.1372252,0.11033934,3.9899337,3.1163125,3.251704,1.4761075,2.2125509,3.4530287,4.0604277,12.187933,12.590197,13.185212,GP,F,U,GT3,T,other,other,course,mother,no,yes,no,no,yes,yes,yes,no
16.729958,2.4232197,2.2911925,1.4528859,2.0926528,0.19818032,3.8322086,3.1191232,3.0502992,1.3808002,2.0440788,3.5379558,4.2516675,11.933494,12.200891,12.43805,GP,F,U,GT3,T,other,other,course,mother,no,yes,no,no,yes,yes,yes,no
16.887962,2.2194376,2.1112154,1.5107398,2.030252,0.27099854,3.7037444,3.143784,3.0043666,1.3811258,2.0589364,3.6142151,4.1955338,11.570963,11.66301,11.923629,GP,F,U,GT3,T,other,other,course,mother,no,yes,no,no,yes,yes,yes,no
16.563456,2.7364705,2.5743856,1.3721125,2.1501322,0.1292615,3.9781175,3.1020846,3.2206647,1.4632269,2.169972,3.4352772,4.181031,12.096934,12.50863,13.039185,GP,F,U,GT3,T,other,other,course,mother,no,yes,no,no,yes,yes,yes,no
16.282299,3.393463,2.9349399,1.208493,1.926159,0.008997964,4.1223927,3.530896,3.1931024,1.3873811,2.289001,3.69119,2.463373,12.978307,13.122545,13.474873,GP,M,U,LE3,T,services,other,reputation,mother,no,yes,no,yes,yes,yes,yes,no
16.41795,3.1347682,2.777535,1.281997,2.0647976,0.036807895,4.041814,3.2788608,3.2691505,1.4727125,2.2913065,3.560742,3.3913932,12.564598,12.909382,13.246276,GP,M,U,GT3,T,services,other,course,mother,no,yes,no,yes,yes,yes,yes,no
16.462656,3.0421143,2.71972,1.3028095,2.1027591,0.05400619,4.0190125,3.217275,3.2675788,1.4819531,2.2694151,3.5162704,3.6279125,12.438162,12.82427,13.217166,GP,F,U,GT3,T,other,other,course,mother,no,yes,no,yes,yes,yes,yes,no
16.76635,2.3559804,2.2369838,1.4703964,2.0796442,0.21583396,3.7889328,3.1216779,3.0268633,1.3703634,2.0276237,3.5631235,4.2784214,11.874873,12.081717,12.347452,GP,F,U,GT3,T,other,other,course,mother,no,yes,no,no,yes,yes,yes,no
16.533758,2.8523104,2.6312535,1.3390023,2.1366549,0.1000019,3.9887023,3.1303892,3.2518873,1.4795735,2.2253342,3.4612272,4.030196,12.222422,12.614948,13.21902,GP,F,U,GT3,T,other,other,course,mother,no,yes,no,no,yes,yes,yes,no
16.86969,2.2309377,2.1239953,1.5060714,2.0372553,0.2627825,3.7135062,3.1395845,3.0017436,1.3752022,2.0455499,3.60928,4.2095637,11.61972,11.734313,11.99484,GP,F,U,GT3,T,other,other,course,mother,no,yes,no,no,yes,yes,yes,no
16.471285,3.0229883,2.7089734,1.3069676,2.1089144,0.058020793,4.014592,3.2057173,3.26635,1.4831067,2.2646148,3.5083807,3.6744719,12.41692,12.805217,13.213241,GP,F,U,GT3,T,other,other,course,mother,no,yes,no,no,yes,yes,yes,no
16.8094,2.2905073,2.180883,1.4881757,2.0628967,0.2361445,3.7487166,3.1283872,3.0084124,1.3669078,2.0235283,3.58602,4.274489,11.778648,11.945831,12.211126,GP,F,U,GT3,T,other,other,course,mother,no,yes,no,no,yes,yes,yes,no
16.754263,2.378271,2.2550538,1.464653,2.0842507,0.20984945,3.8031547,3.1206632,3.0342884,1.3736877,2.0326066,3.5545738,4.271623,11.894603,12.121721,12.378905,GP,F,U,GT3,T,other,other,course,mother,no,yes,no,no,yes,yes,yes,no
16.56827,2.7170222,2.561636,1.3795371,2.1531053,0.13302423,3.9729962,3.1008596,3.209537,1.4588437,2.1591015,3.434218,4.2047415,12.076012,12.48504,12.996682,GP,F,U,GT3,T,other,other,course,mother,no,yes,no,no,yes,yes,yes,no
16.337711,3.2933438,2.875322,1.2404647,1.9933716,0.01659275,4.0853977,3.4201322,3.2347658,1.4297912,2.309928,3.636324,2.8711944,12.813334,13.064368,13.380915,GP,M,U,GT3,T,services,other,reputation,mother,no,yes,no,yes,yes,yes,yes,no
16.472727,3.0193613,2.707237,1.3077255,2.10977,0.05879448,4.013871,3.2036045,3.2658145,1.4833311,2.263693,3.5071685,3.6833494,12.412185,12.801768,13.212568,GP,F,U,GT3,T,other,other,course,mother,no,yes,no,no,yes,yes,yes,no
16.825747,2.2717261,2.1638708,1.4933698,2.055842,0.24340189,3.7377594,3.1313975,3.0044622,1.3680935,2.026783,3.5925896,4.2601204,11.736441,11.893095,12.154832,GP,F,U,GT3,T,other,other,course,mother,no,yes,no,no,yes,yes,yes,no
17.0451,2.1526625,2.021817,1.5502825,1.9755173,0.3494314,3.6407158,3.1751187,3.0461473,1.4513421,2.2020802,3.6475642,4.0743065,11.10177,11.030136,11.281284,GP,F,U,GT3,T,other,other,course,mother,no,yes,no,no,yes,yes,no,no
17.037922,2.153461,2.0248852,1.5485977,1.9777933,0.34555528,3.642081,3.174084,3.0429153,1.4468032,2.1935558,3.646598,4.0814056,11.127682,11.0601225,11.313533,GP,F,U,GT3,T,other,other,course,mother,no,yes,no,no,yes,yes,no,no
17.105833,2.1538918,1.9961485,1.564457,1.9537622,0.38280135,3.6391602,3.182796,3.0809245,1.4947852,2.2832437,3.6546197,3.976787,10.8704815,10.7459545,10.999271,GP,F,U,GT3,T,other,other,course,mother,no,yes,no,yes,yes,yes,no,no
16.538994,2.8355265,2.6255097,1.3419944,2.137285,0.10503088,3.9889534,3.12341,3.2524014,1.477562,2.2193246,3.4577003,4.0483747,12.207193,12.602741,13.203467,GP,F,U,GT3,T,other,other,course,mother,no,yes,no,no,yes,yes,yes,no
16.797287,2.3061042,2.194754,1.4838138,2.067537,0.23069943,3.758427,3.1256366,3.0122647,1.3665423,2.022656,3.580988,4.2790174,11.808487,11.980716,12.250936,GP,F,U,GT3,T,other,other,course,mother,no,yes,no,no,yes,yes,yes,no
16.480093,3.0012078,2.6986775,1.3114688,2.1133728,0.06266657,4.0105457,3.1945136,3.2634947,1.4838611,2.2597566,3.5007098,3.728549,12.3898115,12.780186,13.21458,GP,F,U,GT3,T,other,other,course,mother,no,yes,no,no,yes,yes,yes,no
16.56976,2.709884,2.5569026,1.3818482,2.1537404,0.13432814,3.9712365,3.1003659,3.2054155,1.4570861,2.1550257,3.4340186,4.2127542,12.070003,12.477665,12.982833,GP,F,U,GT3,T,other,other,course,mother,no,yes,no,no,yes,yes,yes,no
16.873108,2.2287853,2.1216025,1.506943,2.035942,0.26430395,3.7116811,3.140371,3.0022347,1.3763051,2.0480485,3.6102052,4.2069325,11.610601,11.72098,11.981525,GP,F,U,GT3,T,other,other,course,mother,no,yes,no,no,yes,yes,yes,no
17.106535,2.1539145,1.9958735,1.5646203,1.9534769,0.38320658,3.6394413,3.182864,3.0814245,1.4954603,2.2843764,3.6547735,3.9747777,10.867209,10.742451,10.995626,GP,F,U,GT3,T,other,other,course,mother,no,yes,no,yes,yes,yes,no,no
16.56616,2.7257721,2.5672474,1.376382,2.151757,0.1313614,3.9751534,3.101293,3.2143621,1.4607801,2.1639938,3.4348867,4.19419,12.085147,12.495082,13.014044,GP,F,U,GT3,T,other,other,course,mother,no,yes,no,no,yes,yes,yes,no
16.51469,2.910105,2.6562064,1.3291705,2.129797,0.08434775,3.9954753,3.1549933,3.2540972,1.483042,2.2410498,3.4735694,3.9376853,12.286873,12.671027,13.225073,GP,F,U,GT3,T,other,other,course,mother,no,yes,no,no,yes,yes,yes,no
16.356289,3.2598307,2.8537884,1.2505645,2.0106695,0.01992497,4.0748873,3.3858597,3.245649,1.441333,2.3100924,3.6202219,2.992706,12.760605,13.03192,13.336502,GP,M,U,GT3,T,services,other,reputation,mother,no,yes,no,yes,yes,yes,yes,no
16.563923,2.7346327,2.5731566,1.3728468,2.1504126,0.12962116,3.9776056,3.1019447,3.2195868,1.4628061,2.1689467,3.4352088,4.183318,12.094917,12.5062685,13.034853,GP,F,U,GT3,T,other,other,course,mother,no,yes,no,no,yes,yes,yes,no
16.507921,2.9294565,2.6653593,1.3256049,2.126578,0.079489,3.998567,3.162994,3.255765,1.4837002,2.2450416,3.4782352,3.898222,12.308912,12.693165,13.224853,GP,F,U,GT3,T,other,other,course,mother,no,yes,no,no,yes,yes,yes,no
16.54334,2.8181477,2.6199865,1.3451068,2.137223,0.11045106,3.9899542,3.1161664,3.2516887,1.4760778,2.2124119,3.452932,4.060672,12.187537,12.589931,13.184835,GP,F,U,GT3,T,other,other,course,mother,no,yes,no,no,yes,yes,yes,no
16.536894,2.842813,2.6279337,1.3407145,2.136982,0.102833726,3.9888208,3.1265674,3.252345,1.4783201,2.2220697,3.4595191,4.0414486,12.214621,12.606897,13.211311,GP,F,U,GT3,T,other,other,course,mother,no,yes,no,no,yes,yes,yes,no
16.918999,2.1999693,2.0895972,1.5187068,2.018468,0.2854104,3.6871603,3.1508782,3.0088,1.3913267,2.0818071,3.6225367,4.17191,11.488189,11.541926,11.802623,GP,F,R,GT3,T,other,other,course,mother,no,yes,no,no,yes,yes,no,no
16.60904,2.6113613,2.4709966,1.4178221,2.142344,0.15503743,3.9435568,3.1047044,3.1475194,1.4289886,2.101798,3.4648077,4.206163,12.00779,12.369501,12.770898,GP,F,U,GT3,T,other,other,course,mother,no,yes,no,no,yes,yes,yes,no
16.489483,2.9783168,2.6881785,1.3162447,2.1177585,0.06781377,4.0063734,3.18384,3.2605534,1.4842174,2.2551546,3.492564,3.7854285,12.363512,12.751568,13.219033,GP,F,U,GT3,T,other,other,course,mother,no,yes,no,no,yes,yes,yes,no
16.578733,2.6843646,2.5355785,1.3924437,2.1524608,0.13995486,3.9648297,3.10187,3.1878405,1.4487519,2.1380882,3.4430468,4.217162,12.050768,12.43867,12.922386,GP,F,U,GT3,T,other,other,course,mother,no,yes,no,no,yes,yes,yes,no
16.84305,2.2534997,2.1469378,1.4984453,2.0482454,0.25100002,3.7277465,3.1343262,3.0013978,1.3698609,2.031897,3.599471,4.2396016,11.69167,11.833701,12.094268,GP,F,U,GT3,T,other,other,course,mother,no,yes,no,no,yes,yes,yes,no
16.976723,2.1655786,2.052012,1.5338526,1.9973931,0.313842,3.657961,3.1641707,3.018258,1.4120002,2.1264684,3.6370926,4.135001,11.333914,11.313937,11.576374,GP,F,R,GT3,T,other,other,course,mother,no,yes,no,no,yes,yes,no,no
16.809008,2.291014,2.1813333,1.4880338,2.0630472,0.23596603,3.7490323,3.1282978,3.0085373,1.3668959,2.0235,3.585857,4.2746353,11.779618,11.946965,12.2124195,GP,F,U,GT3,T,other,other,course,mother,no,yes,no,no,yes,yes,yes,no
16.285887,3.3880684,2.9315755,1.2103131,1.9296309,0.009306033,4.120345,3.5248713,3.1952035,1.389684,2.290235,3.6881864,2.4846892,12.970951,13.121106,13.471789,GP,M,U,LE3,T,services,other,reputation,mother,no,yes,no,yes,yes,yes,yes,no
16.559412,2.7530434,2.5855868,1.3657626,2.1468465,0.12586342,3.982182,3.1034276,3.2296731,1.4666247,2.179582,3.4370944,4.1568723,12.116314,12.528026,13.07263,GP,F,U,GT3,T,other,other,course,mother,no,yes,no,no,yes,yes,yes,no
16.595297,2.640232,2.496214,1.4078512,2.1473014,0.14885113,3.9535184,3.1039655,3.1642137,1.4350916,2.1128464,3.4569283,4.206537,12.022183,12.39971,12.83377,GP,F,U,GT3,T,other,other,course,mother,no,yes,no,no,yes,yes,yes,no
16.574915,2.6957166,2.5450358,1.3876493,2.1532335,0.13742417,3.9677286,3.1012402,3.1958938,1.4524498,2.1458344,3.4385495,4.217225,12.057635,12.454331,12.948993,GP,F,U,GT3,T,other,other,course,mother,no,yes,no,no,yes,yes,yes,no
17.119678,2.1558785,1.9931482,1.5690762,1.9478792,0.39123696,3.6431596,3.1837149,3.0922003,1.508053,2.3048673,3.6561794,3.940891,10.805921,10.676469,10.929206,GP,F,U,GT3,T,other,other,course,mother,no,yes,no,yes,yes,yes,no,no
16.399403,3.1765628,2.8024464,1.2722154,2.0481925,0.03040963,4.052288,3.30954,3.2670321,1.4653473,2.302724,3.5805726,3.2716365,12.637017,12.94834,13.256435,GP,M,U,GT3,T,services,other,home,mother,no,yes,no,yes,yes,yes,yes,no
17.048077,2.1523316,2.0205448,1.5509824,1.9745741,0.3510496,3.6401496,3.1755478,3.047487,1.4532357,2.205625,3.6479647,4.071366,11.091015,11.0176935,11.2678995,GP,F,U,GT3,T,other,other,course,mother,no,yes,no,no,yes,yes,no,no
17.111141,2.1540635,1.9940698,1.5656931,1.9516068,0.38587213,3.6412842,3.1833084,3.084702,1.4999057,2.2918181,3.6557837,3.9616272,10.8457365,10.71946,10.971702,GP,F,U,GT3,T,other,other,course,mother,no,yes,no,yes,yes,yes,no,no
16.914207,2.2029693,2.0929272,1.5174739,2.0202777,0.2831479,3.6897204,3.1497865,3.0081177,1.3897406,2.0782661,3.621257,4.175538,11.500965,11.560615,11.821305,GP,F,U,GT3,T,other,other,course,mother,no,yes,no,no,yes,yes,no,no
16.768946,2.351192,2.233107,1.4716346,2.078658,0.21713658,3.7858734,3.1218953,3.0252724,1.3696547,2.026558,3.5649524,4.2798777,11.870643,12.0731325,12.340703,GP,F,U,GT3,T,other,other,course,mother,no,yes,no,no,yes,yes,yes,no
16.58064,2.679946,2.531587,1.3941755,2.1521952,0.14094985,3.9637027,3.1022515,3.1852179,1.4472046,2.1349096,3.4447489,4.2174535,12.047193,12.432428,12.912403,GP,F,U,GT3,T,other,other,course,mother,no,yes,no,no,yes,yes,yes,no
16.87354,2.228511,2.121298,1.5070542,2.035775,0.26449803,3.7114484,3.1404712,3.002297,1.3764455,2.0483663,3.6103227,4.206599,11.609442,11.719284,11.979832,GP,F,U,GT3,T,other,other,course,mother,no,yes,no,no,yes,yes,yes,no
16.383816,3.2079613,2.8208048,1.2651763,2.0353706,0.026118554,4.0606966,3.3341339,3.261897,1.457927,2.309258,3.5960915,3.1713738,12.6826515,12.984066,13.275249,GP,M,U,GT3,T,services,other,reputation,mother,no,yes,no,yes,yes,yes,yes,no
16.57676,2.6902409,2.540472,1.3899581,2.1528604,0.13864076,3.9663296,3.1015441,3.1920059,1.4506608,2.14209,3.4407215,4.2171946,12.054319,12.446772,12.936152,GP,F,U,GT3,T,other,other,course,mother,no,yes,no,no,yes,yes,yes,no
16.860998,2.2372718,2.1306155,1.503732,2.0406528,0.25891578,3.7181082,3.1376405,3.0009625,1.3728534,2.0399623,3.6064656,4.217715,11.643344,11.767618,12.028145,GP,F,U,GT3,T,other,other,course,mother,no,yes,no,no,yes,yes,yes,no
16.706005,2.459693,2.326412,1.4451915,2.102635,0.18865514,3.85422,3.11755,3.0663066,1.3895359,2.0537927,3.5241938,4.2425303,11.955796,12.240695,12.4962015,GP,F,U,GT3,T,other,other,course,mother,no,yes,no,no,yes,yes,yes,no
16.555084,2.769255,2.596173,1.3595766,2.1433816,0.12250587,3.9853387,3.1051762,3.2373822,1.4696078,2.188603,3.441034,4.130065,12.1351185,12.547522,13.1035795,GP,F,U,GT3,T,other,other,course,mother,no,yes,no,no,yes,yes,yes,no
16.578846,2.6840315,2.5353012,1.392585,2.1524382,0.14002961,3.9647448,3.1018884,3.1876044,1.4486442,2.1378617,3.4431787,4.21716,12.050567,12.438212,12.921606,GP,F,U,GT3,T,other,other,course,mother,no,yes,no,no,yes,yes,yes,no
16.39867,3.1781445,2.8033452,1.2718778,2.0475674,0.03018703,4.0527506,3.3106306,3.26685,1.4650038,2.3031416,3.5813832,3.2668116,12.639531,12.949825,13.256839,GP,M,U,GT3,T,services,other,home,mother,no,yes,no,yes,yes,yes,yes,no
17.107594,2.1539488,1.9954587,1.5648669,1.9530466,0.3838182,3.6398654,3.182966,3.0821784,1.4964796,2.286086,3.655006,3.9717512,10.862272,10.7371645,10.990125,GP,F,U,GT3,T,other,other,course,mother,no,yes,no,yes,yes,yes,no,no
16.548374,2.7918625,2.6099133,1.3514042,2.1386533,0.11799821,3.9899876,3.107819,3.2472706,1.4738694,2.20018,3.4471424,4.0904617,12.159479,12.574795,13.145162,GP,F,U,GT3,T,other,other,course,mother,no,yes,no,no,yes,yes,yes,no
16.536268,2.8448524,2.628627,1.340352,2.1369038,0.102223255,3.988789,3.1274233,3.2522926,1.4785576,2.2228088,3.4599648,4.0392942,12.21652,12.608313,13.213267,GP,F,U,GT3,T,other,other,course,mother,no,yes,no,no,yes,yes,yes,no
16.71353,2.4487274,2.3153212,1.447262,2.0992494,0.19145247,3.847925,3.118049,3.0613978,1.3865273,2.050684,3.5284848,4.2432575,11.949976,12.230715,12.477524,GP,F,U,GT3,T,other,other,course,mother,no,yes,no,no,yes,yes,yes,no
16.599886,2.6290681,2.4865627,1.4120775,2.1454544,0.15128244,3.9503222,3.1039588,3.1581998,1.4329479,2.1082067,3.4591343,4.205623,12.015344,12.386625,12.808519,GP,F,U,GT3,T,other,other,course,mother,no,yes,no,no,yes,yes,yes,no
16.526548,2.8756633,2.6405587,1.3351904,2.1349163,0.093477234,3.9904509,3.1401427,3.2514396,1.4815233,2.2328277,3.4656937,3.9999363,12.247177,12.635279,13.226542,GP,F,U,GT3,T,other,other,course,mother,no,yes,no,no,yes,yes,yes,no
16.759418,2.3687685,2.2473462,1.4670974,2.0822835,0.21238476,3.797096,3.1210966,3.0311193,1.3722656,2.030478,3.5582259,4.274522,11.886185,12.10466,12.365489,GP,F,U,GT3,T,other,other,course,mother,no,yes,no,no,yes,yes,yes,no
16.547379,2.797425,2.6122432,1.3498261,2.1380677,0.116539136,3.9903374,3.109301,3.248263,1.4746017,2.2028327,3.4482381,4.0832148,12.165018,12.578591,13.154477,GP,F,U,GT3,T,other,other,course,mother,no,yes,no,no,yes,yes,yes,no
16.932892,2.191281,2.0799565,1.5222886,2.0132377,0.29205126,3.6797345,3.154039,3.010776,1.3959508,2.0920992,3.6262372,4.1614165,11.451155,11.48774,11.748438,GP,F,R,GT3,T,other,other,course,mother,no,yes,no,no,yes,yes,no,no
16.570972,2.7065518,2.5541022,1.3831795,2.1536846,0.13504463,3.9704947,3.1006534,3.2033057,1.4560103,2.1530495,3.434766,4.21498,12.066328,12.471077,12.975106,GP,F,U,GT3,T,other,other,course,mother,no,yes,no,no,yes,yes,yes,no
16.573002,2.701336,2.5497265,1.3852897,2.153604,0.13618334,3.9691746,3.100938,3.1998823,1.454296,2.1496944,3.4363205,4.217187,12.061152,12.462147,12.962265,GP,F,U,GT3,T,other,other,course,mother,no,yes,no,no,yes,yes,yes,no
16.547863,2.7939703,2.611065,1.3507202,2.1383247,0.11752713,3.990272,3.108149,3.2479382,1.4742198,2.2011662,3.4476154,4.0867524,12.161567,12.5768,13.148539,GP,F,U,GT3,T,other,other,course,mother,no,yes,no,no,yes,yes,yes,no
16.779474,2.3326814,2.2177684,1.4764994,2.0745533,0.22233827,3.7745655,3.12283,3.0195622,1.3674681,2.0234823,3.5718806,4.282722,11.850427,12.037709,12.309897,GP,F,U,GT3,T,other,other,course,mother,no,yes,no,no,yes,yes,yes,no
16.558796,2.7555668,2.5873249,1.3648298,2.1462595,0.12533268,3.982733,3.1036246,3.2309525,1.4670863,2.1810968,3.4375193,4.1528783,12.119439,12.530697,13.077121,GP,F,U,GT3,T,other,other,course,mother,no,yes,no,no,yes,yes,yes,no
17.068493,2.1522684,2.0116942,1.5559163,1.9676058,0.36221537,3.6382134,3.1780446,3.0585916,1.4672143,2.23198,3.650148,4.043371,11.014265,10.923176,11.174508,GP,F,U,GT3,T,other,other,course,mother,no,yes,no,no,yes,yes,no,no
16.455002,3.0581317,2.7298677,1.2993532,2.0964272,0.050783746,4.0230827,3.2271302,3.2678506,1.4809848,2.2725291,3.5238914,3.5899203,12.455726,12.8390045,13.221815,GP,M,U,GT3,T,other,other,course,mother,no,yes,no,yes,yes,yes,yes,no
16.570192,2.708692,2.555901,1.3823242,2.1537204,0.13458416,3.9709716,3.1004689,3.204661,1.4567012,2.1543186,3.4342859,4.2135506,12.068688,12.475308,12.980068,GP,F,U,GT3,T,other,other,course,mother,no,yes,no,no,yes,yes,yes,no
16.69367,1.9434363,1.9794123,2.045094,1.7939739,0.2006891,4.0494614,3.4415703,3.4248047,1.4407145,2.1841793,3.2778428,2.042856,10.413716,10.830339,11.260105,MS,F,R,GT3,T,other,other,course,mother,no,yes,no,no,yes,yes,yes,no
16.81013,1.9898518,1.993898,1.966891,1.809769,0.25947613,3.9915626,3.366765,3.3871565,1.5305555,2.3055043,3.3574345,2.3445337,10.300864,10.608914,10.970666,MS,F,R,GT3,T,other,other,course,mother,no,yes,no,no,yes,yes,yes,no
16.855982,2.0098376,2.0010872,1.933505,1.8150537,0.2864179,3.9690435,3.3373206,3.3730075,1.5690366,2.3578866,3.3894055,2.465596,10.255756,10.520908,10.851432,MS,F,R,GT3,T,other,other,course,mother,no,yes,no,no,yes,yes,yes,no
16.688183,1.9413935,1.9787885,2.0487378,1.793191,0.1982064,4.0521765,3.4451308,3.4265907,1.4367664,2.178729,3.2739809,2.0291083,10.419502,10.840104,11.272992,MS,F,R,GT3,T,other,other,course,mother,no,yes,no,no,yes,yes,yes,no
16.679516,1.9381592,1.9778008,2.0545192,1.7919513,0.19433334,4.056465,3.4507623,3.4294171,1.4305782,2.170129,3.2678614,2.007516,10.428663,10.8555565,11.293385,MS,F,R,GT3,T,other,other,course,mother,no,yes,no,no,yes,yes,yes,no
17.119621,2.1490386,2.026191,1.7407103,1.8405244,0.48060614,3.8209999,3.192355,3.3017256,1.7856474,2.6321826,3.5893934,3.1849241,9.990641,9.887753,10.056327,MS,M,U,GT3,T,other,other,course,mother,no,no,no,no,yes,yes,yes,no
17.003134,2.0890226,2.012814,1.8270078,1.8277309,0.3836661,3.8978393,3.2541902,3.3331223,1.6864163,2.5138545,3.4932415,2.8434348,10.127033,10.217028,10.42368,MS,F,R,GT3,T,other,other,course,mother,no,yes,no,no,yes,yes,yes,no
17.015163,2.096389,2.0141234,1.8174473,1.828855,0.39393598,3.8907735,3.2469528,3.3304589,1.6973034,2.5278454,3.5033398,2.8774638,10.113973,10.187509,10.379239,MS,F,R,GT3,T,other,other,course,mother,no,yes,no,no,yes,yes,yes,no
16.917866,2.0382462,2.0060275,1.8903704,1.8207297,0.32346135,3.9407234,3.3039932,3.356105,1.617282,2.4221747,3.4297934,2.6202796,10.2072735,10.407651,10.689712,MS,F,R,GT3,T,other,other,course,mother,no,yes,no,no,yes,yes,yes,no
17.122719,2.150208,2.0260313,1.7381978,1.8418384,0.48387325,3.8167114,3.1906378,3.3002117,1.7880743,2.63482,3.5920584,3.2026536,9.983918,9.877495,10.050456,MS,M,U,GT3,T,other,other,course,mother,no,no,no,no,yes,yes,yes,no
16.572763,1.9059495,1.9617866,2.1211987,1.7728937,0.15071929,4.1122723,3.5178537,3.4678671,1.358767,2.0630436,3.1987245,1.7306956,10.565741,11.038867,11.561072,MS,F,R,GT3,T,other,other,course,mother,no,yes,no,no,yes,yes,yes,no
16.854218,2.0091007,2.000843,1.9348271,1.8148903,0.28533033,3.969891,3.338464,3.373577,1.5675339,2.3558078,3.3881743,2.460974,10.257293,10.524085,10.855889,MS,F,R,GT3,T,other,other,course,mother,no,yes,no,no,yes,yes,yes,no
17.10327,2.1420922,2.0267785,1.7525171,1.8377101,0.46682733,3.834753,3.2009535,3.3076737,1.7736917,2.6168365,3.5765479,3.1333542,10.013268,9.944807,10.102676,MS,F,U,GT3,T,other,other,course,mother,no,no,no,no,yes,yes,yes,no
17.174942,2.1826084,2.0306036,1.6620338,1.8897303,0.50209856,3.719705,3.1797125,3.240286,1.740516,2.5799406,3.6424947,3.5799134,10.111809,9.938607,10.136152,MS,M,U,GT3,T,other,other,course,mother,no,no,no,yes,yes,yes,yes,no
17.17402,2.1790342,2.031483,1.6675926,1.8873789,0.50473577,3.725092,3.1785989,3.244953,1.7494007,2.586932,3.6396775,3.5629983,10.079005,9.910394,10.105858,MS,M,U,GT3,T,other,other,course,mother,no,no,no,yes,yes,yes,yes,no
17.144854,2.1585064,2.0279255,1.7155027,1.8592556,0.50704825,3.7762983,3.1781242,3.283031,1.8000894,2.6451764,3.6147847,3.377779,9.930712,9.79841,9.998768,MS,M,U,GT3,T,other,other,course,mother,no,no,no,yes,yes,yes,yes,no
17.119549,2.14901,2.0261943,1.7407665,1.840502,0.4805377,3.821082,3.192393,3.301757,1.7855936,2.6321197,3.5893338,3.184599,9.990772,9.887996,10.05649,MS,M,U,GT3,T,other,other,course,mother,no,no,no,no,yes,yes,yes,no
17.012794,2.0949593,2.0138376,1.819344,1.8286475,0.3918816,3.8921533,3.2483501,3.330973,1.6951625,2.5251067,3.5012984,2.870786,10.116578,10.193423,10.388101,MS,F,R,GT3,T,other,other,course,mother,no,yes,no,no,yes,yes,yes,no
16.950567,2.0567696,2.0092611,1.86604,1.8227282,0.34458727,3.925587,3.2860477,3.346591,1.6425259,2.4563656,3.4531932,2.700793,10.180547,10.3382845,10.596493,MS,F,R,GT3,T,other,other,course,mother,no,yes,no,no,yes,yes,yes,no
17.062843,2.1226287,2.0219743,1.7809567,1.8322724,0.4333663,3.864301,3.2226508,3.3202825,1.7399929,2.5790765,3.545206,3.0091727,10.057228,10.062579,10.2189865,MS,F,U,GT3,T,other,other,course,mother,no,no,no,no,yes,yes,yes,no
17.127932,2.1575122,1.9926757,1.5726281,1.9442852,0.39631188,3.645223,3.1839736,3.0989397,1.5159155,2.3171434,3.6560981,3.921989,10.768002,10.634767,10.889166,GP,F,U,GT3,T,other,other,course,mother,no,yes,no,yes,yes,yes,no,no
16.796434,1.9838256,1.9917448,1.9764035,1.8078053,0.25173753,3.9985855,3.375507,3.3914475,1.5191771,2.290154,3.3482184,2.30646,10.315269,10.636733,11.006686,MS,F,R,GT3,T,other,other,course,mother,no,yes,no,no,yes,yes,yes,no
16.917475,2.038058,2.0059958,1.8906431,1.8207066,0.3232319,3.9408863,3.3041885,3.3562033,1.6169949,2.4217935,3.4295266,2.6193833,10.207546,10.408358,10.690714,MS,F,R,GT3,T,other,other,course,mother,no,yes,no,no,yes,yes,yes,no
17.167566,2.1679595,2.0298283,1.6883993,1.877605,0.50955147,3.7464285,3.1768966,3.2621481,1.7776515,2.613943,3.6261382,3.5073464,9.976029,9.806692,10.035597,MS,M,U,GT3,T,other,other,course,mother,no,no,no,yes,yes,yes,yes,no
17.174984,2.183517,2.030377,1.6606965,1.8901968,0.50129735,3.7184203,3.1801064,3.239145,1.7381761,2.5783863,3.6431036,3.5842414,10.119417,9.945316,10.143749,MS,M,U,GT3,T,other,other,course,mother,no,no,no,yes,yes,yes,yes,no
16.916407,2.037542,2.0059109,1.8913901,1.8206427,0.32260403,3.9413323,3.304723,3.3564727,1.6162088,2.4207492,3.428795,2.6169279,10.208298,10.410287,10.693462,MS,F,R,GT3,T,other,other,course,mother,no,yes,no,no,yes,yes,yes,no
16.983717,2.0767505,2.011192,1.8422563,1.8256774,0.36778048,3.909428,3.266351,3.337622,1.6688726,2.4910011,3.4778402,2.7883246,10.147551,10.262902,10.493551,MS,F,R,GT3,T,other,other,course,mother,no,yes,no,no,yes,yes,yes,no
17.149773,2.1597688,2.0277684,1.7105279,1.8639238,0.5093657,3.7676566,3.1765985,3.2772484,1.7982577,2.6408153,3.618001,3.4151027,9.927843,9.787688,9.997643,MS,M,U,GT3,T,other,other,course,mother,no,no,no,yes,yes,yes,yes,no
16.438751,1.8869303,1.9573578,2.1823673,1.7376963,0.10354983,4.1880207,3.596652,3.5269794,1.2759453,1.9413476,3.1259277,1.3529485,10.750452,11.275543,11.92635,MS,F,R,GT3,T,other,other,course,mother,no,yes,no,no,yes,yes,yes,no
17.177158,2.1870704,2.0280766,1.6515286,1.894464,0.4955451,3.7094562,3.1813838,3.2292166,1.7203268,2.565796,3.6470041,3.6201844,10.175659,9.986071,10.195034,MS,M,U,GT3,T,other,other,course,mother,no,no,no,yes,yes,yes,yes,no
16.902782,2.0309885,2.0048559,1.9008937,1.8197641,0.31464148,3.9470735,3.3115423,3.359933,1.6061723,2.407415,3.4195442,2.5854082,10.218046,10.434965,10.728706,MS,F,R,GT3,T,other,other,course,mother,no,yes,no,no,yes,yes,yes,no
17.029255,2.1046722,2.0161405,1.8063186,1.8300365,0.40590483,3.882809,3.2390275,3.3275087,1.7099283,2.5435696,3.515508,2.9167016,10.098014,10.151669,10.328833,MS,F,U,GT3,T,other,other,course,mother,no,yes,no,no,yes,yes,yes,no
17.053102,2.117537,2.0203393,1.7881987,1.8316703,0.42528793,3.8697572,3.2272925,3.3224664,1.7311547,2.5686972,3.5365486,2.9820564,10.069131,10.0884695,10.250819,MS,F,U,GT3,T,other,other,course,mother,no,yes,no,no,yes,yes,yes,no
17.080914,2.1317608,2.025127,1.768605,1.8341691,0.44778255,3.852683,3.2132885,3.3148282,1.7557743,2.595676,3.559397,3.0614727,10.040127,10.015423,10.166566,MS,F,U,GT3,T,other,other,course,mother,no,no,no,no,yes,yes,yes,no
16.856081,2.0098794,2.001101,1.9334303,1.8150632,0.2864796,3.9689956,3.3372562,3.3729753,1.5691218,2.3580043,3.3894749,2.4658585,10.255669,10.52073,10.851181,MS,F,R,GT3,T,other,other,course,mother,no,yes,no,no,yes,yes,yes,no
17.159868,2.1659834,2.0288098,1.6968572,1.8723986,0.5100888,3.754899,3.1765258,3.2671804,1.7876012,2.6245627,3.622732,3.4755952,9.94357,9.783198,10.013964,MS,M,U,GT3,T,other,other,course,mother,no,no,no,yes,yes,yes,yes,no
16.970598,2.0686333,2.0107,1.85182,1.8242977,0.35814372,3.916236,3.2744975,3.3408337,1.6582944,2.4768002,3.467799,2.7527933,10.159865,10.294689,10.536119,MS,F,R,GT3,T,other,other,course,mother,no,yes,no,no,yes,yes,yes,no
16.78967,1.9808431,1.9906788,1.9811289,1.8068343,0.2479856,4.002049,3.3798277,3.3935697,1.5136231,2.2825913,3.3436518,2.2878275,10.322395,10.650493,11.024498,MS,F,R,GT3,T,other,other,course,mother,no,yes,no,no,yes,yes,yes,no
16.937077,2.0490081,2.0079598,1.876021,1.8218776,0.33570287,3.9318771,3.2935412,3.3505504,1.632013,2.442247,3.4435136,2.6670907,10.192105,10.367269,10.635454,MS,F,R,GT3,T,other,other,course,mother,no,yes,no,no,yes,yes,yes,no
16.678394,1.9377408,1.9776729,2.0552688,1.7917911,0.19383723,4.057019,3.4514909,3.4297829,1.4297827,2.1690187,3.267069,2.0047367,10.42985,10.857558,11.296024,MS,F,R,GT3,T,other,other,course,mother,no,yes,no,no,yes,yes,yes,no
16.857447,2.0104492,2.0012898,1.9324086,1.8151894,0.28732318,3.9683394,3.3363717,3.3725348,1.570286,2.3596127,3.3904269,2.4694397,10.25448,10.518275,10.8477335,MS,F,R,GT3,T,other,other,course,mother,no,yes,no,no,yes,yes,yes,no
16.88307,2.0218387,2.003695,1.9140534,1.8177528,0.3029214,3.9560697,3.3214476,3.3651738,1.5910177,2.3877451,3.4072201,2.5360544,10.233848,10.471252,10.781502,MS,F,R,GT3,T,other,other,course,mother,no,yes,no,no,yes,yes,yes,no
17.16622,2.167615,2.0296402,1.6898541,1.8766756,0.5096469,3.7479165,3.1768157,3.2631142,1.7794499,2.6158013,3.6254518,3.5017135,9.969894,9.801872,10.031382,MS,M,U,GT3,T,other,other,course,mother,no,no,no,yes,yes,yes,yes,no
17.062738,2.1225739,2.0219572,1.781035,1.832266,0.4332782,3.8643603,3.222701,3.320306,1.7398968,2.5789642,3.5451126,3.0088778,10.057358,10.062857,10.21933,MS,F,U,GT3,T,other,other,course,mother,no,no,no,no,yes,yes,yes,no
