"","y","V1","V2","V3","V4","Class"
"960",1,-6.3979,6.4479,1.0836,-6.6176,2
"970",1,-2.1786,-6.4479,6.0344,-0.20777,2
"477",1,0.3798,0.7098,0.7572,-0.4444,1
"620",1,0.56953,7.6294,1.5754,-3.2233,1
"126",1,2.994,7.2011,-1.2153,0.3211,1
"1079",1,-0.37013,-5.554,4.7749,1.547,2
"973",1,1.3518,1.0595,-2.3437,0.39998,2
"208",1,2.5605,9.2683,-3.5913,-1.356,1
"649",1,0.77765,5.9781,1.1941,-0.3526,1
"807",1,-6.2003,8.6806,0.009134,-3.703,2
"772",1,-0.9854,-6.661,5.8245,0.5461,2
"351",1,-1.2528,10.2036,2.1787,-5.6038,1
"81",1,2.8033,9.0862,-3.3668,-1.0224,1
"256",1,4.1425,-3.6792,3.8281,1.6297,1
"1283",1,-1.9983,-6.6072,4.8254,-0.41984,2
"1244",1,-5.0676,-5.1877,10.4266,-0.86725,2
"1359",1,-1.0116,-0.19038,-0.90597,0.003003,2
"1306",1,-3.8953,4.0392,-0.3019,-2.1836,2
"1009",1,-1.9409,-8.6848,9.155,0.94049,2
"533",1,2.5227,2.2369,2.7236,0.79438,1
"661",1,4.2756,-2.6528,2.1375,0.94437,1
"919",1,2.3917,4.5565,-4.9888,-2.8987,2
"1058",1,-2.0441,1.2271,0.18564,-1.091,2
"835",1,-1.7263,-6.0237,5.2419,0.29524,2
"1371",1,-3.5637,-8.3827,12.393,-1.2823,2
"1230",1,0.23874,2.0879,-3.3522,-0.66553,2
"1280",1,-5.3012,7.3915,0.029699,-7.3987,2
"343",1,4.0329,0.23175,0.89082,1.1823,1
"54",1,2.549,6.1499,-1.1605,-1.2371,1
"1101",1,1.4378,0.66837,-2.0267,1.0271,2
"1142",1,-0.49081,2.8452,-3.6436,-3.1004,2
"733",1,-2.7143,11.4535,2.1092,-3.9629,1
"608",1,5.7456,10.1808,-4.7857,-4.3366,1
"1011",1,-2.9915,-6.6258,8.6521,1.8198,2
"875",1,-2.799,1.9679,-0.42357,-2.1125,2
"82",1,4.4682,2.2907,0.95766,0.83058,1
"304",1,-1.9177,11.6894,2.5454,-3.2763,1
"1096",1,1.164,3.913,-4.5544,-3.8672,2
"1210",1,-0.69078,-0.50077,-0.35417,0.47498,2
"966",1,-0.21394,-0.68287,0.096532,1.1965,2
"67",1,4.6054,-4.0765,2.7587,0.31981,1
"977",1,-2.2987,-5.227,5.63,0.91722,2
"834",1,-2.8267,-9.0407,9.0694,-0.98233,2
"600",1,3.9292,-2.9156,2.2129,0.30817,1
"689",1,2.6213,5.7919,0.065686,-1.5759,1
"1127",1,-3.3582,-7.2404,11.4419,-0.57113,2
"1312",1,-1.1188,3.3357,-1.3455,-1.9573,2
"585",1,0.33565,6.8369,0.69718,-0.55691,1
"407",1,0.14783,7.946,1.0742,-3.3409,1
"382",1,5.4188,10.1457,-4.084,-3.6991,1
"388",1,4.6361,-2.6611,2.8358,1.1991,1
"526",1,1.2746,8.8172,-1.5323,-1.7957,1
"450",1,3.9414,-3.2902,3.1674,1.0866,1
"1366",1,-4.5046,-5.8126,10.8867,-0.52846,2
"1186",1,-2.2617,-4.7428,6.3489,0.11162,2
"688",1,-0.53966,7.3273,0.46583,-1.4543,1
"187",1,3.2585,-4.4614,3.8024,-0.15087,1
"918",1,1.5631,0.89599,-1.9702,0.65472,2
"1348",1,-5.3857,9.1214,-0.41929,-5.9181,2
"232",1,-2.3361,11.9604,3.0835,-5.4435,1
"198",1,1.9157,6.0816,0.23705,-2.0116,1
"156",1,2.486,-0.99533,5.3404,-0.15475,1
"832",1,-0.39416,-0.020702,-0.066267,-0.44699,2
"8",1,2.0922,-6.81,8.4636,-0.60216,1
"135",1,-1.0401,9.3987,0.85998,-5.3336,1
"86",1,4.0296,2.6756,0.80685,0.71679,1
"199",1,4.0215,-2.1914,2.4648,1.1409,1
"775",1,-0.61442,-0.091058,-0.31818,0.50214,2
"1153",1,-2.4835,-7.4494,6.8964,-0.64484,2
"122",1,4.0713,10.4023,-4.1722,-4.7582,1
"1200",1,-2.9138,-9.4711,9.7668,-0.60216,2
"824",1,-1.979,3.2301,-1.3575,-2.5819,2
"1056",1,-0.60254,1.7237,-2.1501,-0.77027,2
"927",1,-0.23356,3.2405,-3.0669,-2.7784,2
"190",1,2.7365,-5.0325,6.6608,-0.57889,1
"1361",1,-0.24745,1.9368,-2.4697,-0.80518,2
"179",1,-0.13144,-1.7775,8.3316,0.35214,1
"997",1,-2.3142,2.0838,-0.46813,-1.6767,2
"133",1,2.0139,6.1416,0.37929,0.56938,1
"60",1,-0.78289,11.3603,-0.37644,-7.0495,1
"114",1,4.2188,6.8162,-1.2804,0.76076,1
"903",1,-2.8957,-12.0205,11.9149,-2.7552,2
"406",1,0.58982,7.4266,1.2353,-2.9595,1
"910",1,-1.7322,-9.2828,7.719,-1.7168,2
"902",1,-1.5449,-10.1498,9.6152,-1.2332,2
"654",1,3.3577,-4.3062,6.0241,0.18274,1
"505",1,2.8297,6.3485,-0.73546,-0.58665,1
"1094",1,0.74428,-3.7723,1.6131,1.5754,2
"296",1,2.1464,6.0795,-0.5778,-2.2302,1
"1187",1,-4.244,-13.0634,17.1116,-2.8017,2
"986",1,0.75108,1.9161,-3.1098,-0.20518,2
"1258",1,-1.8974,3.5074,-1.7842,-3.8491,2
"988",1,-0.55648,3.2136,-3.3085,-2.7965,2
"1214",1,-2.62,-6.8555,6.2169,-0.62285,2
"1120",1,-1.4375,-1.8624,4.026,0.55127,2
"947",1,-0.001285,0.13863,-0.19651,0.008175,2
"234",1,0.46901,-0.63321,7.3848,0.36507,1
"869",1,-4.4996,3.4288,0.56265,-1.1672,2
"22",1,0.3292,-4.4552,4.5718,-0.9888,1
"771",1,0.3434,0.12415,-0.28733,0.14654,2
"1205",1,-2.7723,3.2777,-0.9351,-3.1457,2
"38",1,3.6289,0.81322,1.6277,0.77627,1
"650",1,-0.38388,-1.0471,8.0514,0.49567,1
"925",1,1.5904,2.2121,-3.1183,-0.11725,2
"906",1,0.74521,3.6357,-4.4044,-4.1414,2
"852",1,0.60731,3.9544,-4.772,-4.4853,2
"302",1,2.9719,6.8369,-0.2702,0.71291,1
"225",1,-0.36038,4.1158,3.1143,-0.37199,1
"1170",1,0.98296,3.4226,-3.9692,-1.7116,2
"134",1,0.4339,5.5395,2.033,-0.40432,1
"1071",1,-3.1423,-13.0365,15.6773,-0.66165,2
"1089",1,0.64376,3.764,-4.4738,-4.0483,2
"732",1,1.0182,9.109,-0.62064,-1.7129,1
"507",1,2.093,8.3061,0.022844,-3.2724,1
"241",1,3.2704,6.9321,-1.0456,0.23447,1
"405",1,0.3798,0.7098,0.7572,-0.4444,1
"1319",1,-0.49281,3.0605,-1.8356,-2.834,2
"212",1,3.5156,10.1891,-4.2759,-4.978,1
"164",1,2.4008,9.3593,-3.3565,-3.3526,1
"47",1,2.0843,6.6258,0.48382,-2.2134,1
"1118",1,-1.9881,0.99945,-0.28562,-0.70044,2
"583",1,4.0552,0.40143,1.4563,0.65343,1
"1143",1,-6.5773,6.8017,0.85483,-7.5344,2
"784",1,0.47368,3.3605,-4.5064,-4.0431,2
"1059",1,-1.5621,-2.2121,4.2591,0.27972,2
"520",1,3.4669,6.87,-1.0568,-0.73147,1
"243",1,1.6406,3.5488,1.3964,-0.36424,1
"1092",1,-1.7101,-8.7903,7.9735,-0.45475,2
"1336",1,-1.5681,-7.2446,6.5537,-0.1276,2
"28",1,-0.38214,8.3909,2.1624,-3.7405,1
"931",1,-2.2214,-0.23798,0.56008,0.05602,2
"1228",1,-2.564,-1.7051,1.5026,0.32757,2
"25",1,4.4338,9.887,-4.6795,-3.7483,1
"795",1,-1.6244,-6.3444,4.6575,0.16981,2
"471",1,0.87256,9.2931,-0.7843,-2.1978,1
"534",1,0.045304,6.7334,1.0708,-0.9332,1
"541",1,3.9772,0.33521,2.2566,2.1625,1
"1275",1,-2.5526,-7.3625,6.9255,-0.66811,2
"524",1,2.1319,-2.0403,2.5574,-0.061652,1
"1068",1,-0.82601,2.9611,-1.2864,-1.4647,2
"1135",1,-1.7063,2.7956,-2.378,-2.3491,2
"926",1,1.7425,3.6833,-4.0129,-1.7207,2
"342",1,-1.1804,11.5093,0.15565,-6.8194,1
"1179",1,-2.0754,1.2767,-0.64206,-1.2642,2
"1271",1,-0.74324,-0.32902,-0.42785,0.23317,2
"938",1,-2.902,-7.6563,11.8318,-0.84268,2
"724",1,0.74841,7.2756,1.1504,-0.5388,1
"859",1,0.25943,5.0097,-5.0394,-6.3862,2
"700",1,3.9166,10.2491,-4.0926,-4.4659,1
"1219",1,-5.4414,7.2363,0.10938,-7.5642,2
"403",1,1.9647,6.9383,0.57722,0.66377,1
"515",1,2.0153,1.8479,3.1375,0.42843,1
"759",1,3.931,1.8541,-0.023425,1.2314,1
"1082",1,-5.119,6.6486,-0.049987,-6.5206,2
"1360",1,0.066129,2.4914,-2.9401,-0.62156,2
"392",1,2.1265,6.8783,0.44784,-2.2224,1
"1369",1,-1.3887,-4.8773,6.4774,0.34179,2
"1137",1,-0.41645,0.32487,-0.33617,-0.36036,2
"218",1,1.3264,1.0326,5.6566,-0.41337,1
"860",1,-5.873,9.1752,-0.27448,-6.0422,2
"1249",1,-4.1958,-8.1819,12.1291,-1.6017,2
"196",1,-1.8584,7.886,-1.6643,-1.8384,1
"691",1,5.8519,5.3905,-2.4037,-0.061652,1
"1173",1,-6.9599,8.9931,0.2182,-4.572,2
"200",1,5.8862,5.8747,-2.8167,-0.30087,1
"547",1,1.4507,8.7903,-2.2324,-0.65259,1
"1116",1,-0.29858,2.4769,-2.9512,-0.66165,2
"18",1,0.80355,2.8473,4.3439,0.6017,1
"894",1,-0.77288,-7.4473,6.492,0.36119,2
"1327",1,-1.2943,2.6735,-0.84085,-2.0323,2
"1281",1,-3.3553,0.35591,2.6473,-0.37846,2
"1307",1,-1.2244,1.7485,-1.4801,-1.4181,2
"754",1,3.1541,-5.1711,6.5991,0.57455,1
"492",1,3.0632,-3.3315,5.1305,0.8267,1
"1285",1,1.208,4.0744,-4.7635,-2.6129,2
"183",1,-0.69572,8.6165,1.8419,-4.3289,1
"891",1,-1.6637,3.2881,-2.2701,-2.2224,2
"736",1,3.5358,6.7086,-0.81857,0.47886,1
"96",1,-0.64472,-4.6062,8.347,-2.7099,1
"1095",1,2.0177,1.7982,-2.9581,0.2099,2
"1344",1,-0.95923,-6.7128,4.9857,0.32886,2
"1032",1,-1.8554,-9.6035,7.7764,-0.97716,2
"21",1,5.7867,7.8902,-2.6196,-0.48708,1
"397",1,2.6799,3.1349,0.34073,0.58489,1
"969",1,-1.9555,0.20692,1.2473,-0.3707,2
"674",1,-1.8348,11.0334,3.1863,-4.8888,1
"761",1,3.2414,0.40971,1.4015,1.1952,1
"639",1,2.7213,7.05,-0.58808,0.41809,1
"893",1,0.21431,-0.69529,0.87711,0.29653,2
"831",1,-1.4427,3.2922,-1.9702,-3.4392,2
"276",1,3.4312,6.2637,-1.9513,-0.36165,1
"480",1,2.0962,2.4769,1.9379,-0.040962,1
"788",1,-2.6685,-10.4519,9.1139,-1.7323,2
"171",1,0.5706,-0.0248,1.2421,-0.5621,1
"789",1,-0.47465,-4.3496,1.9901,0.7517,2
"625",1,4.6562,7.6398,-2.4243,-1.2384,1
"432",1,1.3087,4.9228,2.0013,0.22024,1
"359",1,2.6917,10.8161,-3.3,-4.2888,1
"41",1,4.1711,8.722,-3.0224,-0.59699,1
"303",1,1.6849,8.7489,-1.2641,-1.3858,1
"30",1,4.8906,-3.3584,3.4202,1.0905,1
"512",1,3.9433,2.5017,1.5215,0.903,1
"905",1,0.50225,0.65388,-1.1793,0.39998,2
"1290",1,-1.4094,-2.1252,-0.10397,-0.19225,2
"1172",1,-3.8552,3.5219,-0.38415,-3.8608,2
"1100",1,-0.71868,-5.7154,3.8298,1.0233,2
"317",1,5.7353,5.2808,-2.2598,0.075416,1
"371",1,2.2526,9.9636,-3.1749,-2.9944,1
"703",1,3.7522,-3.6978,3.9943,1.3051,1
"395",1,-2.2623,12.1177,0.28846,-7.7581,1
"799",1,-5.4901,9.1048,-0.38758,-5.9763,2
"17",1,2.6719,3.0646,0.37158,0.58619,1
"314",1,2.1274,5.1939,-1.7971,-1.1763,1
"1311",1,-3.3458,-0.50491,2.6328,0.53705,2
"58",1,5.807,5.0097,-2.2384,0.43878,1
"1066",1,-3.6012,-6.5389,10.5234,-0.48967,2
"1097",1,-4.3667,6.0692,0.57208,-5.4668,2
"206",1,4.8077,2.2327,-0.26334,1.5534,1
"892",1,-0.55008,2.8659,-1.6488,-2.4319,2
"272",1,5.3915,9.9946,-3.8081,-3.3642,1
"9",1,3.2032,5.7588,-0.75345,-0.61251,1
"648",1,3.7791,2.5762,1.3098,0.5655,1
"963",1,-1.8076,-8.8131,8.7086,-0.21682,2
"378",1,-1.9922,11.6542,2.6542,-5.2107,1
"65",1,5.4021,3.1039,-1.1536,1.5651,1
"16",1,4.6765,-3.3895,3.4896,1.4771,1
"376",1,0.58836,10.7727,-1.3884,-4.3276,1
"153",1,5.0691,0.21313,0.20278,1.2095,1
"1332",1,0.22432,-0.52147,-0.40386,1.2017,2
"749",1,0.85574,0.008268,6.6042,-0.53104,1
"1040",1,1.0194,1.1029,-2.3,0.59395,2
"1084",1,-0.69879,-3.3771,4.1211,1.5043,2
"721",1,5.2012,0.32694,0.17965,1.1797,1
"215",1,4.1962,0.74493,0.83256,0.753,1
"23",1,3.9362,10.1622,-3.8235,-4.0172,1
"881",1,-2.3518,-4.8359,6.6479,-0.060358,2
"914",1,-4.2249,6.2699,0.15822,-5.5457,2
"306",1,1.0284,9.767,-1.3687,-1.7853,1
"201",1,-2.0897,10.8265,2.3603,-3.4198,1
"237",1,-1.3274,9.498,2.4408,-5.2689,1
"641",1,4.1665,-0.4449,0.23448,0.27843,1
"1152",1,-2.3142,-0.68494,1.9833,-0.44829,2
"1042",1,0.27331,4.8773,-4.9194,-5.8198,2
"747",1,4.6499,7.6336,-1.9427,-0.37458,1
"24",1,0.93584,8.8855,-1.6831,-1.6599,1
"214",1,0.68087,2.3259,4.9085,0.54998,1
"123",1,-1.4572,9.1214,1.7425,-5.1241,1
"496",1,-0.12624,10.3216,-3.7121,-6.1185,1
"99",1,3.82,10.9279,-4.0112,-5.0284,1
"119",1,2.8969,0.70768,2.29,1.8663,1
"864",1,0.20216,1.9182,-3.2828,-0.61768,2
"1202",1,-0.8734,-0.033118,-0.20165,0.55774,2
"1150",1,0.33325,3.3108,-4.5081,-4.012,2
"1314",1,-1.5078,-7.3191,7.8981,1.2289,2
"1356",1,-6.1632,8.7096,-0.21621,-3.6345,2
"449",1,3.9364,10.5885,-3.725,-4.3133,1
"1274",1,-2.3675,-0.43663,1.692,-0.43018,2
"1354",1,0.11592,3.2219,-3.4302,-2.8457,2
"1203",1,-0.70346,2.957,-3.5947,-3.1457,2
"286",1,1.7747,-6.4334,8.15,-0.89828,1
"35",1,-1.6162,0.80908,8.1628,0.60817,1
"146",1,0.5195,-3.2633,3.0895,-0.9849,1
"162",1,3.5499,8.6165,-3.2794,-1.2009,1
"216",1,6.0919,2.9673,-1.3267,1.4551,1
"465",1,5.7403,-0.44284,0.38015,1.3763,1
"289",1,0.44125,2.9487,4.3225,0.7155,1
"490",1,2.8237,2.8597,0.19678,0.57196,1
"793",1,-2.7338,0.45523,2.4391,0.21766,2
"454",1,3.5761,9.7753,-3.9795,-3.4638,1
"481",1,0.94732,-0.57113,7.1903,-0.67587,1
"730",1,-0.95923,0.091039,6.2204,-1.4828,1
"412",1,4.0047,0.45937,1.3621,1.6181,1
"43",1,-0.006892,9.2931,-0.41243,-1.9638,1
"929",1,-6.1536,7.9295,0.61663,-3.2646,2
"229",1,3.1219,-3.137,1.9259,-0.37458,1
"752",1,2.2546,8.0992,-0.24877,-3.2698,1
"72",1,4.1373,0.49248,1.093,1.8276,1
"1209",1,-1.9551,-6.9756,5.5383,-0.12889,2
"310",1,4.2478,7.6956,-2.7696,-1.0767,1
"221",1,-2.2261,12.5398,2.9438,-3.5258,1
"853",1,-4.8861,7.0542,-0.17252,-6.959,2
"288",1,0.89606,10.5471,-1.4175,-4.0327,1
"130",1,3.4663,1.1112,1.7425,1.3388,1
"805",1,-0.28015,3.0729,-3.3857,-2.9155,2
"1224",1,1.3403,4.1323,-4.7018,-2.5987,2
"1054",1,-0.83535,0.80494,-1.6411,-0.19225,2
"1168",1,-0.87874,-2.2121,-0.051701,0.099985,2
"740",1,1.8216,-6.4748,8.0514,-0.41855,1
"1299",1,-0.9607,2.6963,-3.1226,-1.3121,2
"1333",1,0.90407,3.3708,-4.4987,-3.6965,2
"355",1,3.5458,9.3718,-4.0351,-3.9564,1
"655",1,3.5127,2.9073,1.0579,0.40774,1
"930",1,-3.9172,2.6652,0.78886,-0.7819,2
"712",1,1.7257,-4.4697,8.2219,-1.8073,1
"1247",1,-2.4561,-4.5566,6.4534,-0.056479,2
"1239",1,-1.0941,2.3072,-2.5237,-1.4453,2
"1171",1,-0.3489,3.1929,-3.4054,-3.1832,2
"1357",1,-4.0786,2.9239,0.87026,-0.65389,2
"368",1,3.2294,7.7391,-0.37816,-2.5405,1
"798",1,0.81583,4.84,-5.2613,-6.0823,2
"113",1,3.2351,9.647,-3.2074,-2.5948,1
"622",1,3.3951,1.1484,2.1401,2.0862,1
"681",1,3.4465,2.9508,1.0271,0.5461,1
"73",1,4.7181,10.0153,-3.9486,-3.8582,1
"1316",1,-2.9498,-8.273,10.2646,1.1629,2
"1303",1,-2.5724,-0.95602,2.7073,-0.16639,2
"1355",1,-3.3924,3.3564,-0.72004,-3.5233,2
"458",1,0.64215,3.1287,4.2933,0.64696,1
"345",1,3.5982,7.1307,-1.3035,0.21248,1
"1019",1,-0.40804,0.54214,-0.52725,0.6586,2
"393",1,0.86736,5.5643,1.6765,-0.16769,1
"992",1,-2.9883,0.31245,0.45041,0.068951,2
"937",1,-1.2786,-2.4087,4.5735,0.47627,2
"1018",1,-0.93587,-5.1008,4.5367,1.3866,2
"882",1,-4.4861,-13.2889,17.3087,-3.2194,2
"1166",1,-3.8053,2.4273,0.6809,-1.0871,2
"965",1,-1.4106,-7.108,5.6454,0.31335,2
"109",1,3.106,9.5414,-4.2536,-4.003,1
"193",1,1.4578,-0.08485,4.1785,0.59136,1
"555",1,2.6463,-4.8152,6.3549,0.003003,1
"425",1,1.9429,6.3961,0.092248,0.58102,1
"897",1,0.004055,0.62905,-0.64121,0.75817,2
"611",1,-0.2361,9.3221,2.1307,-4.3793,1
"1191",1,-0.83121,0.039307,0.05369,-0.23105,2
"1112",1,-6.3679,8.0102,0.4247,-3.2207,2
"742",1,3.5862,-3.0957,2.8093,0.24481,1
"1335",1,-1.0833,-0.31247,1.2815,0.41291,2
"1141",1,-0.53072,-0.097265,-0.21793,1.0426,2
"264",1,4.988,7.2052,-3.2846,-1.1608,1
"148",1,1.7496,-0.1759,5.1827,1.2922,1
"757",1,4.0127,10.1477,-3.9366,-4.0728,1
"957",1,-1.0744,-6.3113,5.355,0.80472,2
"651",1,0.21084,9.4359,-0.094543,-1.859,1
"399",1,4.3937,0.35798,2.0416,1.2004,1
"383",1,0.86202,2.6963,4.2908,0.54739,1
"850",1,-0.60975,-4.002,1.8471,0.6017,2
"192",1,3.9663,10.1684,-4.1131,-4.6056,1
"640",1,3.8846,-3.0336,2.5334,0.20214,1
"324",1,3.884,10.0277,-3.9298,-4.0819,1
"440",1,4.7285,2.1065,-0.28305,1.5625,1
"240",1,2.3952,9.5083,-3.1783,-3.0086,1
"278",1,1.3638,-4.7759,8.4182,-1.8836,1
"539",1,0.72252,-0.053811,5.6703,-1.3509,1
"326",1,4.4549,2.4976,1.0313,0.96894,1
"934",1,-0.10234,1.8189,-2.2169,-0.56725,2
"102",1,4.5597,-2.4211,2.6413,1.6168,1
"381",1,1.5099,0.039307,6.2332,-0.30346,1
"1269",1,-3.9411,-12.8792,13.0597,-3.3125,2
"1268",1,-2.4554,-9.0407,8.862,-0.86983,2
"670",1,4.3634,0.46351,1.4281,2.0202,1
"46",1,-0.7869,9.5663,-3.7867,-7.5034,1
"1291",1,0.11032,1.9741,-3.3668,-0.65259,2
"1075",1,-0.41965,2.9094,-1.7859,-2.2069,2
"459",1,4.3848,-3.0729,3.0423,1.2741,1
"872",1,-0.75793,2.5349,-3.0464,-1.2629,2
"949",1,-3.4917,-12.1736,14.3689,-0.61639,2
"1254",1,-4.5531,-12.5854,15.4417,-1.4983,2
"421",1,-2.484,12.1611,2.8204,-3.7418,1
"1051",1,-5.8818,7.6584,0.5558,-2.9155,2
"961",1,-2.2501,3.3129,-0.88369,-2.8974,2
"950",1,-3.1158,-8.6289,10.4403,0.97153,2
"592",1,1.5268,-5.5871,8.6564,-1.722,1
"1331",1,-1.1005,-7.2508,6.0139,0.36895,2
"360",1,-2.3242,11.5176,1.8231,-5.375,1
"773",1,-2.4115,-9.1359,9.3444,-0.65259,2
"1323",1,-0.97325,-6.4168,5.6026,1.0323,2
"1241",1,-3.551,1.8955,0.1865,-2.4409,2
"1025",1,-3.0061,-12.2377,11.9552,-2.1603,2
"495",1,2.5698,-4.4076,5.9856,0.078002,1
"263",1,1.8114,7.6067,-0.9788,-2.4668,1
"1023",1,-0.66008,-3.226,3.8058,1.1836,2
"106",1,3.5438,1.2395,1.997,2.1547,1
"300",1,2.2928,9.0386,-3.2417,-1.2991,1
"1154",1,-2.7611,-10.5099,9.0239,-1.9547,2
"880",1,-0.56877,1.4174,-1.4252,-1.1246,2
"519",1,4.2406,-2.4852,1.608,0.7155,1
"1013",1,-2.2677,3.2964,-2.2563,-2.4642,2
"948",1,-1.682,-6.8121,7.1398,1.3323,2
"1231",1,0.6212,3.6771,-4.0771,-2.0711,2
"273",1,4.4072,-0.070365,2.0416,1.1319,1
"544",1,-1.4217,11.6542,-0.057699,-7.1025,1
"1126",1,-3.5985,-13.6593,17.6052,-2.4927,2
"124",1,-1.5075,1.9224,7.1466,0.89136,1
"865",1,0.59823,3.5012,-3.9795,-1.7841,2
"320",1,2.9499,2.2493,1.3458,-0.037083,1
"760",1,0.01727,8.693,1.3989,-3.9668,1
"941",1,0.18868,0.70148,-0.51182,0.005589,2
"1189",1,-3.0201,-0.67253,2.7056,0.85774,2
"297",1,0.051979,7.0521,-2.0541,-3.1508,1
"75",1,4.4069,10.9072,-4.5775,-4.4271,1
"766",1,-3.8483,-12.8047,15.6824,-1.281,2
"334",1,3.0009,5.8126,-2.2306,-0.66553,1
"731",1,2.8672,10.0008,-3.2049,-3.1095,1
"253",1,0.5734,9.1938,-0.9094,-1.872,1
"104",1,3.3397,-4.6145,3.9823,-0.23751,1
"1020",1,-0.8172,3.3812,-3.6684,-3.456,2
"446",1,3.1887,-3.4143,2.7742,-0.2026,1
"517",1,-2.3983,12.606,2.9464,-5.7888,1
"1093",1,-1.5572,-9.8808,8.1088,-1.0806,2
"676",1,-0.16682,5.8974,0.49839,-0.70044,1
"175",1,1.8799,2.4707,2.4931,0.37671,1
"514",1,5.9374,6.1664,-2.5905,-0.36553,1
"257",1,3.0934,-2.9177,2.2232,0.22283,1
"1000",1,-4.7331,-6.1789,11.388,-1.0741,2
"1260",1,-1.8387,-6.301,5.6506,0.19567,2
"1338",1,0.2346,-4.5152,2.1195,1.4448,2
"1195",1,-2.4725,-0.40145,1.4855,1.1189,2
"1174",1,-4.7462,3.1205,1.075,-1.2966,2
"181",1,1.6426,3.0149,0.22849,-0.147,1
"898",1,-0.28696,3.1784,-3.5767,-3.1896,2
"361",1,2.7161,-4.2006,4.1914,0.16981,1
"223",1,1.0987,0.6394,5.989,-0.58277,1
"1317",1,-1.6029,-0.38903,1.62,1.9103,2
"242",1,-1.3931,1.5664,7.5382,0.78403,1
"558",1,4.0405,0.51524,1.0279,1.106,1
"53",1,3.1452,5.825,-0.51439,-1.4944,1
"1197",1,-2.0149,3.6874,-1.9385,-3.8918,2
"185",1,-1.7559,11.9459,3.0946,-4.8978,1
"467",1,1.1472,3.5985,1.9387,-0.43406,1
"27",1,1.1432,-3.7413,5.5777,-0.63578,1
"284",1,0.3223,-0.89808,8.0883,0.69222,1
"668",1,-0.048008,-0.56078,7.7215,0.453,1
"476",1,3.8213,0.23175,2.0133,2.0564,1
"370",1,2.1948,1.3781,1.1582,0.85774,1
"870",1,-3.3125,0.10139,0.55323,-0.2957,2
"1242",1,-2.2811,-0.85669,2.7185,0.044382,2
"1276",1,-3.0986,-10.4602,8.9717,-2.3427,2
"612",1,3.8197,8.9951,-4.383,-4.0327,1
"166",1,4.1927,-3.2674,2.5839,0.21766,1
"571",1,3.9382,0.9291,0.78543,0.6767,1
"1364",1,-1.1667,-1.4237,2.9241,0.66119,2
"222",1,2.4196,6.4665,-0.75688,0.228,1
"1196",1,-1.9725,2.8825,-2.3086,-2.3724,2
"1159",1,-3.3203,-0.02691,2.9618,-0.44958,2
"762",1,2.2504,3.5757,0.35273,0.2836,1
"1117",1,-0.49948,1.7734,-2.2469,-0.68104,2
"1339",1,1.581,0.86909,-2.3138,0.82412,2
"659",1,1.04,-6.9321,8.2888,-1.2991,1
"318",1,2.6718,5.6574,0.72974,-1.4892,1
"1109",1,1.4501,3.6067,-4.0557,-1.5966,2
"1072",1,-2.5373,-6.959,8.8054,1.5289,2
"1122",1,-4.6765,-5.6636,10.969,-0.33449,2
"20",1,5.2423,11.0272,-4.353,-4.1013,1
"110",1,2.9163,10.8306,-3.3437,-4.122,1
"1098",1,-2.5919,-1.0553,3.8949,0.77757,2
"884",1,-3.3604,-0.32696,2.1324,0.6017,2
"567",1,2.6415,7.586,-0.28562,-1.6677,1
"390",1,3.7982,10.423,-4.1602,-4.9728,1
"1129",1,-2.1802,3.3791,-1.2256,-2.6621,2
"170",1,0.11739,6.2761,-1.5495,-2.4746,1
"485",1,4.7432,2.1086,0.1368,1.6543,1
"574",1,2.8521,9.171,-3.6461,-1.2047,1
"211",1,4.2899,9.1814,-4.6067,-4.3263,1
"617",1,3.946,6.8514,-1.5443,-0.5582,1
"549",1,1.8533,6.1458,1.0176,-2.0401,1
"152",1,-1.7599,11.9211,2.6756,-3.3241,1
"1326",1,-5.525,6.3258,0.89768,-6.6241,2
"827",1,-4.211,-12.4736,14.9704,-1.3884,2
"386",1,2.3718,7.4908,0.015989,-1.7414,1
"331",1,1.0607,2.4542,2.5188,-0.17027,1
"1038",1,-1.7976,-6.7686,6.6753,0.89912,2
"439",1,4.0524,5.6802,-1.9693,0.026279,1
"1121",1,-3.1875,-7.5756,11.8678,-0.57889,2
"989",1,-3.6817,3.2239,-0.69347,-3.4004,2
"70",1,0.12326,8.9848,-0.9351,-2.4332,1
"573",1,5.504,10.3671,-4.413,-4.0211,1
"626",1,4.0948,-2.9674,2.3689,0.75429,1
"45",1,2.8561,6.9176,-0.79372,0.48403,1
"597",1,0.65497,5.1815,1.0673,-0.42113,1
"713",1,4.7965,6.9859,-1.9967,-0.35001,1
"235",1,2.7296,2.8701,0.51124,0.5099,1
"354",1,0.88872,5.3449,2.045,-0.19355,1
"1208",1,-3.793,-12.7095,12.7957,-2.825,2
"346",1,-1.8584,7.886,-1.6643,-1.8384,1
"419",1,-1.2576,1.5892,7.0078,0.42455,1
"745",1,4.9852,8.3516,-2.5425,-1.2823,1
"409",1,4.223,1.1319,0.72202,0.96118,1
"169",1,-1.803,11.8818,2.0458,-5.2728,1
"594",1,-2.7914,1.7734,6.7756,-0.39915,1
"1161",1,-1.5951,-6.572,4.7689,-0.94354,2
"566",1,1.5701,7.9129,0.29018,-2.1953,1
"854",1,-3.1366,0.42212,2.6225,-0.064238,2
"631",1,2.5989,3.5178,0.7623,0.81119,1
"36",1,2.4391,6.4417,-0.80743,-0.69139,1
"643",1,5.1321,-0.031048,0.32616,1.1151,1
"1076",1,0.37637,-0.82358,0.78543,0.74524,2
"427",1,-1.5222,10.8409,2.7827,-4.0974,1
"348",1,3.3299,0.91254,1.5806,0.39352,1
"1220",1,-3.5798,0.45937,2.3457,-0.45734,2
"763",1,-1.3971,3.3191,-1.3927,-1.9948,2
"270",1,4.9342,2.4107,-0.17594,1.6245,1
"484",1,0.96788,7.1907,1.2798,-2.4565,1
"1028",1,0.11686,3.735,-4.4379,-4.3741,2
"525",1,0.33111,4.5731,2.057,-0.18967,1
"275",1,5.2756,0.13863,0.12138,1.1435,1
"680",1,0.77805,6.6424,-1.1425,-1.0573,1
"1113",1,-4.1429,2.7749,0.68261,-0.71984,2
"1329",1,-1.3968,-9.6698,9.4652,-0.34872,2
"1256",1,-2.5084,-0.22763,1.488,1.2069,2
"936",1,-1.8448,1.254,0.27218,-1.0728,2
"962",1,-1.1859,-1.2519,2.2635,0.77239,2
"1270",1,-2.1241,-6.8969,5.5992,-0.47156,2
"1264",1,-0.87834,3.257,-3.6778,-3.2944,2
"1158",1,-5.2049,7.259,0.070827,-7.3004,2
"475",1,2.5817,9.7546,-3.1749,-2.9957,1
"532",1,3.3583,10.3567,-3.7301,-3.6991,1
"528",1,2.5328,7.528,-0.41929,-2.6478,1
"139",1,5.2418,10.5388,-4.1174,-4.2797,1
"71",1,3.9529,-2.3548,2.3792,0.48274,1
"1090",1,-2.9821,4.1986,-0.5898,-3.9642,2
"697",1,1.645,7.8612,-0.87598,-3.5569,1
"923",1,-1.4174,-2.2535,1.518,0.61981,2
"801",1,-2.0631,-1.5147,1.219,0.44524,2
"647",1,1.162,10.2926,-1.2821,-4.0392,1
"463",1,4.9362,7.6046,-2.3429,-0.85302,1
"2",1,4.5459,8.1674,-2.4586,-1.4621,1
"1005",1,-3.7181,-8.5089,12.363,-0.95518,2
"141",1,2.0911,0.94358,4.5512,1.234,1
"1346",1,2.2279,4.0951,-4.8037,-2.1112,2
"313",1,1.5902,2.2948,3.2403,0.18404,1
"912",1,2.031,1.852,-3.0121,0.003003,2
"373",1,0.74307,11.17,-1.3824,-4.0728,1
"265",1,2.483,6.6155,-0.79287,-0.90863,1
"1061",1,-4.8426,-4.9932,10.4052,-0.53104,2
"634",1,4.4295,-2.3507,1.7048,0.90946,1
"1296",1,-4.9447,3.3005,1.063,-1.444,2
"295",1,2.5068,1.1588,3.9249,0.12585,1
"470",1,0.1848,6.5079,2.0133,-0.87242,1
"737",1,-0.7056,8.7241,2.2215,-4.5965,1
"478",1,3.4893,6.69,-1.2042,-0.38751,1
"595",1,5.2032,3.5116,-1.2538,1.0129,1
"908",1,-1.3907,-1.3781,2.3055,-0.021566,2
"178",1,3.6582,5.6864,-1.7157,-0.23751,1
"491",1,1.9321,6.0423,0.26019,-2.053,1
"1134",1,-2.0046,-0.49457,1.333,1.6543,2
"830",1,-2.2482,3.0915,-2.3969,-2.6711,2
"975",1,-5.0301,7.5032,-0.13396,-7.5034,2
"1305",1,-5.2943,-5.1463,10.3332,-1.1181,2
"435",1,5.6272,10.0857,-4.2931,-3.8142,1
"998",1,-1.4233,-0.98912,2.3586,0.39481,2
"709",1,5.1731,3.9606,-1.983,0.40774,1
"580",1,1.1588,8.9331,-2.0807,-1.1272,1
"59",1,3.1377,-4.1096,4.5701,0.98963,1
"531",1,5.7227,5.8312,-2.4097,-0.24527,1
"350",1,-4.2859,8.5234,3.1392,-0.91639,1
"888",1,-3.2692,-12.7406,15.5573,-0.14182,2
"329",1,3.5152,6.8224,-0.67377,-0.46898,1
"423",1,4.8368,10.0132,-4.3239,-4.3276,1
"851",1,0.83625,1.1071,-2.4706,-0.062945,2
"90",1,3.8027,0.81529,2.1041,1.0245,1
"1110",1,-0.40857,3.0977,-2.9607,-2.6892,2
"1146",1,-2.3221,-9.3304,9.233,-0.79871,2
"1183",1,-5.0477,-5.8023,11.244,-0.3901,2
"37",1,2.6881,6.0195,-0.46641,-0.69268,1
"472",1,0.39559,6.8866,1.0588,-0.67587,1
"455",1,1.602,6.1251,0.52924,0.47886,1
"1192",1,-2.5665,-6.8824,7.5416,0.70774,2
"291",1,2.5678,3.5136,0.61406,-0.40691,1
"1155",1,-0.36025,-4.449,2.1067,0.94308,2
"1267",1,-1.4377,-1.432,2.1144,0.42067,2
"1002",1,-0.036127,1.525,-1.4089,-0.76121,2
"1165",1,-6.3364,9.2848,0.014275,-6.7844,2
"1337",1,-2.0545,-10.8679,9.4926,-1.4116,2
"843",1,-1.8969,-6.7893,5.2761,-0.32544,2
"1302",1,-3.7244,1.9037,-0.035421,-2.5095,2
"527",1,2.2091,7.4556,-1.3284,-3.3021,1
"451",1,3.6922,-3.9585,4.3439,1.3517,1
"244",1,2.7744,6.8576,-1.0671,0.075416,1
"203",1,-0.78689,9.5663,-3.7867,-7.5034,1
"777",1,-5.9034,6.5679,0.67661,-6.6797,2
"855",1,-2.5754,-5.6574,6.103,0.65214,2
"664",1,3.7798,-3.3109,2.6491,0.066365,1
"98",1,2.1616,-6.8804,8.1517,-0.081048,1
"1292",1,0.52374,3.644,-4.0746,-1.9909,2
"437",1,0.3798,0.7098,0.7572,-0.4444,1
"1024",1,-1.7713,-10.7665,10.2184,-1.0043,2
"62",1,0.49665,5.527,1.7785,-0.47156,1
"645",1,3.0333,-2.5928,2.3183,0.303,1
"644",1,0.38251,6.8121,1.8128,-0.61251,1
"50",1,1.6349,3.286,2.8753,0.087054,1
"863",1,-1.2424,-1.7175,-0.52553,-0.21036,2
"1248",1,-4.4775,-13.0303,17.0834,-3.0345,2
"1313",1,0.55939,-0.3104,0.18307,0.44653,2
"1045",1,-1.4904,-2.2183,1.6054,0.89394,2
"422",1,-1.1497,1.2954,7.701,0.62627,1
"19",1,1.4479,-4.8794,8.3428,-2.1086,1
"434",1,2.229,9.6325,-3.1123,-2.7164,1
"589",1,-0.27802,8.1881,-3.1338,-2.5276,1
"748",1,-0.023579,7.1742,0.78457,-0.75734,1
"609",1,5.086,3.2798,-1.2701,1.1189,1
"1287",1,-6.4247,9.5311,0.022844,-6.8517,2
"951",1,-2.0891,-0.48422,1.704,1.7435,2
"1181",1,-2.2183,-1.254,2.9986,0.36378,2
"1035",1,0.67886,4.1199,-4.569,-4.1414,2
"1026",1,-1.1022,-5.8395,4.5641,0.68705,2
"1325",1,0.062525,2.9301,-3.5467,-2.6737,2
"694",1,1.5478,9.1814,-1.6326,-1.7375,1
"1298",1,-2.1674,0.12415,-1.0465,-0.86208,2
"591",1,4.6352,-3.0087,2.6773,1.212,1
"657",1,-1.3612,10.694,1.7022,-2.9026,1
"1212",1,-4.3967,4.9601,-0.64892,-5.4719,2
"57",1,2.5635,6.7769,-0.61979,0.38576,1
"68",1,2.4235,9.5332,-3.0789,-2.7746,1
"473",1,3.8384,6.1851,-2.0439,-0.033204,1
"1289",1,-2.659,-1.6058,1.3647,0.16464,2
"77",1,3.7935,7.9853,-2.5477,-1.872,1
"202",1,4.0026,-3.5943,3.5573,0.26809,1
"186",1,-1.2537,10.8803,1.931,-4.3237,1
"1262",1,-1.9116,-6.1603,5.606,0.48533,2
"137",1,5.438,9.4669,-4.9417,-3.9202,1
"250",1,1.0135,8.4551,-1.672,-2.0815,1
"707",1,3.5829,1.4423,1.0219,1.4008,1
"1175",1,-3.2051,-0.14279,0.97565,0.045675,2
"667",1,1.2262,0.89599,5.7568,-0.11596,1
"933",1,0.26517,2.4066,-2.8416,-0.59958,2
"497",1,3.3756,-4.0951,4.367,1.0698,1
"618",1,-0.278,8.1881,-3.1338,-2.5276,1
"1277",1,-0.89809,-4.4862,2.2009,0.50731,2
"414",1,3.4769,-0.15314,2.53,2.4495,1
"1016",1,-0.90784,-7.9026,6.7807,0.34179,2
"1037",1,-2.3898,-0.78427,3.0141,0.76205,2
"953",1,-1.2846,3.2715,-1.7671,-3.2608,2
"725",1,5.1213,8.5565,-3.3917,-1.5474,1
"1102",1,2.1943,4.5503,-4.976,-2.7254,2
"1107",1,-0.1269,-1.1505,-0.95138,0.57843,2
"874",1,-2.2173,1.4671,-0.72689,-1.1724,2
"1046",1,-0.014902,-1.0243,-0.94024,0.64955,2
"698",1,3.6077,6.8576,-1.1622,0.28231,1
"394",1,3.7831,10.0526,-3.8869,-3.7366,1
"847",1,-2.1405,-0.16762,1.321,-0.20906,2
"340",1,1.8205,6.7562,0.009991,0.39481,1
"83",1,5.0185,8.5978,-2.9375,-1.281,1
"333",1,3.5594,1.3078,1.291,1.6556,1
"249",1,0.3798,0.7098,0.7572,-0.4444,1
"1119",1,-1.9389,1.5706,0.045979,-1.122,2
"582",1,-1.9667,11.8052,-0.40472,-7.8719,1
"26",1,0.7057,-5.4981,8.3368,-2.8715,1
"878",1,-5.1216,-5.3118,10.3846,-1.0612,2
"1001",1,-2.8829,3.8964,-0.1888,-1.1672,2
"665",1,5.3586,3.7557,-1.7345,1.0789,1
"80",1,1.1317,3.9647,3.3979,0.84351,1
"29",1,6.5633,9.8187,-4.4113,-3.2258,1
"921",1,-5.4808,8.1819,0.27818,-5.0323,2
"980",1,1.6799,4.2068,-4.5398,-2.3931,2
"686",1,4.0715,7.6398,-2.0824,-1.1698,1
"466",1,-2.6989,12.1984,0.67661,-8.5482,1
"1043",1,-5.1661,8.0433,0.044265,-4.4983,2
"979",1,0.75896,0.29176,-1.6506,0.83834,2
"708",1,4.65,-4.8297,3.4553,-0.25174,1
"424",1,-0.12196,8.8068,0.94566,-4.2267,1
"430",1,2.5503,-4.9518,6.3729,-0.41596,1
"1342",1,-2.2625,-0.099335,2.8127,0.48662,2
"633",1,3.6941,-3.9482,4.2625,1.1577,1
"935",1,-1.6176,1.0926,-0.35502,-0.59958,2
"913",1,1.2279,4.0309,-4.6435,-3.9125,2
"728",1,-2.6479,10.1374,-1.331,-5.4707,1
"690",1,3.0242,-3.3378,2.5865,-0.54785,1
"1193",1,-4.4018,-12.9371,15.6559,-1.6806,2
"332",1,2.0421,1.2436,4.2171,0.90429,1
"714",1,4.0962,10.1891,-3.9323,-4.1827,1
"1320",1,0.66365,-0.045533,-0.18794,0.23447,2
"816",1,-3.1128,-6.841,10.7402,-1.0172,2
"867",1,-4.1409,3.4619,-0.47841,-3.8879,2
"1177",1,-0.59587,2.4811,-2.8673,-0.89828,2
"452",1,5.681,7.795,-2.6848,-0.92544,1
"538",1,-0.10648,-0.76771,7.7575,0.64179,1
"1047",1,0.88992,2.2638,-3.1046,-0.11855,2
"4",1,3.4566,9.5228,-4.0112,-3.5944,1
"1065",1,-3.6961,-13.6779,17.5795,-2.6181,2
"627",1,1.8384,6.063,0.54723,0.51248,1
"374",1,1.9105,8.871,-2.3386,-0.75604,1
"705",1,3.7022,6.9942,-1.8511,-0.12889,1
"147",1,3.8584,0.78425,1.1033,1.7008,1
"687",1,0.76163,5.8209,1.1959,-0.64613,1
"191",1,0.9297,-3.7971,4.6429,-0.2957,1
"369",1,3.4985,3.1639,0.22677,-0.1651,1
"704",1,1.3114,4.5462,2.2935,0.22541,1
"632",1,1.8994,0.97462,4.2265,0.81377,1
"1250",1,-3.38,-0.7077,2.5325,0.71808,2
"311",1,4.0215,-2.7004,2.4957,0.36636,1
"294",1,1.934,-9e-06,4.816,-0.33967,1
"1031",1,-1.8439,-8.6475,7.6796,-0.66682,2
"42",1,-0.2062,9.2207,-3.7044,-6.8103,1
"786",1,-1.6662,-0.30005,1.4238,0.024986,2
"325",1,3.5257,1.2829,1.9276,1.7991,1
"506",1,2.565,8.633,-2.9941,-1.3082,1
"624",1,3.7758,7.1783,-1.5195,0.40128,1
"230",1,5.4944,1.5478,0.041694,1.9284,1
"384",1,3.8117,10.1457,-4.0463,-4.5629,1
"197",1,4.1454,7.257,-1.9153,-0.86078,1
"1080",1,0.12126,0.22347,-0.47327,0.97024,2
"1340",1,1.5514,3.8013,-4.9143,-3.7483,2
"696",1,0.49571,10.2243,-1.097,-4.0159,1
"621",1,3.4626,-4.449,3.5427,0.15429,1
"924",1,0.4283,-0.94981,-1.0731,0.3211,2
"1263",1,-1.005,0.084831,-0.2462,0.45688,2
"673",1,2.3164,-2.628,3.1529,-0.08622,1
"971",1,-2.3299,-9.9532,8.4756,-1.8733,2
"1243",1,-3.6053,-5.974,10.0916,-0.82846,2
"623",1,5.0429,-0.52974,0.50439,1.106,1
"1048",1,1.0637,3.6957,-4.1594,-1.9379,2
"1328",1,-0.24037,-1.7837,2.135,1.2418,2
"629",1,3.5251,0.7201,1.6928,0.64438,1
"663",1,2.9736,8.7944,-3.6359,-1.3754,1
"607",1,-1.4275,11.8797,0.41613,-6.9978,1
"468",1,2.9742,8.96,-2.9024,-1.0379,1
"1132",1,-4.0214,-12.8006,15.6199,-0.95647,2
"943",1,-3.3793,-13.7731,17.9274,-2.0323,2
"100",1,-2.7419,11.4038,2.5394,-5.5793,1
"593",1,0.95626,2.4728,4.4578,0.21636,1
"822",1,-4.0173,-8.3123,12.4547,-1.4375,2
"729",1,0.37984,0.70975,0.75716,-0.44441,1
"976",1,-3.0799,0.60836,2.7039,-0.23751,2
"554",1,3.0672,-4.4117,3.8238,-0.81682,1
"367",1,3.5189,6.332,-1.7791,-0.020273,1
"787",1,-2.0962,-7.1059,6.6188,-0.33708,2
"586",1,4.3398,-5.3036,3.8803,-0.70432,1
"662",1,-0.11996,6.8741,0.91995,-0.6694,1
"590",1,0.93611,8.6413,-1.6351,-1.3043,1
"1259",1,-0.62043,0.5587,-0.38587,-0.66423,2
"32",1,1.4884,3.6274,3.308,0.48921,1
"282",1,4.068,-2.9363,2.1992,0.50084,1
"1033",1,0.16358,-3.3584,1.3749,1.3569,2
"692",1,0.5706,-0.0248,1.2421,-0.5621,1
"502",1,1.2999,2.5762,2.0107,-0.18967,1
"605",1,-2.6479,10.1374,-1.331,-5.4707,1
"904",1,-0.81479,-5.7381,4.3919,0.3211,2
"602",1,2.5581,2.6218,1.8513,0.40257,1
"672",1,0.51947,-3.2633,3.0895,-0.98492,1
"1091",1,-1.4628,-1.5706,2.4357,0.49826,2
"1304",1,-3.9297,-6.0816,10.0958,-1.0147,2
"142",1,1.7317,-0.34765,4.1905,-0.99138,1
"1297",1,-3.5933,0.22968,0.7126,-0.3332,2
"1245",1,-3.9204,4.0723,-0.23678,-2.1151,2
"940",1,-2.0529,3.8385,-0.79544,-1.2138,2
"781",1,-3.5801,-12.9309,13.1779,-2.5677,2
"616",1,-0.2062,9.2207,-3.7044,-6.8103,1
"999",1,-3.0866,-6.6362,10.5405,-0.89182,2
"889",1,-2.5701,-6.8452,8.9999,2.1353,2
"1272",1,-0.071503,3.7412,-4.5415,-4.2526,2
"352",1,0.5195,-3.2633,3.0895,-0.9849,1
"14",1,-1.5768,10.843,2.5462,-2.9362,1
"31",1,-0.24811,-0.17797,4.9068,0.15429,1
"1350",1,-1.5851,-2.1562,1.7082,0.9017,2
"401",1,1.3049,-0.15521,6.4911,-0.75346,1
"157",1,2.4226,-4.5752,5.947,0.21507,1
"679",1,2.4673,1.3926,1.7125,0.41421,1
"155",1,1.9358,8.1654,-0.023425,-2.2586,1
"652",1,2.9571,-4.5938,5.9068,0.57196,1
"299",1,1.143,0.83391,5.4552,-0.56984,1
"1057",1,-2.1059,1.1815,-0.53324,-0.82716,2
"1278",1,0.56232,1.0015,-2.2726,-0.006049,2
"572",1,2.2517,-5.1422,4.2916,-1.2487,1
"886",1,0.030219,-1.0512,1.4024,0.77369,2
"873",1,-0.95403,1.9824,-2.3163,-1.1957,2
"213",1,2.614,8.0081,-3.7258,-1.3069,1
"838",1,-6.2815,6.6651,0.52581,-7.0107,2
"564",1,4.1195,10.9258,-3.8929,-4.1802,1
"1232",1,-0.77848,3.4019,-3.4859,-3.5569,2
"112",1,1.518,5.6946,0.094818,-0.026738,1
"738",1,4.1542,7.2756,-2.4766,-1.2099,1
"1322",1,-1.9966,-9.5001,9.682,-0.12889,2
"501",1,3.8644,3.7061,0.70403,0.35214,1
"1125",1,-1.7589,-6.4624,8.4773,0.31981,2
"849",1,-2.9098,-10.0712,8.4156,-1.9948,2
"398",1,-0.39816,5.9781,1.3912,-1.1621,1
"1083",1,-1.3946,2.3134,-0.44499,-1.4905,2
"956",1,-2.2083,-9.1069,8.9991,-0.28406,2
"587",1,1.5456,8.5482,0.4187,-2.1784,1
"750",1,0.88298,0.66009,6.0096,-0.43277,1
"285",1,-1.3,10.2678,-2.953,-5.8638,1
"521",1,3.1896,5.7526,-0.18537,-0.30087,1
"287",1,1.3419,-4.4221,8.09,-1.7349,1
"995",1,-0.8734,1.6533,-2.1964,-0.78061,2
"812",1,-0.86339,1.9348,-2.3729,-1.0897,2
"372",1,4.1529,-3.9358,2.8633,-0.017686,1
"344",1,0.66018,10.3878,-1.4029,-3.9151,1
"866",1,-0.77995,3.2322,-3.282,-3.1004,2
"1006",1,-2.899,-0.60424,2.6045,1.3776,2
"565",1,2.0193,0.82356,4.6369,1.4202,1
"49",1,3.9102,6.065,-2.4534,-0.68234,1
"1294",1,-3.9698,3.6812,-0.60008,-4.0133,2
"1131",1,-2.2918,-7.257,7.9597,0.9211,2
"523",1,0.52855,0.96427,4.0243,-1.0483,1
"163",1,0.17346,7.8695,0.26876,-3.7883,1
"426",1,1.742,-4.809,8.2142,-2.0659,1
"508",1,4.6014,5.6264,-2.1235,0.19309,1
"150",1,2.7391,7.4018,0.071684,-2.5302,1
"1012",1,-1.8483,0.31038,0.77344,1.4189,2
"1034",1,1.5077,1.9596,-3.0584,-0.12243,2
"575",1,1.1676,9.1566,-2.0867,-0.80647,1
"1253",1,-2.7083,-6.8266,7.5339,0.59007,2
"959",1,-0.36372,3.0439,-3.4816,-2.7836,2
"1151",1,-4.2091,4.7283,-0.49126,-5.2159,2
"266",1,1.594,4.7055,1.3758,0.081882,1
"165",1,4.8851,1.5995,-0.000291,1.6401,1
"1372",1,-2.5419,-0.65804,2.6842,1.1952,2
"636",1,1.8967,-2.5163,2.8093,-0.79742,1
"658",1,-0.278,8.1881,-3.1338,-2.5276,1
"1149",1,-0.26654,-0.64562,-0.42014,0.89136,2
"774",1,-1.5252,-6.2534,5.3524,0.59912,2
"385",1,0.54777,10.3754,-1.5435,-4.1633,1
"813",1,-2.0659,1.0512,-0.46298,-1.0974,2
"144",1,3.9232,-3.2467,3.4579,0.83705,1
"322",1,3.7352,9.5911,-3.9032,-3.3487,1
"292",1,-2.2153,11.9625,0.078538,-7.7853,1
"548",1,3.4647,-3.9172,3.9746,0.36119,1
"800",1,-3.2238,2.7935,0.32274,-0.86078,2
"837",1,-0.89569,3.0025,-3.6067,-3.4457,2
"1309",1,-4.6338,-12.7509,16.7166,-3.2168,2
"1160",1,-2.565,-5.7899,6.0122,0.046968,2
"290",1,3.2422,6.2265,0.12224,-1.4466,1
"1053",1,-2.4198,-0.24418,0.70146,0.41809,2
"408",1,-0.062025,6.1975,1.099,-1.131,1
"97",1,2.9543,1.076,0.64577,0.89394,1
"1251",1,-2.4365,3.6026,-1.4166,-2.8948,2
"716",1,3.4916,8.5709,-3.0326,-0.59182,1
"1164",1,0.6818,4.8504,-5.2133,-6.1043,2
"755",1,2.3969,0.23589,4.8477,1.437,1
"1295",1,-7.0364,9.2931,0.16594,-4.5396,2
"560",1,2.0165,-0.25246,5.1707,1.0763,1
"955",1,-1.0292,-6.3879,5.5255,0.79955,2
"105",1,4.2027,0.22761,0.96108,0.97282,1
"305",1,2.3729,10.4726,-3.0087,-3.2013,1
"553",1,3.6894,9.887,-4.0788,-4.3664,1
"778",1,-1.8215,2.7521,-0.72261,-2.353,2
"69",1,1.0009,7.7846,-0.28219,-2.6608,1
"1194",1,-3.7573,-8.2916,10.3032,0.38059,2
"782",1,-1.8219,-6.8824,5.4681,0.057313,2
"791",1,1.1644,3.8095,-4.9408,-4.0909,2
"1070",1,-1.4454,-8.4385,8.8483,0.96894,2
"550",1,3.5288,0.71596,1.9507,1.9375,1
"76",1,2.3066,3.5364,0.57551,0.41938,1
"706",1,4.364,-3.1039,2.3757,0.78532,1
"764",1,0.39012,-0.14279,-0.031994,0.35084,2
"994",1,-0.46651,2.3383,-2.9812,-1.0431,2
"568",1,5.0214,8.0764,-3.0515,-1.7155,1
"418",1,1.1518,1.3864,5.2727,-0.43536,1
"722",1,-0.45062,-1.3678,7.0858,-0.40303,1
"1030",1,-1.2369,-1.6906,2.518,0.51636,2
"366",1,3.8999,1.734,1.6011,0.96765,1
"857",1,0.24261,0.57318,-1.9402,0.44007,2
"13",1,1.8993,7.6625,0.15394,-3.1108,1
"1162",1,0.7049,0.17174,-1.7859,0.36119,2
"227",1,0.5706,-0.0248,1.2421,-0.5621,1
"353",1,0.3292,-4.4552,4.5718,-0.9888,1
"739",1,0.92703,9.4318,-0.66263,-1.6728,1
"932",1,-0.49241,0.89392,-1.6283,-0.56854,2
"529",1,3.6244,1.4609,1.3501,1.9284,1
"1240",1,-2.4458,1.6285,-0.88541,-1.4802,2
"630",1,3.757,-5.4236,3.8255,-1.2526,1
"823",1,-3.0731,-0.53181,2.3877,0.77627,2
"1008",1,-0.17296,-1.1816,1.3818,0.7336,2
"551",1,3.9719,1.0367,0.75973,1.0013,1
"402",1,2.2123,-5.8395,7.7687,-0.85302,1
"66",1,2.5367,2.599,2.0938,0.20085,1
"504",1,4.9294,0.27727,0.20792,0.33662,1
"841",1,-2.258,-9.3263,9.3727,-0.85949,2
"1124",1,0.26637,0.73252,-0.67891,0.03533,2
"93",1,4.3064,8.2068,-2.7824,-1.4336,1
"1370",1,-3.7503,-13.4586,17.5932,-2.7771,2
"391",1,-0.36279,8.2895,-1.9213,-3.3332,1
"95",1,3.2718,1.7837,2.1161,0.61334,1
"840",1,-1.3414,-2.0776,2.8093,0.60688,2
"1284",1,0.15423,0.11794,-1.6823,0.59524,2
"511",1,3.577,2.4004,1.8908,0.73231,1
"896",1,-0.63298,-5.1277,4.5624,1.4797,2
"127",1,-2.343,12.9516,3.3285,-5.9426,1
"316",1,0.3292,-4.4552,4.5718,-0.9888,1
"205",1,0.83292,7.5404,0.65005,-0.92544,1
"530",1,-1.3885,12.5026,0.69118,-7.5487,1
"56",1,4.8265,0.80287,1.6371,1.1875,1
"1198",1,-0.82053,0.65181,-0.48869,-0.52716,2
"347",1,4.0972,0.46972,1.6671,0.91593,1
"413",1,3.7767,9.7794,-3.9075,-3.5323,1
"1368",1,0.40614,1.3492,-1.4501,-0.55949,2
"500",1,0.88444,6.5906,0.55837,-0.44182,1
"143",1,4.1736,3.3336,-1.4244,0.60429,1
"499",1,0.5706,-0.0248,1.2421,-0.5621,1
"443",1,3.359,9.8022,-3.8209,-3.7133,1
"168",1,1.0235,6.901,-2.0062,-2.7125,1
"660",1,2.1881,2.7356,1.3278,-0.1832,1
"820",1,-1.5322,-5.0966,6.6779,0.17498,2
"1105",1,-3.0193,1.7775,0.73745,-0.45346,2
"1233",1,-4.1244,3.7909,-0.6532,-4.1802,2
"245",1,2.4287,9.3821,-3.2477,-1.4543,1
"734",1,3.8244,-3.1081,2.4537,0.52024,1
"610",1,3.4092,5.4049,-2.5228,-0.89958,1
"829",1,-2.5912,-0.10554,1.2798,1.0414,2
"821",1,-4.0025,-13.4979,17.6772,-3.3202,2
"5",1,0.32924,-4.4552,4.5718,-0.9888,1
"174",1,-1.1193,10.7271,2.0938,-5.6504,1
"377",1,3.2303,7.8384,-3.5348,-1.2151,1
"444",1,3.6702,2.9942,0.85141,0.30688,1
"1108",1,1.2198,2.0982,-3.1954,0.12843,2
"1085",1,-1.48,-10.5244,9.9176,-0.5026,2
"579",1,2.1752,-0.8091,5.1022,-0.67975,1
"868",1,-6.5084,8.7696,0.23191,-3.937,2
"160",1,1.3566,4.2358,2.1341,0.3211,1
"796",1,0.50813,0.47799,-1.9804,0.57714,2
"675",1,1.3754,8.8793,-1.9136,-0.53751,1
"516",1,5.8782,5.9409,-2.8544,-0.60863,1
"12",1,3.9899,-2.7066,2.3946,0.86291,1
"1318",1,-1.2667,2.8183,-2.426,-1.8862,2
"848",1,-2.4824,-7.3046,6.839,-0.59053,2
"846",1,-3.8826,4.898,-0.92311,-5.0801,2
"978",1,-1.239,-6.541,4.8151,-0.033204,2
"879",1,-3.2854,4.0372,-0.45356,-1.8228,2
"671",1,3.482,-4.1634,3.5008,-0.078462,1
"33",1,4.2969,7.617,-2.3874,-0.96164,1
"642",1,0.94225,5.8561,1.8762,-0.32544,1
"457",1,2.0007,1.8644,2.6491,0.47369,1
"803",1,0.6005,1.9327,-3.2888,-0.32415,2
"1218",1,0.61652,3.8944,-4.7275,-4.3948,2
"890",1,-1.3066,0.25244,0.7623,1.7758,2
"945",1,-2.121,-0.05588,1.949,1.353,2
"513",1,2.6648,10.754,-3.3994,-4.1685,1
"3",1,3.866,-2.6383,1.9242,0.10645,1
"464",1,-1.9458,11.2217,1.9079,-3.4405,1
"441",1,3.4359,0.66216,2.1041,1.8922,1
"756",1,4.7114,2.0755,-0.2702,1.2379,1
"1069",1,0.31803,-0.99326,1.0947,0.88619,2
"871",1,-1.9423,0.3766,-1.2898,-0.82458,2
"972",1,0.00312,-4.0061,1.7956,0.91722,2
"111",1,3.9922,-4.4676,3.7304,-0.1095,1
"11",1,1.2247,8.7779,-2.2135,-0.80647,1
"1352",1,1.3183,1.9017,-3.3111,0.065071,2
"120",1,0.9297,-3.7971,4.6429,-0.2957,1
"489",1,1.1315,7.9212,1.093,-2.8444,1
"557",1,1.5673,7.9274,-0.056842,-2.1694,1
"469",1,4.5707,7.2094,-3.2794,-1.4944,1
"1104",1,-5.637,8.1261,0.13081,-5.0142,2
"811",1,-0.64326,2.4748,-2.9452,-1.0276,2
"1204",1,-6.7387,6.9879,0.67833,-7.5887,2
"255",1,4.0102,10.6568,-4.1388,-5.0646,1
"1182",1,-3.5895,-6.572,10.5251,-0.16381,2
"438",1,0.5415,6.0319,1.6825,-0.46122,1
"267",1,-0.016103,9.7484,0.15394,-1.6134,1
"1139",1,-2.5961,-9.349,9.7942,-0.28018,2
"1358",1,-2.5899,-0.3911,0.93452,0.42972,2
"758",1,2.6606,3.1681,1.9619,0.18662,1
"323",1,-1.7344,2.0175,7.7618,0.93532,1
"682",1,2.2429,-4.1427,5.2333,-0.40173,1
"1315",1,-3.506,-12.5667,15.1606,-0.75216,2
"337",1,3.966,3.9213,0.70574,0.33662,1
"460",1,0.77445,9.0552,-2.4089,-1.3884,1
"1211",1,0.025013,3.3998,-4.4327,-4.2655,2
"436",1,1.2138,8.7986,-2.1672,-0.74182,1
"1144",1,-2.4621,2.7645,-0.62578,-2.8573,2
"613",1,-1.1391,1.8127,6.9144,0.70127,1
"15",1,3.404,8.7261,-2.9915,-0.57242,1
"741",1,-2.4473,12.6247,0.73573,-7.6612,1
"939",1,-4.3773,-5.5167,10.939,-0.4082,2
"456",1,2.6682,10.216,-3.4414,-4.0069,1
"656",1,2.6562,10.7044,-3.3085,-4.0767,1
"115",1,1.7819,6.9176,-1.2744,-1.5759,1
"1017",1,-2.0042,-9.3676,9.3333,-0.10303,2
"842",1,-3.8858,-12.8461,12.7957,-3.1353,2
"415",1,1.9818,9.2621,-3.521,-1.872,1
"411",1,1.941,0.46351,4.6472,1.0879,1
"1156",1,1.0117,0.9022,-2.3506,0.42714,2
"1321",1,-0.72068,-6.7583,5.8408,0.62369,2
"207",1,5.3063,5.2684,-2.8904,-0.52716,1
"552",1,3.534,9.3614,-3.6316,-1.2461,1
"915",1,-2.5346,-0.77392,3.3602,0.00171,2
"646",1,2.9233,6.0464,-0.11168,-0.58665,1
"1086",1,-2.6649,-12.813,12.6689,-1.9082,2
"1286",1,0.2952,4.8856,-5.149,-6.2323,2
"259",1,3.744,0.79459,0.95851,1.0077,1
"1049",1,-0.8471,3.1329,-3.0112,-2.9388,2
"1062",1,-2.3147,3.6668,-0.6969,-1.2474,2
"117",1,3.8969,7.4163,-1.8245,0.14007,1
"1334",1,-2.8619,4.5193,-0.58123,-4.2629,2
"991",1,-4.577,3.4515,0.66719,-0.94742,2
"247",1,1.6472,0.48213,4.7449,1.225,1
"312",1,5.0297,-4.9704,3.5025,-0.23751,1
"101",1,3.3669,-5.1856,3.6935,-1.1427,1
"806",1,-3.6085,3.3253,-0.51954,-3.5737,2
"228",1,-2.6479,10.1374,-1.331,-5.4707,1
"87",1,-1.1313,1.9037,7.5339,1.022,1
"982",1,-6.0598,9.2952,-0.43642,-6.3694,2
"6",1,4.3684,9.6718,-3.9606,-3.1625,1
"1184",1,-3.5741,3.944,-0.07912,-2.1203,2
"537",1,2.7659,0.66216,4.1494,-0.28406,1
"159",1,2.2634,-4.4862,3.6558,-0.61251,1
"604",1,3.7635,2.7811,0.66119,0.34179,1
"702",1,5.591,10.4643,-4.3839,-4.3379,1
"635",1,6.8248,5.2187,-2.5425,0.5461,1
"699",1,3.2403,-3.7082,5.2804,0.41291,1
"952",1,-1.6936,2.7852,-2.1835,-1.9276,2
"1169",1,0.74067,1.7299,-3.1963,-0.1457,2
"217",1,1.3234,3.2964,0.2362,-0.11984,1
"1148",1,-1.6988,-7.1163,5.7902,0.16723,2
"535",1,4.8278,7.7598,-2.4491,-1.2216,1
"1003",1,-1.7104,-4.778,6.2109,0.3974,2
"328",1,4.2164,9.4607,-4.9288,-5.2366,1
"195",1,-2.341,12.3784,0.70403,-7.5836,1
"578",1,3.8962,-4.7904,3.3954,-0.53751,1
"92",1,4.0632,3.584,0.72545,0.39481,1
"1226",1,-6.5235,9.6014,-0.25392,-6.9642,2
"596",1,3.1836,7.2321,-1.0713,-2.5909,1
"1078",1,-1.6001,-9.5828,9.4044,0.081882,2
"683",1,3.7321,-3.884,3.3577,-0.006049,1
"428",1,-1.3,10.2678,-2.953,-5.8638,1
"1273",1,-4.2333,4.9166,-0.49212,-5.3207,2
"271",1,3.8417,10.0215,-4.2699,-4.9159,1
"588",1,1.4276,8.3847,-2.0995,-1.9677,1
"861",1,-3.4605,2.6901,0.16165,-1.0224,2
"944",1,-3.1273,-7.1121,11.3897,-0.083634,2
"570",1,1.8238,-6.7748,8.3873,-0.54139,1
"349",1,3.1088,3.1122,0.80857,0.4336,1
"1330",1,-2.9672,-13.2869,13.4727,-2.6271,2
"1073",1,-1.366,0.18416,0.90539,1.5806,2
"283",1,2.877,-4.0599,3.6259,-0.32544,1
"917",1,-0.539,-5.167,3.4399,0.052141,2
"1064",1,-2.0066,-6.719,9.0162,0.099985,2
"1136",1,-1.6386,3.3584,-1.7302,-3.5646,2
"746",1,0.75736,3.0294,2.9164,-0.068117,1
"486",1,3.6575,7.2797,-2.2692,-1.144,1
"1114",1,-2.6864,-0.097265,0.61663,0.061192,2
"556",1,2.2893,3.733,0.6312,-0.39786,1
"606",1,1.0652,8.3682,-1.4004,-1.6509,1
"1010",1,-3.5713,-12.4922,14.8881,-0.47027,2
"498",1,-0.048008,-1.6037,8.4756,0.75558,1
"794",1,-2.286,-5.4484,5.8039,0.88231,2
"121",1,3.4642,10.6878,-3.4071,-4.109,1
"431",1,1.5691,6.3465,-0.1828,-2.4099,1
"985",1,-0.69745,-1.7672,-0.34474,-0.12372,2
"1236",1,-3.5359,0.30417,0.6569,-0.2957,2
"483",1,0.007125,8.3661,0.50781,-3.8155,1
"339",1,0.96414,5.616,2.2138,-0.12501,1
"358",1,3.2051,8.6889,-2.9033,-0.7819,1
"922",1,-2.8833,1.7713,0.68946,-0.4638,2
"417",1,4.3483,11.1079,-4.0857,-4.2539,1
"149",1,3.6277,0.9829,0.68861,0.63403,1
"1222",1,-1.8356,-6.7562,5.0585,-0.55044,2
"442",1,0.86816,10.2429,-1.4912,-4.0082,1
"154",1,3.4591,11.112,-4.2039,-5.0931,1
"1265",1,-6.651,6.7934,0.68604,-7.5887,2
"194",1,4.8272,3.0687,0.68604,0.80731,1
"151",1,4.5447,8.2274,-2.4166,-1.5875,1
"1050",1,-3.9594,4.0289,-0.35845,-3.8957,2
"487",1,3.8832,6.4023,-2.432,-0.98363,1
"726",1,3.6181,-3.7454,2.8273,-0.71208,1
"34",1,-0.96511,9.4111,1.7305,-4.8629,1
"429",1,3.4246,-0.14693,0.80342,0.29136,1
"238",1,3.8905,-2.1521,2.6302,1.1047,1
"400",1,2.9695,5.6222,0.27561,-1.1556,1
"779",1,-0.77461,-1.8768,2.4023,1.1319,2
"188",1,1.8314,6.3672,-0.036278,0.049554,1
"1029",1,-2.7264,3.9213,-0.49212,-3.6371,2
"1145",1,-1.3995,-1.9162,2.5154,0.59912,2
"751",1,4.0422,-4.391,4.7466,1.137,1
"1347",1,1.2572,4.8731,-5.2861,-5.8741,2
"783",1,-0.3481,-0.38696,-0.47841,0.62627,2
"248",1,2.0597,-0.99326,5.2119,-0.29312,1
"1115",1,-1.0555,0.79459,-1.6968,-0.46768,2
"684",1,4.3365,-3.584,3.6884,0.74912,1
"453",1,0.77124,9.0862,-1.2281,-1.4996,1
"1185",1,-0.7351,1.7361,-1.4938,-1.1582,2
"1324",1,-0.025314,-0.17383,-0.11339,1.2198,2
"744",1,4.7926,1.7071,-0.051701,1.4926,1
"177",1,0.19081,9.1297,-3.725,-5.8224,1
"74",1,4.1654,-3.4495,3.643,1.0879,1
"293",1,4.1349,6.1189,-2.4294,-0.19613,1
"899",1,-5.2406,6.6258,-0.19908,-6.8607,2
"319",1,1.5799,-4.7076,7.9186,-1.5487,1
"1157",1,0.96708,3.8426,-4.9314,-4.1323,2
"357",1,2.7206,9.0821,-3.3111,-0.96811,1
"543",1,2.8232,10.8513,-3.1466,-3.9784,1
"158",1,3.9479,-3.7723,2.883,0.019813,1
"1081",1,-0.27068,3.2674,-3.5562,-3.0888,2
"1041",1,1.7875,4.78,-5.1362,-3.2362,2
"1288",1,-3.9933,2.6218,0.62863,-1.1595,2
"1027",1,0.11806,0.39108,-0.98223,0.42843,2
"1261",1,-3,-9.1566,9.5766,-0.73018,2
"129",1,4.6689,1.3098,0.055404,1.909,1
"569",1,4.3435,3.3295,0.83598,0.64955,1
"883",1,-4.3876,-7.7267,11.9655,-1.4543,2
"844",1,-0.52645,-0.24832,-0.45613,0.41938,2
"251",1,4.5691,-4.4552,3.1769,0.004296,1
"1178",1,-0.89542,2.0279,-2.3652,-1.2746,2
"727",1,0.040498,8.5234,1.4461,-3.9306,1
"911",1,0.55298,-3.4619,1.7048,1.1008,2
"204",1,4.1757,10.2615,-3.8552,-4.3056,1
"1266",1,-2.5463,3.1101,-0.83228,-3.0358,2
"946",1,-1.7697,3.4329,-1.2144,-2.3789,2
"770",1,-0.89409,3.1991,-1.8219,-2.9452,2
"103",1,5.1129,-0.49871,0.62863,1.1189,1
"542",1,3.6667,4.302,0.55923,0.33791,1
"356",1,-0.21661,8.0329,1.8848,-3.8853,1
"695",1,0.74054,0.36625,2.1992,0.48403,1
"1282",1,-2.7908,-5.7133,5.953,0.45946,2
"1044",1,-2.7028,1.6327,0.83598,-0.091393,2
"1207",1,-2.4349,-9.2497,8.9922,-0.50001,2
"40",1,3.4805,9.7008,-3.7541,-3.4379,1
"63",1,4.2586,11.2962,-4.0943,-4.3457,1
"1",0,3.966,0.7098,10.2184,0.88231,2
"2100",0,-1.3931,1.6327,2.2232,0.97153,1
"3100",0,-2.484,2.9239,10.0916,-4.3948,1
"4100",0,-6.1536,6.0319,7.5382,1.437,1
"5100",0,-3.9933,-5.4236,2.7587,-2.1836,1
"6100",0,-2.4115,-7.6563,2.7827,0.21248,1
"7",0,-1.3887,0.74493,1.9387,0.63403,2
"8100",0,-0.8471,-5.1463,5.8039,-0.44182,1
"9100",0,-2.2173,0.35591,1.1959,-3.1457,2
"10",0,0.5195,2.0838,1.0219,-0.9888,2
"1111",0,0.50813,0.82356,-1.3284,-3.6991,1
"1213",0,2.3729,-5.3036,0.90539,-1.8384,1
"1310",0,-1.7101,10.1684,-4.0463,-3.2207,2
"1410",0,2.2928,-3.226,6.6779,-3.3487,1
"1510",0,-4.3773,8.5234,9.233,0.41809,2
"1610",0,0.74428,-3.0957,10.8867,-3.3526,1
"1710",0,5.3586,-8.6289,-3.8235,-2.9452,1
"1810",0,0.72252,-2.1562,2.3183,-1.2474,1
"1910",0,4.6765,1.2829,0.009991,0.3974,2
"2010",0,2.3952,1.3078,-3.1954,-0.20777,1
"2110",0,-6.5084,5.6864,9.3333,0.21248,2
"2210",0,3.6575,-7.6563,0.80342,-2.4746,1
"2310",0,4.1542,10.5388,2.7236,1.6543,1
"2410",0,-3.9698,6.9321,-1.7859,0.48403,2
"2510",0,1.2279,10.1684,1.8128,-0.43277,2
"2610",0,2.0962,9.7794,1.6765,0.91722,2
"2710",0,5.086,1.9037,1.608,0.38059,2
"2810",0,-3.0201,-6.7583,-1.8219,-0.89182,2
"2910",0,-1.9966,-6.4334,-3.282,-3.8142,1
"3010",0,2.9736,-9.3676,3.0423,-0.39786,1
"3110",0,-0.12196,-13.2869,-4.4987,-0.57889,2
"3210",0,1.0987,0.22761,1.1959,-1.0431,1
"3310",0,2.5817,3.584,3.8058,-4.2797,2
"3410",0,-0.82053,0.48213,-3.2888,-4.0159,2
"3510",0,-1.7599,-1.7051,3.9823,-0.47156,1
"3610",0,2.5503,1.2954,-0.049987,-0.33708,1
"3710",0,-5.1216,11.5093,8.1088,0.15429,2
"3810",0,3.744,-0.1759,-0.64892,-3.1457,1
"39",0,-1.2786,6.7562,-4.2931,0.63403,1
"4010",0,1.594,-1.0553,0.18307,-3.5944,2
"4110",0,-1.0401,-0.4449,0.26876,1.212,2
"4210",0,-2.3142,-0.045533,4.2933,0.9211,2
"4310",0,-2.4473,3.6874,-4.1602,-0.30087,1
"44",0,0.50813,6.2699,12.363,-4.3263,1
"4510",0,0.55298,-0.48422,4.5512,-1.3069,1
"4610",0,-1.1804,0.35591,-4.1594,-4.3289,2
"4710",0,-2.4349,6.69,-2.3437,1.353,1
"48",0,0.77124,8.9848,0.13081,0.35214,1
"4910",0,-3.1128,8.0329,3.8949,1.212,1
"5010",0,4.2478,10.1891,-0.023425,-5.8741,2
"51",0,-2.8957,-0.69529,-3.2074,-2.8974,1
"52",0,-4.1409,9.4607,5.947,-7.5642,1
"5310",0,4.6361,11.9604,-0.64206,-0.078462,1
"5410",0,-0.278,-6.4168,-0.10397,-0.11725,1
"55",0,3.2051,4.0309,0.045979,-0.59053,1
"5610",0,4.0713,0.7098,1.099,-0.1276,1
"5710",0,-4.2249,3.286,3.4553,-6.9978,1
"5810",0,-2.6685,-5.0325,2.6491,1.0323,2
"5910",0,5.0429,-3.0336,-0.53324,1.212,1
"6010",0,-6.5773,-0.52974,-4.5064,0.77627,1
"61",0,1.162,10.7044,10.7402,-0.1095,2
"6210",0,-3.9411,2.6901,0.97565,-2.4332,1
"6310",0,3.2303,0.22761,1.7048,-0.33967,2
"64",0,-2.1674,-2.7004,6.9255,1.1435,2
"6510",0,-1.6662,-7.4473,-2.4697,-2.9362,2
"6610",0,-1.8554,-0.17797,-0.11339,0.22541,1
"6710",0,3.757,4.0723,0.12224,0.36636,1
"6810",0,5.7403,7.4908,0.065686,0.32886,1
"6910",0,1.2279,7.8612,3.0895,-3.9564,1
"7010",0,4.4338,4.9166,-2.3652,0.84351,2
"7110",0,-2.2214,12.1984,2.135,0.18274,1
"7210",0,-0.3489,6.063,-2.0995,0.91593,1
"7310",0,-2.484,6.8514,8.9717,0.228,2
"7410",0,-2.3983,2.0879,14.3689,-0.59053,2
"7510",0,-2.2625,2.4004,-4.0926,0.15429,2
"7610",0,3.9102,5.8974,-0.9351,0.33662,1
"7710",0,2.614,-7.6563,10.5251,-1.7853,2
"78",0,2.7296,9.2931,0.65005,0.22024,2
"79",0,1.934,0.039307,-1.5435,-0.30087,1
"8010",0,-4.2091,4.8773,-4.7018,-4.3948,1
"8110",0,4.1349,-6.8969,1.997,-6.1043,1
"8210",0,-2.2811,7.6398,2.3586,-2.7099,1
"8310",0,3.9433,11.0272,-0.48869,-0.79871,1
"84",0,2.6463,-5.7133,1.608,-7.7853,1
"85",0,3.5251,1.1815,-5.1362,-1.9379,2
"8610",0,-1.2537,11.3603,-2.1964,0.40774,2
"8710",0,3.2303,9.0552,-3.7867,0.2099,1
"88",0,-1.1193,-6.0237,-2.9812,-0.12372,1
"89",0,0.75736,7.9853,-0.73546,0.075416,2
"9010",0,-5.637,3.5178,1.7425,-1.2991,2
"91",0,2.877,-2.9363,3.7304,-0.16769,2
"9210",0,-0.025314,-1.1505,-3.2794,-1.8228,2
"9310",0,-1.4217,1.1029,-0.6532,0.40774,1
"94",0,-1.4572,1.076,-0.6532,-0.60216,2
"9510",0,1.1588,10.2491,0.070827,0.9017,1
"9610",0,3.534,11.17,-4.3239,1.5651,1
"9710",0,0.11806,9.6325,-2.1501,-0.57242,2
"9810",0,0.23874,-9.2497,3.0835,-0.64484,1
"9910",0,2.229,6.3672,0.065686,0.85774,1
"10010",0,-1.0744,0.039307,-1.5323,-2.7965,2
"10110",0,1.0284,-1.4237,-2.432,-0.75216,1
"10210",0,-4.244,-9.6035,-3.1098,-7.5836,2
"10310",0,-1.8584,-10.5244,0.75716,-1.4466,1
"10410",0,-2.9821,10.0008,-0.90597,-1.0147,1
"10510",0,-1.2786,3.0149,-4.3839,-3.1004,1
"10610",0,4.9852,-12.8006,0.7572,-2.7965,2
"107",0,-1.8584,8.9848,-2.1964,-3.2608,2
"108",0,3.8962,2.4769,0.72545,1.5806,2
"1099",0,-3.0193,1.7734,-2.9375,-4.3741,2
"1103",0,4.0422,-9.349,0.13081,-1.2823,1
"11110",0,-1.979,-2.9156,0.77344,1.1823,2
"1123",0,-4.2333,6.1664,-4.8037,-5.0801,1
"1133",0,-4.211,-4.1634,0.32616,1.5289,1
"1147",0,0.39559,-4.4552,2.5188,0.21766,2
"11510",0,0.96788,8.9951,-0.24877,1.1047,2
"116",0,1.742,3.8385,0.64577,0.00171,2
"1176",0,2.6682,0.12415,-4.0943,-7.5836,2
"118",0,-0.2062,-4.4552,-0.35845,-2.5276,1
"1199",0,0.00312,4.5462,0.69718,1.0414,1
"1201",0,1.7425,0.084831,1.0588,0.76076,2
"1215",0,-5.873,-13.0634,5.4681,-0.19613,1
"1221",0,2.9163,-3.4619,-3.2828,0.21248,2
"1234",0,-2.4473,0.91254,17.1116,-3.7483,2
"1246",0,2.3164,2.9073,-3.7044,-1.2991,1
"125",0,2.7213,-1.2519,-4.9417,-0.11596,1
"12610",0,3.4246,6.3961,-0.1828,-0.9849,2
"1279",0,0.74521,0.13863,-1.1605,0.96118,2
"128",0,-2.2617,9.2621,4.4578,0.77757,2
"1293",0,-2.2501,5.2187,-3.8081,-4.3948,1
"1301",0,4.0715,6.1851,2.5454,0.64179,2
"131",0,3.3583,9.8187,3.4896,-3.7366,2
"132",0,3.4359,1.2767,-2.2701,0.6767,2
"13310",0,3.1377,1.0326,-4.2931,0.33662,2
"1341",0,1.143,4.5462,3.9249,-7.5034,2
"1351",0,-1.9966,-6.81,5.63,0.18404,1
"136",0,4.1349,0.9022,-3.282,-0.2957,1
"1373",0,3.8417,9.7794,3.4579,-4.3237,1
"138",0,5.7353,-0.10554,11.3897,-0.24527,1
"1391",0,-2.9915,4.0951,-1.6326,0.16464,1
"140",0,0.33111,0.51524,4.6369,-1.1427,1
"1411",0,2.9719,3.5116,-2.9581,-0.78061,2
"1421",0,1.208,3.0439,3.6259,1.0271,1
"1431",0,-2.3983,-6.572,-0.58123,-2.9026,2
"1441",0,2.8672,3.3357,2.7056,-1.2487,2
"145",0,-1.2786,0.80908,-4.2931,-1.2642,1
"1461",0,3.7791,0.42212,10.4052,0.90946,1
"1471",0,4.1736,0.46351,-4.5415,-1.9948,1
"1481",0,-2.4554,-3.226,-1.1622,0.62369,2
"1491",0,2.2279,11.17,-0.11339,-5.5793,1
"1501",0,4.3634,2.9301,-3.4414,-2.6271,2
"1511",0,4.2188,6.9383,1.9387,-4.3237,1
"1521",0,0.83625,9.4111,-3.4414,-0.57889,1
"1531",0,-4.211,3.1205,7.9597,-3.5258,2
"1541",0,2.6415,-7.9026,-0.58808,-1.1427,1
"1551",0,5.086,-9.1359,-3.0789,-1.3043,1
"1561",0,-1.1022,7.7598,-3.1183,-3.4004,1
"1571",0,1.8205,1.4609,-1.3284,-1.7349,2
"1581",0,1.3419,10.1891,15.6773,-4.0172,2
"1591",0,-1.8448,2.9301,3.9746,0.71679,2
"1601",0,-0.53966,1.9037,-3.3857,1.2418,2
"161",0,4.1757,5.8561,-0.066267,-6.6241,1
"1621",0,3.6181,-4.449,-4.4044,-4.2797,2
"1631",0,1.602,3.2136,-0.31818,1.5289,2
"1641",0,-3.6053,3.3357,-3.3085,-2.8457,2
"1651",0,-1.239,-4.4552,0.49839,0.77757,1
"1661",0,1.3264,8.3661,0.2182,-0.11596,1
"167",0,2.7659,10.6878,11.9552,0.49567,2
"1681",0,-0.2062,3.4515,-3.4302,-2.4409,1
"1691",0,5.9374,-5.0966,-0.094543,-5.9426,2
"1701",0,4.0405,-3.6978,-0.051701,0.96118,1
"1711",0,-1.5851,-6.9756,0.52924,-6.8103,2
"172",0,-0.81479,-1.7051,-2.2135,-4.3379,1
"173",0,2.031,-6.8824,0.041694,-0.12889,2
"1741",0,1.2746,-6.572,9.4926,0.56938,1
"1751",0,0.74841,7.528,0.46583,-0.65389,1
"176",0,-6.0598,-4.809,-0.87598,-0.66811,1
"1771",0,-3.3458,4.7283,2.9438,-4.4271,1
"1781",0,-1.4275,7.1783,3.8803,-3.3409,1
"1791",0,-6.4247,7.1783,6.0122,0.065071,2
"180",0,-1.7599,9.2952,-4.3239,1.3569,1
"1811",0,2.3066,-4.0061,-0.92311,-1.2823,1
"182",0,0.37637,1.6327,0.029699,-0.4444,1
"1831",0,3.7522,2.0838,-1.6488,-2.9155,2
"184",0,-0.69572,1.8479,0.73745,0.58102,1
"1851",0,1.3518,-0.17383,6.9144,2.4495,1
"1861",0,3.6582,2.2369,9.4926,-0.21036,1
"1871",0,3.4663,-4.0061,-5.1362,-0.021566,1
"1881",0,-3.0061,2.4728,5.9068,-3.8672,1
"189",0,-6.5773,0.12415,-2.2384,-1.3082,2
"1901",0,4.6054,1.8644,0.26876,0.20085,2
"1911",0,-4.8426,-6.4479,-3.6316,-1.2629,2
"1921",0,4.0715,8.5978,-2.9401,-2.7552,2
"1931",0,4.8906,0.42212,-1.331,-5.4707,1
"1941",0,0.7049,-6.7583,2.2129,1.2017,2
"1951",0,-0.048008,-6.8804,2.1161,1.9103,1
"1961",0,1.594,-6.4334,-4.569,-0.89828,2
"1971",0,0.60731,3.3584,8.4636,0.48403,1
"1981",0,-0.7056,0.31245,17.0834,-0.40432,2
"1991",0,4.1927,0.23175,9.682,0.64696,1
"2001",0,2.8033,8.7696,0.022844,-2.9362,2
"2011",0,3.9382,0.9291,5.6026,-2.6737,1
"2021",0,-3.2051,0.73252,0.23448,1.2017,1
"2031",0,-1.1005,-6.3444,-0.58123,0.303,1
"2041",0,2.9695,0.10139,2.3183,0.77239,1
"2051",0,-2.6864,3.1639,-1.1793,1.0129,1
"2061",0,1.1432,2.4976,-0.49212,-0.41337,1
"2071",0,3.7798,5.7526,11.4419,-0.56725,1
"2081",0,1.3087,2.6756,6.0241,-0.59958,2
"209",0,-1.5768,8.9331,-3.8209,-5.4707,2
"210",0,1.162,12.9516,9.0239,-0.64613,1
"2111",0,-0.55008,11.6542,-3.0464,-6.1043,2
"2121",0,4.2586,2.4707,-0.051701,-3.2646,2
"2131",0,5.504,2.0175,-2.6848,-3.9306,1
"2141",0,4.1736,5.825,0.18307,0.57455,1
"2151",0,-6.7387,-0.091058,0.6569,-0.52716,1
"2161",0,-1.8584,-0.85669,3.6259,-0.40173,1
"2171",0,-2.659,7.5404,-3.0326,-2.8948,1
"2181",0,0.3292,5.2808,17.1116,-2.825,1
"219",0,-3.3604,7.886,-3.8235,-1.3043,1
"220",0,-3.3582,0.65181,-0.80743,2.0862,1
"2211",0,2.9233,9.5414,0.044265,-3.5944,1
"2221",0,-2.2214,1.4174,-4.2699,-1.0147,1
"2231",0,-2.9883,2.3134,2.1787,-0.56854,1
"224",0,1.0009,9.887,2.1375,-0.79742,2
"2251",0,-1.4275,7.886,1.6928,-0.66553,1
"226",0,-6.3364,3.4329,0.15394,0.98963,2
"2271",0,3.7635,6.9383,-5.1362,-4.3664,2
"2281",0,3.8197,-1.0243,8.3316,-4.7582,2
"2291",0,2.4226,5.9781,2.29,-3.9564,2
"2301",0,2.4673,-2.4087,-0.21793,0.5461,1
"231",0,1.9647,12.606,1.219,0.45688,2
"2321",0,-5.4414,-1.6058,1.7048,-1.4944,2
"233",0,-4.1409,8.7241,2.5394,-1.3509,1
"2341",0,4.6765,11.4038,-2.2169,-1.2151,1
"2351",0,3.9433,10.8306,-2.7824,-0.96164,1
"236",0,-3.5713,3.2798,4.5718,-0.033204,1
"2371",0,1.0117,-6.8555,5.989,1.0233,1
"2381",0,-1.8356,10.754,-4.1388,-2.3931,2
"239",0,1.9157,-4.4117,0.72545,-3.2698,1
"2401",0,0.87256,10.2615,0.78543,-0.12889,2
"2411",0,3.8644,-4.3496,3.9249,-7.0107,2
"2421",0,-3.551,-1.7672,-3.8209,-0.53751,2
"2431",0,-2.6479,0.7098,-4.5775,-0.46122,1
"2441",0,4.9362,-3.3584,-1.2821,-2.7125,1
"2451",0,-3.9594,0.9291,2.6045,1.1952,1
"246",0,-6.0598,-5.974,-2.0439,-0.96164,1
"2471",0,0.58836,9.5911,-1.0671,-0.19225,1
"2481",0,-0.24745,2.8825,-0.9094,-4.8629,1
"2491",0,-6.9599,-0.99533,-0.035421,-3.8672,2
"2501",0,2.5068,0.46972,-3.4071,0.22283,1
"2511",0,-2.7914,-0.020702,14.9704,-2.353,2
"252",0,-0.82053,4.7283,6.5537,-0.29312,2
"2531",0,3.404,5.9409,-2.4166,-0.80647,2
"254",0,0.50225,7.7846,0.56265,0.77757,2
"2551",0,-1.4275,8.7489,1.6011,0.19567,2
"2561",0,-4.5531,5.6574,-2.7696,0.35214,2
"2571",0,-3.8053,2.4707,-4.2931,-3.5569,1
"258",0,1.2198,-12.8792,-0.81857,-2.8457,1
"2591",0,3.7767,2.9487,1.6054,-3.1896,2
"260",0,3.106,-0.24832,-1.0456,0.70127,1
"261",0,3.82,3.2239,-4.9417,0.068951,1
"262",0,-4.3876,-13.4586,8.9999,-4.0133,1
"2631",0,2.8297,7.6067,0.78543,-0.7819,1
"2641",0,-1.1188,10.9258,1.3989,-1.0483,1
"2651",0,5.2012,5.6802,1.3098,-4.2629,1
"2661",0,0.90407,1.2954,2.8633,0.42714,1
"2671",0,-3.1273,10.3754,0.70574,0.18662,1
"268",0,-0.539,0.29176,-3.2074,-0.96164,1
"269",0,4.1962,3.944,4.3439,-2.2586,2
"2701",0,3.5251,7.6956,2.9986,-3.1508,1
"2711",0,5.3586,0.78425,-0.19908,0.099985,1
"2721",0,-3.1128,8.9848,-2.8904,-2.5302,1
"2731",0,0.58836,5.7588,17.5795,-0.55949,2
"274",0,0.21431,-6.8969,10.0916,-2.4668,1
"2751",0,2.5817,10.7271,-0.19908,-0.68104,2
"2761",0,1.5631,10.8409,9.0239,-2.9452,1
"277",0,3.9414,-0.32902,3.3285,-3.8582,1
"2781",0,3.2303,9.109,5.3524,-0.86208,1
"279",0,1.3754,8.5482,-2.9812,1.5289,1
"280",0,-4.2091,1.0512,-4.0926,-1.4905,2
"281",0,-1.9116,0.60836,10.3846,0.16981,1
"2821",0,1.594,2.9301,-0.79372,-3.9306,1
"2831",0,-3.1273,0.31245,11.3897,-0.20518,2
"2841",0,-1.2786,2.1065,-2.2324,-4.4659,2
"2851",0,3.9479,3.2674,-1.4244,0.64955,1
"2861",0,-2.4554,7.617,0.6312,-0.5621,2
"2871",0,0.55939,-13.4586,-1.9385,0.89394,1
"2881",0,4.4295,-4.4614,5.8408,0.35214,2
"2891",0,0.040498,1.1029,4.1914,-1.2526,1
"2901",0,4.0102,-4.8773,1.1959,-0.061652,2
"2911",0,-3.9933,9.5228,-2.3386,1.5625,1
"2921",0,-2.5419,3.2239,-0.000291,2.4495,1
"2931",0,2.4391,-7.3625,15.1606,-0.2957,1
"2941",0,-2.1241,4.84,-0.37644,-0.44182,1
"2951",0,4.1195,2.9094,2.518,0.29653,1
"2961",0,0.030219,0.22347,-0.87598,0.57196,2
"2971",0,-5.1661,5.9781,0.56265,-0.36036,1
"298",0,-1.1859,3.0025,-4.4044,-0.89182,1
"2991",0,-0.95923,-6.6258,-0.2462,0.16723,1
"3001",0,4.0713,6.1851,-3.7867,0.50731,1
"301",0,-5.4901,6.8369,-1.9153,0.2099,2
"3021",0,3.4092,8.871,0.38015,0.98963,1
"3031",0,0.88298,-2.2183,3.1674,0.76076,1
"3041",0,-1.3274,2.7356,-2.3386,-6.8607,1
"3051",0,1.9647,1.5892,1.2421,-0.54785,1
"3061",0,-0.9607,-3.0336,-3.3565,-0.9849,2
"307",0,0.21084,10.6878,7.7687,-1.1556,2
"308",0,-0.9607,11.0272,0.85483,0.7155,1
"309",0,-0.55008,-2.1562,0.77344,-1.4905,2
"3101",0,2.6719,2.2948,-4.5775,-4.3948,2
"3111",0,-2.7914,2.3383,3.3577,-3.456,2
"3121",0,-1.6662,-3.9172,5.0585,-0.3901,1
"3131",0,1.3087,0.40971,1.3989,0.75817,1
"3141",0,0.3292,1.6285,1.3989,-7.7581,2
"315",0,1.941,3.0729,0.91995,0.96894,1
"3161",0,3.8832,-5.4981,0.95851,0.94049,2
"3171",0,2.6415,3.0729,-4.976,-1.1582,2
"3181",0,2.3952,3.4019,1.6928,-3.7483,1
"3191",0,4.9294,10.694,-4.0557,-0.43406,1
"3201",0,-0.7056,7.4908,-0.38758,1.0414,1
"321",0,3.5152,3.5074,2.8093,-4.5629,2
"3221",0,-2.0659,8.0764,0.54723,-1.7129,1
"3231",0,0.3292,9.2848,14.9704,-1.2216,1
"3241",0,3.5127,-0.020702,2.8093,0.42972,1
"3251",0,-2.902,-4.809,-1.7859,-2.8987,2
"3261",0,1.5691,-2.1562,-2.4586,2.0202,2
"327",0,2.0193,4.1158,0.37158,-0.41596,2
"3281",0,1.3754,9.1214,-4.0129,0.36119,2
"3291",0,4.3064,-8.1819,1.9619,-1.2474,1
"330",0,-1.5681,0.11794,4.2933,-0.52716,1
"3311",0,3.8846,2.6756,5.989,-0.96811,1
"3321",0,-5.873,-0.1759,-1.0456,1.3051,2
"3331",0,-0.36025,1.4174,-1.4166,2.0862,1
"3341",0,0.75896,0.31038,8.1517,0.5461,1
"335",0,3.1088,0.89599,-2.4097,-1.4466,1
"336",0,-1.4572,-5.8126,-2.8544,-0.44699,1
"3371",0,1.7747,4.5193,-5.149,0.59912,1
"338",0,-1.3274,9.1566,0.95851,1.4008,1
"3391",0,0.23874,9.2952,-5.2861,0.005589,1
"3401",0,3.3397,10.4726,-1.672,1.7008,2
"341",0,1.9157,9.2621,1.8471,-0.85302,2
"3421",0,0.86202,1.852,-0.81857,-1.4621,2
"3431",0,0.75736,9.1938,-0.17252,-2.6181,1
"3441",0,0.94225,10.216,2.0458,-0.4638,1
"3451",0,-1.2528,8.8855,-4.1388,0.34179,1
"3461",0,0.39012,-12.8792,3.1674,0.03533,1
"3471",0,0.94225,9.0386,-2.0267,1.1823,2
"3481",0,-1.7101,0.70148,1.997,-2.5987,2
"3491",0,-1.8448,-1.1816,-0.41929,-0.40691,1
"3501",0,1.594,-12.813,-1.2744,-2.3931,2
"3511",0,-2.0441,10.8513,0.67833,-0.3707,1
"3521",0,-1.7063,-3.3109,4.8477,-4.3289,2
"3531",0,3.5127,8.7096,-0.19908,-3.0358,2
"3541",0,0.3292,3.764,-1.3927,0.068951,1
"3551",0,-3.0799,-4.4614,7.1398,0.3211,1
"3561",0,5.1731,1.7734,4.2265,-2.3789,2
"3571",0,1.3403,7.795,3.4553,-0.30087,2
"3581",0,0.50813,2.4066,0.68946,0.26809,1
"3591",0,-0.62043,6.8121,-0.60008,1.547,1
"3601",0,-1.3971,-1.0243,-0.056842,-0.006049,1
"3611",0,1.3419,8.0081,9.233,-0.63578,2
"362",0,1.1588,6.6486,4.7449,-0.12889,1
"363",0,-1.979,-12.4736,1.3458,0.41421,2
"364",0,3.8846,-5.5871,-3.0789,-0.85949,1
"365",0,0.37637,1.7982,-0.5898,0.91722,2
"3661",0,1.9105,-6.1603,8.1628,-7.5034,2
"3671",0,1.8533,-12.9309,-2.2135,-4.8978,1
"3681",0,0.045304,6.5906,-1.9693,-1.4802,2
"3691",0,0.47368,-6.4624,-4.3839,-6.2323,2
"3701",0,4.988,-10.5244,2.6842,-4.8629,1
"3711",0,2.6562,7.3915,-0.20165,-4.1414,2
"3721",0,-0.023579,-4.0765,4.1211,0.49826,1
"3731",0,2.5227,1.4423,-1.2864,-3.8918,2
"3741",0,4.6689,2.2369,-4.5544,-2.7164,1
"375",0,4.1927,-3.7971,8.9999,-3.8957,1
"3761",0,3.7635,0.23175,-2.3652,-4.0909,1
"3771",0,3.9166,-7.257,-0.47327,-2.0815,2
"3781",0,-1.8584,-3.226,13.4727,1.137,2
"379",0,4.8265,0.7098,2.5839,1.0426,1
"380",0,4.2027,-0.49871,-0.9351,0.91722,2
"3811",0,3.6667,4.2068,-0.98223,-2.1953,1
"3821",0,-2.3299,-0.50077,-1.9702,0.36636,1
"3831",0,-0.93587,-1.7672,-4.1602,0.89394,1
"3841",0,1.0235,9.4111,2.2009,0.85774,1
"3851",0,3.946,-12.813,3.0895,-0.4444,2
"3861",0,-2.2625,7.2052,0.18307,-0.43018,2
"387",0,-1.7599,11.4535,1.3818,0.41809,1
"3881",0,4.0713,0.12415,-1.6506,-0.1651,1
"389",0,-7.0364,-6.3879,-3.9795,-1.0379,1
"3901",0,-1.005,5.2684,6.3729,-0.89828,2
"3911",0,-6.2815,2.9301,-4.2931,0.303,1
"3921",0,3.4669,3.0687,2.8358,-0.90863,2
"3931",0,2.8232,2.8452,-2.8673,0.77369,1
"3941",0,-2.7264,8.1261,2.6045,-0.64613,1
"3951",0,-1.7976,1.7775,-0.38415,-3.1508,1
"396",0,4.6562,0.80908,2.1401,-3.456,1
"3971",0,-3.9933,3.7061,-2.4697,-2.1836,2
"3981",0,-0.49081,3.1349,17.6772,-0.62285,2
"3991",0,-0.8172,-8.3123,6.6479,-0.68234,2
"4001",0,1.8533,-3.3584,3.0423,1.4448,1
"4011",0,-2.564,-3.3771,-0.46298,-2.2224,1
"4021",0,-3.3793,2.2121,-3.9606,-1.9677,2
"4031",0,3.7982,-6.661,2.7587,-1.1672,2
"404",0,-6.2003,2.0838,0.65005,-0.43536,1
"4051",0,3.0009,4.0744,-0.53324,0.15429,2
"4061",0,-0.21394,1.4174,2.0416,1.1797,1
"4071",0,-0.89542,9.171,-0.35502,1.7435,1
"4081",0,0.75896,0.32487,-2.3386,-1.7207,1
"4091",0,3.4893,3.2715,0.6312,0.36119,2
"410",0,-2.564,6.4023,6.3549,0.39352,2
"4111",0,0.1848,3.3295,0.071684,-1.0741,1
"4121",0,-1.8076,-6.8969,-2.953,-5.8198,1
"4131",0,2.5328,10.0215,2.0938,-2.8974,2
"4141",0,-3.7244,-1.0512,-0.49212,-2.0659,2
"4151",0,5.8862,1.0326,0.1368,-3.4198,1
"416",0,2.6917,2.9094,8.7086,0.066365,1
"4171",0,-2.3299,7.2321,1.1504,0.54739,2
"4181",0,4.0329,-7.2446,1.9387,-4.0327,1
"4191",0,-2.2501,8.3061,-4.9194,-0.056479,1
"420",0,0.47368,-6.4168,-0.2462,0.3211,1
"4211",0,-1.7599,-6.841,8.9999,-3.1832,2
"4221",0,-2.7083,3.5985,-1.2701,2.0862,2
"4231",0,3.9364,-3.226,14.9704,-0.36165,1
"4241",0,5.7867,8.7779,3.3602,0.65214,1
"4251",0,3.4893,7.2321,10.0916,-3.5569,1
"4261",0,-3.0201,-8.3123,3.4202,0.36636,2
"4271",0,3.9362,6.9879,0.5558,-3.2258,1
"4281",0,-1.4427,-4.4552,-1.2256,-5.3207,1
"4291",0,0.22432,9.109,-1.8511,0.40774,2
"4301",0,3.9663,3.1784,3.9943,0.60688,2
"4311",0,2.8969,4.1199,0.096532,-7.5344,1
"4321",0,-1.1188,-6.3444,0.89082,-1.3884,2
"433",0,3.9166,6.6424,-1.6643,-0.36036,1
"4341",0,-3.0061,-4.391,4.2933,-3.3526,1
"4351",0,-2.4473,9.1752,2.6491,0.12843,1
"4361",0,1.4507,4.0309,-0.6969,-0.35001,1
"4371",0,3.3299,10.5885,0.44784,-5.0323,1
"4381",0,1.8799,-0.097265,2.7056,0.12843,1
"4391",0,4.4295,-5.1711,2.1324,-1.7155,2
"4401",0,0.88872,2.7749,1.2421,0.049554,1
"4411",0,-0.62043,5.6802,1.291,-0.61251,2
"4421",0,5.7456,6.8224,2.3586,-0.66553,1
"4431",0,-1.979,-10.7665,-0.90597,-1.7168,2
"4441",0,1.5691,-0.25246,-3.7541,-3.2207,2
"445",0,2.6213,0.80287,3.8238,1.1875,1
"4461",0,4.2586,7.7846,4.5641,-0.85302,1
"447",0,1.9818,2.0879,-4.9143,1.5043,2
"448",0,1.3638,-7.257,0.80857,-4.0819,1
"4491",0,0.24261,11.2962,2.29,-5.7888,1
"4501",0,3.8417,-4.4862,-1.1536,-3.0345,1
"4511",0,4.0632,-5.0325,9.0239,-2.8573,1
"4521",0,3.4893,-5.1277,2.3055,-2.4927,2
"4531",0,5.2012,-1.7051,3.0895,-4.7582,2
"4541",0,4.7114,8.1819,-3.0087,-8.5482,2
"4551",0,2.8672,0.12415,-1.9702,0.21766,1
"4561",0,-1.9551,2.1065,2.0938,-4.2655,2
"4571",0,-0.023579,-5.4484,0.7623,-3.2362,1
"4581",0,-3.506,1.254,-3.1338,0.48403,1
"4591",0,-3.5359,-0.24832,-0.69347,-1.6806,2
"4601",0,2.0962,-9.0407,-0.031994,1.8922,1
"461",0,-0.23356,-12.9309,0.34073,-3.6991,2
"462",0,0.83625,1.2271,-3.6684,0.38576,2
"4631",0,0.27331,6.2637,3.4896,-5.6504,1
"4641",0,-2.8267,9.5663,-3.0121,1.2017,1
"4651",0,4.0405,9.3593,0.70146,1.1409,1
"4661",0,-0.74324,6.9859,1.9276,1.6297,2
"4671",0,-1.2244,6.1458,0.38015,-0.30346,2
"4681",0,2.8561,9.1752,-0.45356,-0.65259,1
"4691",0,3.5127,-9.6035,-0.40386,0.91722,1
"4701",0,4.3365,8.8855,0.41613,-1.1621,2
"4711",0,5.0691,-13.6593,-1.4938,0.31981,1
"4721",0,-1.6662,7.7846,-3.725,-2.1836,1
"4731",0,1.3114,7.886,-4.0129,-0.9888,1
"474",0,-0.016103,-5.7381,5.4681,0.6017,2
"4751",0,-5.0676,5.9409,-0.056842,-0.89958,1
"4761",0,0.14783,4.0723,-2.9941,-0.32544,2
"4771",0,-2.0962,-1.9162,-0.9351,-3.1896,1
"4781",0,5.8519,11.4038,9.682,2.0564,2
"479",0,-2.2083,1.3078,1.0279,-0.1832,1
"4801",0,-2.4458,-2.9674,2.4357,0.66377,1
"4811",0,-4.0025,-6.572,-0.036278,-5.8638,1
"482",0,-2.9821,10.1457,1.5754,-0.67587,1
"4831",0,1.1676,-7.2446,6.5991,1.1991,1
"4841",0,-1.7599,-6.4624,1.1959,1.6297,1
"4851",0,0.74521,-0.0248,-3.7867,0.005589,2
"4861",0,2.1464,0.22761,3.8058,0.42714,1
"4871",0,0.21084,-0.60424,-0.19651,0.70774,2
"488",0,-2.3142,7.9295,-0.1888,0.93532,2
"4891",0,-2.3242,8.5234,2.8753,-4.0327,1
"4901",0,-0.72068,7.6584,-0.35502,0.80472,1
"4911",0,-0.9607,-0.52147,2.7827,0.23317,1
"4921",0,0.75736,1.8479,8.1517,1.1952,1
"493",0,0.94732,2.4107,-1.9967,-1.2823,2
"494",0,1.3087,-0.15521,-1.4029,0.70127,1
"4951",0,3.5438,3.0646,1.2473,0.33791,1
"4961",0,-0.86339,8.6413,16.7166,-2.0815,1
"4971",0,0.11806,-0.17797,0.85483,-4.3133,1
"4981",0,5.8782,7.2756,0.65005,-5.375,2
"4991",0,1.5691,3.4515,-4.569,-2.7771,2
"5001",0,-1.1667,-3.4143,-2.9941,0.78532,2
"5011",0,2.229,-5.8126,1.8231,-2.8715,2
"5021",0,-5.2943,2.3383,-3.7301,-3.7366,1
"503",0,0.93584,9.7008,-0.72261,-5.5793,1
"5041",0,4.4072,4.0309,9.0694,0.85774,2
"5051",0,-0.69879,8.9951,1.3501,-0.033204,1
"5061",0,-2.1802,-7.3191,-4.9194,-1.4466,1
"5071",0,-0.87834,5.8312,3.8255,-0.70432,1
"5081",0,3.4916,0.54214,10.4266,0.59912,1
"509",0,3.3951,11.1079,5.63,-2.7164,1
"510",0,-5.8818,-3.6978,-1.672,-7.5487,2
"5111",0,2.9719,-9.8808,1.6011,0.97153,1
"5121",0,-1.1859,0.70148,5.8245,-3.9306,2
"5131",0,-1.3931,9.6718,-1.2281,-0.67587,1
"5141",0,-6.1536,10.6568,-3.3994,0.77757,1
"5151",0,3.4893,-0.25246,1.7048,-1.4996,2
"5161",0,1.941,7.2756,3.0895,-4.3664,2
"5171",0,-3.6817,-10.0712,-3.8081,-6.7844,1
"518",0,0.59823,3.2881,4.3439,0.98963,1
"5191",0,3.4805,0.5587,-0.11339,1.5534,2
"5201",0,0.46901,6.6486,5.947,-4.572,2
"5211",0,-3.7181,4.0723,-3.7044,-1.0379,2
"522",0,0.00312,11.5176,1.9276,-0.1457,2
"5231",0,2.483,8.8068,-0.51182,-0.66553,1
"5241",0,3.884,11.9459,5.8408,-1.2216,2
"5251",0,3.6894,7.2756,4.7449,-2.6737,1
"5261",0,-1.4904,5.7588,5.2419,1.2418,2
"5271",0,0.025013,-4.8794,1.9833,-0.19355,2
"5281",0,-0.24745,-4.1427,8.4182,-1.7129,2
"5291",0,2.3917,6.6651,7.7618,-2.1112,2
"5301",0,-2.0891,-0.070365,1.6277,0.50731,2
"5311",0,1.7257,9.7484,0.078538,-4.3664,1
"5321",0,-0.47465,6.7562,5.7568,-2.4746,2
"5331",0,-0.40857,2.9073,-0.9351,0.33662,1
"5341",0,0.95626,-12.9371,-0.023425,-4.4983,1
"5351",0,-4.0025,3.735,-3.4859,-1.2371,1
"536",0,1.4378,9.1814,0.029699,-0.23751,2
"5371",0,2.9543,1.9368,-3.0112,0.36636,1
"5381",0,-2.3983,-9.1359,2.7073,0.23447,2
"5391",0,-1.9458,5.5643,4.5718,-0.28018,1
"540",0,2.9163,-3.9172,-1.0713,-1.281,2
"5411",0,-0.014902,-7.7267,-0.38758,0.18662,1
"5421",0,-0.001285,0.7098,2.033,-0.59958,1
"5431",0,-0.11996,-8.8131,6.7756,-3.7405,1
"5441",0,0.14783,0.91254,10.0916,0.48403,2
"545",0,-3.9297,6.1189,2.5462,-0.57242,1
"546",0,-0.60975,1.9017,-0.27448,-0.79742,2
"5471",0,-4.8426,0.62905,8.0883,1.1319,1
"5481",0,-2.8833,0.45523,1.6825,-5.4719,1
"5491",0,-3.3793,0.7098,0.75716,-0.41596,1
"5501",0,-1.1193,-0.68494,0.62863,-1.4453,1
"5511",0,-6.9599,-2.1252,0.044265,-2.5677,1
"5521",0,0.58982,1.4609,-4.0926,-0.59053,2
"5531",0,3.5458,-6.8555,6.6042,-5.7888,1
"5541",0,5.7227,0.40143,0.26019,-1.5875,2
"5551",0,-4.9447,-4.5566,2.2129,-0.41984,1
"5561",0,1.8799,11.5176,-1.0671,-0.15475,2
"5571",0,-1.8483,3.7061,-1.5323,-4.0211,1
"5581",0,3.9772,8.0102,3.3602,-2.2302,2
"559",0,2.8521,-5.4484,-3.2794,-6.6797,1
"5601",0,-2.2617,2.8659,10.5405,0.32886,2
"561",0,2.8297,9.5414,2.3877,1.234,2
"562",0,-0.89409,10.1457,-0.47327,0.31335,1
"563",0,-1.9458,0.11794,2.6473,0.83834,2
"5641",0,1.6799,-2.2121,0.70403,-0.65259,2
"5651",0,-0.74324,3.0149,0.16594,-2.5095,2
"5661",0,-2.4554,-12.7406,1.9079,-6.6176,1
"5671",0,-3.5637,-5.5871,8.4156,0.21766,1
"5681",0,0.74428,8.7241,-4.0746,-1.0043,1
"5691",0,5.7867,8.3847,-0.21621,0.47369,2
"5701",0,-0.062025,0.78425,8.3316,-2.7965,2
"5711",0,-2.2987,-6.572,11.8678,1.0233,1
"5721",0,-3.9204,0.20692,3.2403,-5.8638,2
"5731",0,-2.343,9.6718,1.9276,0.59007,2
"5741",0,2.0139,-1.3781,0.57208,0.42843,1
"5751",0,-2.4621,-5.227,-0.49212,-2.4332,1
"576",0,-0.55648,-3.3584,-1.9693,1.3569,1
"577",0,4.7432,-2.0776,2.1161,-0.4082,2
"5781",0,-4.577,2.6218,2.5188,-1.2991,2
"5791",0,-0.77288,-5.5167,4.5718,0.86291,2
"5801",0,0.31803,-4.002,-2.9512,-0.73147,1
"581",0,-0.49241,-8.2916,0.51124,-1.722,1
"5821",0,0.17346,2.9611,-4.4738,-3.3241,1
"5831",0,1.5631,6.5906,5.606,0.76076,1
"584",0,3.9382,0.46351,-0.28733,-0.89958,1
"5851",0,-5.4808,-1.8768,-3.6316,0.60688,2
"5861",0,-2.5463,-2.3548,-3.6461,-1.0431,2
"5871",0,3.4669,-7.3191,1.291,1.547,2
"5881",0,-3.6085,-12.4736,6.2332,-1.2138,1
"5891",0,-1.5078,9.2848,1.3458,0.64955,1
"5901",0,-1.9725,-3.3771,-4.4379,0.2836,2
"5911",0,2.3952,-3.7723,5.606,-0.86208,2
"5921",0,2.1943,2.1086,2.4537,0.35214,1
"5931",0,0.56232,1.0015,12.4547,-1.0172,1
"5941",0,-3.6053,-9.3676,3.1143,1.7008,1
"5951",0,-1.4217,4.0309,13.1779,-1.0806,1
"5961",0,2.2429,5.8747,3.1674,0.83705,2
"5971",0,4.6765,-10.8679,-0.47327,0.7155,1
"598",0,-1.3885,-4.4697,3.5025,0.75817,1
"599",0,2.5817,6.7562,14.9704,-2.3491,1
"6001",0,1.1315,-13.4586,-0.51954,-5.0646,1
"601",0,3.4626,3.7557,-0.21621,0.57196,1
"6021",0,2.6881,1.7361,-1.3824,1.7758,1
"603",0,-2.4725,-9.2497,1.3989,-0.068117,1
"6041",0,0.60731,11.2962,2.1092,-0.12889,2
"6051",0,0.27331,-7.3046,0.78886,0.65343,1
"6061",0,0.37637,10.1684,2.6491,-1.5875,1
"6071",0,3.577,3.764,5.2727,1.4551,1
"6081",0,0.27331,2.1086,7.3848,0.71808,2
"6091",0,-4.0786,-3.6978,-1.3284,-0.89182,1
"6101",0,-2.6479,-3.2633,-1.7859,-0.1276,1
"6111",0,-0.87834,0.27727,0.70403,-0.73018,2
"6121",0,1.9157,3.2715,9.3333,0.75558,1
"6131",0,0.83625,-0.49457,7.1466,0.15429,1
"614",0,3.5499,12.1177,-0.52553,0.77239,1
"615",0,-4.2091,-0.31247,2.057,-0.65259,1
"6161",0,-0.93587,6.5679,0.096532,-1.356,1
"6171",0,-4.7331,4.9601,-4.9888,-0.062945,2
"6181",0,3.577,-2.0776,-3.9075,-2.1203,1
"619",0,-3.2238,4.0309,1.0588,-0.16381,1
"6201",0,5.2756,2.5762,-2.3,0.16723,1
"6211",0,-5.119,1.1319,3.1392,-2.7552,2
"6221",0,-0.048008,9.4111,0.092248,-4.2797,2
"6231",0,-1.5768,-0.31247,6.2169,-1.5759,2
"6241",0,-0.77848,3.8964,-4.7018,0.77239,2
"6251",0,-2.2173,9.1214,-0.62064,-2.6608,2
"6261",0,-2.9821,3.7557,-1.9385,-1.8228,1
"6271",0,-6.5084,3.2674,5.5777,-0.65259,1
"628",0,-1.9966,-12.7095,7.7575,-6.0422,2
"6291",0,-2.3983,6.9321,-2.3969,-0.20777,2
"6301",0,-3.8053,-8.1819,4.7689,-0.006049,2
"6311",0,1.8238,10.8306,1.333,-1.144,2
"6321",0,3.5982,1.8541,14.3689,-0.5621,1
"6331",0,2.0177,-4.778,6.3489,-0.20777,2
"6341",0,4.3365,-4.9932,1.692,-1.3121,2
"6351",0,1.5904,7.617,0.18564,-6.0823,1
"6361",0,3.5458,2.9611,1.9507,-4.0819,1
"637",0,3.5288,10.1457,9.682,-5.0931,1
"638",0,4.4549,1.9182,-2.2469,0.40774,2
"6391",0,-3.6085,0.7098,4.1914,-6.1185,1
"6401",0,0.5195,9.0862,-2.0867,-1.722,1
"6411",0,-1.8483,5.7526,2.5462,-4.2267,1
"6421",0,-6.4247,-4.809,1.4024,0.39481,1
"6431",0,3.7758,10.9279,10.5405,-1.1427,1
"6441",0,-2.4621,3.3564,1.62,-0.28018,1
"6451",0,4.8851,-6.7583,-4.2699,1.1952,1
"6461",0,0.2952,-2.4852,2.6842,0.5655,2
"6471",0,-2.3518,-0.0248,0.78457,-0.38751,2
"6481",0,-1.7063,10.0526,-2.2598,-3.9629,1
"6491",0,-0.023579,-12.5667,2.6542,-0.75604,1
"6501",0,0.47368,-2.1521,-2.0439,-0.18967,2
"6511",0,-3.4917,1.0926,3.4202,-1.281,2
"6521",0,-1.6029,3.1639,-1.1605,0.60429,1
"653",0,5.9374,7.8384,-4.413,-0.80647,2
"6541",0,3.2422,4.0372,-0.18794,0.045675,1
"6551",0,-0.048008,-6.4168,0.16594,0.93532,1
"6561",0,3.3577,7.6294,3.8803,-0.34872,2
"6571",0,1.5799,-5.7381,-1.2144,-3.1896,1
"6581",0,-0.7056,9.2931,1.6825,0.2099,1
"6591",0,2.2123,3.733,3.643,0.57196,1
"6601",0,-2.3147,2.4728,-4.4044,-4.109,1
"6611",0,0.89606,2.599,-2.4534,0.83705,1
"6621",0,3.7352,-3.3584,-1.3884,0.47886,2
"6631",0,-3.3793,-0.49457,7.6796,0.76076,1
"6641",0,2.7659,8.9331,4.816,-3.1353,1
"6651",0,3.4669,-2.2183,1.5215,-0.23105,1
"666",0,3.8999,8.7944,9.4652,-2.5987,2
"6671",0,0.74521,-6.841,4.7689,0.6017,1
"6681",0,-1.1391,0.42212,4.2591,-0.021566,2
"669",0,-1.8969,7.5404,2.2215,-0.4638,1
"6701",0,6.0919,5.8126,0.94566,-4.4853,2
"6711",0,2.1274,7.8612,-3.2828,-0.20518,1
"6721",0,4.3398,10.4726,-3.4816,0.42972,2
"6731",0,5.438,2.6735,-4.5775,0.5461,1
"6741",0,0.81583,10.423,-3.8552,0.39481,1
"6751",0,-2.5346,0.82356,-5.1362,-3.4405,2
"6761",0,5.2756,9.5414,0.20792,1.9103,1
"677",0,1.3754,3.1122,-3.9795,0.29653,1
"678",0,-2.7723,-4.1634,0.23705,-0.97716,2
"6791",0,0.90407,7.259,-4.0112,-4.4271,1
"6801",0,-1.239,2.0982,-0.2702,-3.937,1
"6811",0,-0.38214,-0.48422,1.7082,-0.33967,1
"6821",0,-5.3012,-3.0087,3.6558,-0.39786,1
"6831",0,-2.4115,1.6285,-2.5477,-1.7853,2
"6841",0,-0.55648,3.2301,-1.9213,-0.30087,1
"685",0,0.045304,-1.3781,12.7957,-0.79742,1
"6861",0,-1.5252,9.109,3.6884,-0.52846,2
"6871",0,2.6917,6.065,2.2566,-2.5276,2
"6881",0,3.4092,-8.6848,-1.3687,-0.75216,2
"6891",0,0.49665,11.9459,-0.67891,-0.94354,2
"6901",0,-0.82053,0.33521,-1.0713,-0.47027,2
"6911",0,4.0127,-0.08485,-1.8245,-4.0327,1
"6921",0,-2.8833,2.8597,10.5234,-0.21036,1
"693",0,0.88298,2.4914,-0.52725,-2.8573,2
"6941",0,-0.071503,-4.7904,13.0597,0.32757,1
"6951",0,-2.8829,2.7956,8.3316,-4.0069,1
"6961",0,0.77124,-4.6145,-3.1338,-2.1125,2
"6971",0,2.994,11.17,10.2646,0.42843,2
"6981",0,-2.5084,0.54214,0.48382,-0.23751,1
"6991",0,-2.4473,9.0552,-2.4586,-0.64484,2
"7001",0,0.46901,-2.4852,0.72974,-1.091,1
"701",0,1.645,-6.0816,1.3912,0.85774,1
"7021",0,-3.8483,-6.3444,0.83598,-4.0133,1
"7031",0,1.0637,3.0149,5.3524,-1.4543,2
"7041",0,1.1644,9.5663,-3.5947,-1.2966,1
"7051",0,0.65497,-2.4211,-1.2153,-1.4116,2
"7061",0,-3.8826,9.0552,-3.3085,-7.5887,1
"7071",0,-4.2091,9.3987,-4.8037,-0.9849,2
"7081",0,4.0632,-3.7971,0.66719,-1.1582,1
"7091",0,-3.3793,8.1819,-1.3267,-3.8957,1
"710",0,-4.3773,2.4769,1.8762,0.42843,1
"711",0,3.0632,1.1588,8.1628,-7.1025,1
"7121",0,0.60731,1.8644,10.4052,-4.0211,2
"7131",0,4.2406,1.7485,2.7185,1.1952,1
"7141",0,1.9647,-6.959,-3.9298,-2.7965,1
"715",0,-3.1875,6.0692,4.2908,0.26809,1
"7161",0,1.3087,3.1681,-4.2039,-2.353,1
"717",0,4.068,-0.15521,-2.7824,1.1577,1
"718",0,3.2032,-0.38903,0.51124,0.5655,2
"719",0,1.5701,8.8068,0.55837,1.3569,1
"720",0,-3.1128,4.0723,4.2591,-0.37846,1
"7211",0,0.65497,11.2962,-0.75688,-7.5887,2
"7221",0,-0.10234,-3.7723,4.5641,-1.6599,1
"723",0,3.0333,3.4329,1.6825,-2.7746,1
"7241",0,-4.0025,4.302,4.2171,-1.4375,1
"7251",0,-4.3967,9.0862,6.0122,0.97024,2
"7261",0,-3.4917,-0.02691,7.0078,-3.3487,1
"7271",0,-2.6864,9.1814,3.8058,-1.872,2
"7281",0,4.3435,1.7837,8.3368,-1.3884,2
"7291",0,3.8027,2.9611,2.057,0.47627,2
"7301",0,-1.9458,9.2207,-4.0857,1.1991,1
"7311",0,-5.2406,-4.9518,-3.6684,0.3211,2
"7321",0,1.5904,11.6542,-2.0995,-0.77027,1
"7331",0,-1.6244,-1.1816,-3.1466,-3.2724,2
"7341",0,4.068,10.3671,11.3897,-1.4375,1
"735",0,3.5594,-3.9172,-4.9417,1.2069,1
"7361",0,1.1432,-9.8808,-0.094543,-0.65259,1
"7371",0,-3.7244,11.8818,-4.5398,-1.3884,2
"7381",0,-0.83535,2.6963,5.0585,-5.0142,1
"7391",0,-2.2987,1.9037,4.5367,0.83058,2
"7401",0,-1.9922,1.525,10.0958,-1.1556,2
"7411",0,6.8248,-2.4087,-5.2133,0.40774,1
"7421",0,-1.9551,-6.8452,2.0938,-6.3694,1
"743",0,-2.0754,-0.10554,1.6765,-5.8741,1
"7441",0,-1.5075,0.71596,8.9922,-3.5233,2
"7451",0,3.4626,6.8866,8.4182,-1.1427,2
"7461",0,-6.0598,-4.9518,1.9833,-0.53104,1
"7471",0,0.80355,-6.841,-3.521,-3.8155,2
"7481",0,-1.8483,8.7903,1.063,-1.4944,1
"7491",0,0.58836,0.039307,9.3333,-0.12372,2
"7501",0,3.4805,9.2931,0.35273,-0.87242,1
"7511",0,-0.278,-3.9482,1.9379,-0.060358,2
"7521",0,-0.7351,0.91254,2.0013,-4.0483,2
"753",0,-1.0401,-3.7723,6.6042,-0.16639,1
"7541",0,2.2634,12.6247,-3.7867,-7.5836,1
"7551",0,-2.0529,5.7588,-3.0224,-3.6371,1
"7561",0,-1.2943,3.7061,6.2332,-0.32415,1
"7571",0,-1.6936,8.633,-1.9402,-0.67587,1
"7581",0,-2.5665,1.7299,5.9856,-5.2689,2
"7591",0,-0.071503,7.259,8.4156,-0.45734,1
"7601",0,0.5706,-2.7004,0.7572,0.19309,1
"7611",0,4.0102,6.4023,2.9164,0.36119,1
"7621",0,-1.4233,-6.8266,-3.0789,0.79955,1
"7631",0,-6.3979,5.6864,-3.8929,-0.23751,2
"7641",0,4.5707,7.5032,-4.413,-0.65259,1
"765",0,0.11739,-3.6978,0.1368,0.83834,2
"7661",0,-0.70346,7.0521,-0.19908,-5.2366,2
"767",0,-0.539,10.9279,-0.023425,0.3974,1
"768",0,1.3638,-6.8452,-3.1749,0.57843,2
"769",0,4.3064,-0.8091,3.0423,-5.0142,1
"7701",0,2.1943,9.5414,0.27218,0.83058,2
"7711",0,1.2262,7.9212,0.90539,0.89394,2
"7721",0,0.1848,-9.0407,-3.2794,-0.60216,1
"7731",0,-0.036127,0.82356,-4.4738,-1.8733,1
"7741",0,-1.48,3.9544,0.096532,-0.060358,1
"7751",0,1.7317,0.31038,-3.4414,0.066365,2
"776",0,0.85574,7.2011,2.3586,0.74912,2
"7771",0,-1.2667,10.6568,4.3225,-5.2689,2
"7781",0,-2.2261,5.8974,0.18564,1.909,2
"7791",0,-1.9922,0.42212,2.0938,-1.0897,1
"780",0,-0.9607,2.4004,-0.64206,-0.41596,2
"7811",0,3.5594,8.6165,-4.4327,-4.3289,1
"7821",0,1.4479,-8.7903,-1.9385,1.1823,1
"7831",0,1.7819,6.3672,13.0597,-0.5026,1
"7841",0,-0.78689,0.80908,3.6259,0.4336,1
"785",0,-2.2617,8.2068,17.6052,2.0202,1
"7861",0,4.0215,9.5083,0.95851,-6.5206,1
"7871",0,3.82,3.7061,5.63,-1.7375,2
"7881",0,-2.9498,7.2756,1.6371,-5.9181,2
"7891",0,4.8368,-0.44284,0.27818,0.3974,1
"790",0,-4.8861,6.8162,-2.4089,0.05602,2
"7911",0,3.2422,6.87,2.0416,-2.834,2
"792",0,5.4021,-0.0248,-3.3668,-4.2539,2
"7931",0,3.5257,-3.226,0.078538,-5.2107,1
"7941",0,-3.0061,-6.8121,10.5234,-2.7552,2
"7951",0,3.7758,-6.7686,5.1305,-0.64613,1
"7961",0,-3.5801,9.5311,6.5991,0.42843,1
"797",0,-3.8953,3.9647,0.6312,-0.65259,1
"7981",0,2.6562,11.8052,-4.7635,-2.6608,1
"7991",0,-2.3898,-12.7406,-0.38758,-4.1323,2
"8001",0,2.1265,-5.974,9.4044,0.2099,1
"8011",0,-2.7083,1.0367,-5.1362,0.39998,1
"802",0,-3.7181,-5.8395,1.9259,-4.3133,1
"8031",0,5.591,8.9951,8.4636,-4.5629,1
"804",0,-5.873,-0.32696,1.3749,0.44653,1
"8051",0,-0.64472,6.1189,-1.3267,-1.9677,1
"8061",0,2.1464,5.527,15.6773,-0.52846,1
"8071",0,0.11739,-0.17383,-4.0129,-3.8957,1
"808",0,2.9543,7.886,-0.21793,-0.16769,2
"809",0,2.9719,-9.5828,0.2182,0.48662,1
"810",0,-1.3995,9.6718,0.57551,-0.4444,1
"8111",0,-0.539,3.3108,2.0107,-6.5206,2
"8121",0,0.2346,0.99945,-0.98223,-3.4457,1
"8131",0,-6.4247,-3.3315,0.7572,1.0323,1
"814",0,2.8297,3.2777,0.80342,-0.60216,2
"815",0,3.9529,7.259,-0.9788,-0.52846,2
"8161",0,1.3518,-0.0248,1.0742,-0.033204,1
"817",0,5.8862,-0.4449,-3.0112,-1.3884,1
"818",0,-3.7503,10.9072,2.3457,-0.36165,1
"819",0,-2.4349,7.2011,-0.49212,-0.39786,2
"8201",0,4.7181,5.1815,-1.3267,0.64696,2
"8211",0,-5.0301,-6.572,2.4023,-0.23105,1
"8221",0,0.74428,0.81322,-1.2281,-0.80518,1
"8231",0,-2.3142,7.9274,0.22677,0.41938,2
"8241",0,-6.3679,-12.4922,1.1504,0.081882,2
"825",0,0.3434,-3.3378,7.3848,-2.5948,2
"826",0,-1.979,7.528,4.7466,-0.59699,1
"8271",0,-1.8584,-6.8824,-3.8081,-1.6017,1
"828",0,-2.899,-0.38903,1.4461,-1.3121,2
"8291",0,0.066129,7.1742,8.4636,-0.46122,1
"8301",0,-3.1273,-4.3496,-0.75688,-3.9202,2
"8311",0,-4.3967,-3.4495,-0.64121,-2.9957,2
"8321",0,1.8967,-3.4143,8.2219,-1.0043,1
"833",0,-2.3518,-0.020702,11.3897,-1.0224,1
"8341",0,-5.4414,-1.7672,-2.9375,-0.3526,1
"8351",0,0.21431,3.257,2.3757,0.88619,1
"836",0,3.9414,-6.1603,4.816,-0.1457,2
"8371",0,5.7867,-8.2916,5.8039,-0.23751,1
"8381",0,3.5251,-0.14279,1.0313,0.76205,1
"839",0,-1.6637,9.2207,-1.4252,-2.9155,2
"8401",0,-2.2625,-4.7759,-0.41929,0.39481,2
"8411",0,-1.9551,3.644,2.2935,0.019813,1
"8421",0,4.1736,3.1287,2.8753,0.59524,1
"8431",0,2.4008,6.4023,-1.2641,-2.0323,1
"8441",0,-1.8348,7.8612,1.0176,-0.87242,2
"845",0,-0.8734,3.913,-2.3506,0.40774,1
"8461",0,4.7965,5.8312,-0.9351,-6.6176,1
"8471",0,-4.6765,-6.81,1.0219,-3.9642,2
"8481",0,-3.793,6.3672,5.1707,-1.0897,1
"8491",0,-2.4473,10.0526,1.2421,-1.9082,1
"8501",0,-3.7503,8.5234,1.1959,0.003003,1
"8511",0,5.3063,5.7588,6.2109,-4.2655,2
"8521",0,-2.659,10.1684,1.4024,-0.58665,2
"8531",0,-7.0364,10.0857,5.7568,-2.7965,1
"8541",0,3.2704,-7.257,1.5754,0.80731,1
"8551",0,0.74428,10.2678,-4.5415,0.47886,1
"856",0,-4.5531,9.2931,5.7568,0.34179,2
"8571",0,-0.55648,4.8504,-0.17594,-4.1323,1
"858",0,0.33565,6.2637,1.3621,-0.9849,2
"8591",0,0.27331,-2.2183,-0.9351,-0.62285,2
"8601",0,2.6648,-7.4473,-2.1672,0.6586,1
"8611",0,2.3066,1.9348,3.6935,-2.1784,1
"862",0,5.4188,9.4359,1.704,0.16723,2
"8631",0,-2.4725,1.9348,0.69718,-2.1125,1
"8641",0,4.364,11.112,3.0423,-0.064238,1
"8651",0,0.20216,8.1881,1.219,-0.44441,2
"8661",0,-0.1269,0.008268,-1.6488,0.5655,2
"8671",0,1.7317,-2.1562,-3.725,-2.9595,2
"8681",0,-1.5621,1.7734,17.1116,-1.7207,2
"8691",0,3.7767,3.2798,-2.2701,0.77239,1
"8701",0,-3.9204,5.0097,1.1941,-1.7168,1
"8711",0,-1.5851,-6.8804,-0.27448,-2.6271,1
"8721",0,-1.3885,1.7237,2.1195,1.1435,2
"8731",0,-2.2617,1.0326,2.8273,-0.23751,2
"8741",0,-1.9116,11.0334,0.57722,-0.57113,2
"8751",0,4.7965,0.70768,0.15822,0.3211,1
"876",0,-0.7351,-6.661,-2.4706,-0.040962,1
"877",0,-2.565,-0.24832,10.7402,0.71679,1
"8781",0,0.75736,7.6398,-0.40472,1.7991,1
"8791",0,2.5068,3.6026,6.9144,0.65472,2
"8801",0,1.1588,9.2931,-2.2306,0.2099,2
"8811",0,0.50225,0.48213,1.949,-1.8228,1
"8821",0,1.1317,3.5074,0.4187,-7.5344,2
"8831",0,4.7285,7.886,2.883,1.1991,1
"8841",0,3.744,2.9094,7.701,0.16723,1
"885",0,-0.77461,6.5679,0.092248,-4.978,1
"8861",0,-2.5961,1.1588,11.8678,-0.66682,1
"887",0,3.8962,0.6394,6.7756,-2.8457,1
"8881",0,5.2423,-0.05588,1.6131,-2.5948,1
"8891",0,3.7935,6.6258,-3.3994,-3.7883,1
"8901",0,-0.37013,3.2301,11.8318,0.453,2
"8911",0,-4.4861,-0.67253,1.5806,0.48274,2
"8921",0,-6.1536,10.8265,0.70574,-1.1595,2
"8931",0,-1.5252,-7.9026,-0.37816,0.81119,2
"8941",0,0.26517,4.0951,5.7568,0.47498,2
"895",0,1.3264,-3.7723,15.5573,-5.1241,1
"8961",0,2.0139,0.12415,-4.5544,-0.89828,1
"8971",0,3.5152,-8.3123,8.0514,-4.0159,2
"8981",0,-6.3979,11.8797,1.3278,-4.5396,1
"8991",0,5.0214,11.2217,17.0834,-0.58665,1
"900",0,-2.1405,6.7334,-3.9075,-0.11596,1
"901",0,-1.1022,3.4515,-2.3729,-0.44699,2
"9021",0,-3.9172,3.3129,-4.413,-0.16639,2
"9031",0,1.2262,7.6046,-0.46641,-0.18967,1
"9041",0,3.3299,7.8695,5.355,-0.18967,1
"9051",0,3.9362,-6.301,-3.6461,-1.2138,1
"9061",0,2.2893,-1.3678,-1.2256,-3.2944,2
"907",0,3.2294,3.286,-0.34474,0.2099,2
"9081",0,-0.52645,2.6963,-1.2641,-0.80518,1
"909",0,1.2262,9.3614,0.50781,1.4008,2
"9101",0,-0.93587,-9.1359,1.1582,-1.2629,2
"9111",0,1.0135,-7.2404,-4.9408,0.50084,2
"9121",0,0.26637,9.647,-4.5775,0.76205,2
"9131",0,0.32924,0.40143,-3.7301,-0.71208,2
"9141",0,3.6277,5.3905,0.68946,-2.0116,1
"9151",0,-1.1313,0.89392,1.7425,0.7517,2
"916",0,-1.1188,6.4417,1.9507,-2.4565,2
"9171",0,5.0691,-5.554,1.4855,0.6017,2
"9181",0,2.8237,5.6802,1.9619,-3.5233,1
"9191",0,-0.89809,8.2895,1.0579,0.40257,1
"920",0,-1.4233,-4.4221,2.3877,0.32886,1
"9211",0,5.1731,10.4643,-3.7867,-0.12889,1
"9221",0,4.3937,0.9829,2.9986,0.98963,2
"9231",0,0.2952,7.6046,-0.24877,1.3866,2
"9241",0,0.18868,2.8659,-0.88369,0.33791,1
"9251",0,3.3756,2.3259,0.015989,0.5461,2
"9261",0,-4.4996,3.5757,8.1088,0.9017,1
"9271",0,4.2586,8.1881,3.1375,0.05602,1
"928",0,-1.7589,-3.0729,10.5251,-0.4444,1
"9291",0,3.9166,-0.08485,3.1143,-0.59958,1
"9301",0,-2.6685,8.3847,0.092248,-1.6767,1
"9311",0,-2.9821,10.694,2.7073,-1.3858,1
"9321",0,0.045304,-12.8006,0.7572,0.40128,1
"9331",0,3.6244,3.2301,-3.7867,-1.4892,2
"9341",0,-2.659,-0.031048,-2.3163,0.79438,2
"9351",0,-1.2846,-4.449,1.997,-0.86208,2
"9361",0,3.9166,-12.8006,0.68604,0.39481,2
"9371",0,-1.5681,8.7096,0.77344,0.59524,1
"9381",0,5.0429,-4.4697,11.8318,1.1965,1
"9391",0,1.2138,-7.2446,-4.353,-1.8733,1
"9401",0,3.8384,-4.9704,2.3055,0.39998,1
"9411",0,-2.4824,-3.9585,-0.42357,-0.67975,1
"942",0,4.988,5.7919,10.3332,1.437,1
"9431",0,0.50813,-0.0248,-1.3284,-4.0069,2
"9441",0,-2.5754,3.6874,1.488,1.2198,1
"9451",0,-0.47465,7.2094,2.4537,0.48533,1
"9461",0,-0.8172,-2.6611,1.2421,-3.6345,1
"9471",0,3.5152,-6.7583,0.66719,0.052141,2
"9481",0,1.2279,-4.3062,-2.9915,-1.1427,1
"9491",0,1.7747,8.3061,-0.33617,0.48921,1
"9501",0,-2.5084,-7.3191,1.1582,1.5754,1
"9511",0,0.52374,-0.10554,-1.9693,-4.3366,2
"9521",0,-1.5621,-6.4168,1.0588,-6.5206,2
"9531",0,2.4391,-5.0966,1.5754,-0.4082,1
"954",0,-0.17296,-10.5099,-2.5228,-5.0801,1
"9551",0,3.2351,2.3072,2.6842,0.55774,1
"9561",0,-1.3066,0.091039,-3.2888,-2.4319,1
"9571",0,2.9163,0.99945,-0.64892,0.23447,1
"958",0,1.1432,-8.3827,10.4052,-0.80647,2
"9591",0,-1.9667,4.8504,2.2935,0.78403,1
"9601",0,-0.071503,-13.6593,2.4537,-3.8582,1
"9611",0,-1.9966,4.8773,-2.9375,0.14007,1
"9621",0,-0.7056,-0.49871,11.9655,-3.5569,1
"9631",0,0.3223,9.7546,0.094818,1.234,1
"964",0,2.2123,5.2808,1.6928,-3.6965,1
"9651",0,5.4188,6.2761,1.7425,-1.0224,2
"9661",0,3.5257,6.0423,9.3333,0.54739,1
"967",0,1.4479,0.86909,2.7742,-0.36553,2
"968",0,0.21084,5.9781,0.70403,0.6767,2
"9691",0,-3.0986,9.0862,4.2265,-2.1694,2
"9701",0,3.6894,1.1112,4.9085,-0.59958,2
"9711",0,2.5503,-1.1505,-1.8356,0.3974,1
"9721",0,-0.24811,8.5234,6.4774,-3.1508,2
"9731",0,3.9663,-0.097265,-3.5467,0.3211,1
"974",0,-1.7322,1.3078,-0.73546,-0.81682,1
"9751",0,3.5862,0.83391,15.5573,-0.61251,1
"9761",0,-2.3142,1.525,-3.5562,-0.41855,1
"9771",0,-2.4198,1.4609,0.044265,-2.5405,1
"9781",0,4.7285,8.0329,1.3647,-0.91639,1
"9791",0,-3.5985,-5.554,-2.4166,1.5754,1
"9801",0,3.7522,-0.82358,-3.2049,-0.020273,2
"981",0,4.3398,-5.6636,-0.6532,1.0414,1
"9821",0,2.5678,-3.6792,1.3989,0.21636,2
"983",0,1.6472,3.3191,3.1769,0.97282,1
"984",0,-0.61442,-12.9309,-3.725,0.15429,1
"9851",0,0.19081,3.2777,2.5394,0.28231,2
"9861",0,3.3397,9.1048,3.9823,-0.89958,2
"987",0,-0.40857,1.9679,9.4926,-4.1802,2
"9881",0,-1.7063,2.4107,1.4024,0.22283,1
"9891",0,1.0987,2.0755,-3.7044,1.1577,2
"990",0,-1.2667,-0.19038,2.8127,-2.2224,2
"9911",0,0.33111,-6.5389,-2.3086,-1.3043,2
"9921",0,1.4501,-1.7051,0.27218,0.18662,2
"993",0,2.549,-9.4711,9.3727,0.05602,1
"9941",0,-2.5724,-0.38903,0.55323,-3.6345,1
"9951",0,3.6941,8.2895,5.9068,-1.6134,1
"996",0,-0.82601,-7.3625,-1.8511,0.84351,1
"9971",0,-0.014902,8.3847,12.7957,-0.86078,2
"9981",0,4.4072,-6.7562,0.52924,0.3211,1
"9991",0,-1.4377,3.0294,10.5251,-0.41984,1
"10001",0,3.5594,-0.05588,-4.0857,-1.6728,2
"10011",0,-2.2083,9.3593,1.0742,-1.0871,2
"10021",0,1.934,9.0386,-0.35845,-3.2763,2
"10031",0,-0.55008,-4.6145,17.6772,0.59395,1
"1004",0,1.2279,-5.7899,-0.81857,1.6401,2
"10051",0,-3.5895,-12.7095,-3.9692,-0.39786,2
"10061",0,1.9818,0.7098,6.6188,-5.2107,1
"1007",0,3.9479,12.1984,9.5766,1.353,1
"10081",0,-0.2062,-5.167,-1.3884,-2.5276,2
"10091",0,-6.3364,6.1189,4.6429,-2.6892,1
"10101",0,3.4591,2.2907,0.015989,-0.37458,1
"10111",0,4.6014,3.4619,0.014275,-2.9957,1
"10121",0,0.77765,1.0512,2.0416,-1.2746,1
"10131",0,1.0235,1.0595,-3.9298,0.099985,1
"1014",0,-5.4414,6.8741,-2.9401,-0.55044,1
"1015",0,3.4669,-6.4748,-2.953,-3.7883,2
"10161",0,-1.5681,9.2683,2.5574,0.89136,2
"10171",0,1.5691,6.2699,4.8477,1.137,1
"10181",0,-0.71868,0.89599,6.4534,-4.2539,1
"10191",0,-1.3885,-1.7775,-1.5443,-1.7841,2
"10201",0,-0.86339,-6.8121,0.64577,0.50214,1
"1021",0,2.1319,7.0521,17.0834,-0.53104,1
"1022",0,5.1731,0.22347,-3.2794,-0.54139,1
"10231",0,1.8994,6.6258,-4.4327,-3.5737,2
"10241",0,-2.4115,1.7713,-0.72689,-0.4444,2
"10251",0,0.39559,-6.4624,10.5251,-0.4444,2
"10261",0,-3.9933,-1.7837,-4.9314,-2.1203,1
"10271",0,-3.0799,10.4643,-0.35417,-0.12372,1
"10281",0,-0.539,7.2011,-3.8552,-0.083634,1
"10291",0,4.5691,-0.68494,-4.0129,-1.4944,1
"10301",0,-4.0214,10.9258,-0.48869,0.075416,1
"10311",0,0.83625,12.1611,1.4461,-0.80647,2
"10321",0,3.7635,2.2638,14.3689,-0.20906,2
"10331",0,0.15423,-1.254,-0.51182,-2.0401,2
"10341",0,-4.3876,-3.137,0.23705,-4.2797,1
"10351",0,0.19081,-4.0951,9.0694,-4.0082,2
"1036",0,-2.5665,3.9544,-2.2598,-5.0284,2
"10371",0,1.2138,11.2217,-4.0112,-1.091,1
"10381",0,-2.9883,4.9166,-2.1235,-4.1414,1
"1039",0,-0.82053,11.8818,-2.2135,-5.5457,1
"10401",0,-4.4775,7.586,5.8245,-5.8638,2
"10411",0,1.3234,11.9211,-3.7044,1.1409,1
"10421",0,-5.637,7.2363,-2.5425,0.91722,1
"10431",0,-1.4174,4.1158,10.4266,0.29653,1
"10441",0,0.77445,-3.6792,0.49839,-5.8638,2
"10451",0,3.7352,2.7935,3.8024,-3.9125,1
"10461",0,3.534,10.754,8.9991,-1.9547,1
"10471",0,4.0329,1.7071,9.3727,0.16723,1
"10481",0,-5.2943,-0.22763,-4.0463,0.83058,2
"10491",0,-0.87874,-4.6145,-1.9804,1.4551,1
"10501",0,-0.38388,2.6901,-1.2042,1.0789,2
"10511",0,-0.66008,0.71596,-0.47327,0.83705,1
"1052",0,-0.8734,-8.5089,-1.2864,0.903,2
"10531",0,-3.551,2.9942,1.2798,-2.9957,1
"10541",0,-1.4904,6.69,-3.8081,0.60817,2
"1055",0,3.1541,7.6398,-0.62578,-2.2069,1
"10561",0,0.6005,7.4908,3.9746,1.106,1
"10571",0,-0.69572,1.9596,0.66719,-0.67587,1
"10581",0,-2.7611,4.5462,1.9259,-4.1323,2
"10591",0,1.9105,5.5643,-1.6643,0.38576,2
"1060",0,-0.24811,7.9129,2.4957,0.51636,2
"10611",0,2.7161,0.73252,-0.38587,-3.2698,1
"10621",0,1.6849,3.286,-5.2861,-2.834,1
"1063",0,0.74067,1.9161,1.2421,1.1629,1
"10641",0,3.9364,6.063,-2.2306,-1.3043,1
"10651",0,3.6894,5.8312,2.1144,0.3211,1
"10661",0,4.3064,3.0294,15.6824,-5.4707,2
"1067",0,0.5734,-9.4711,0.66719,-5.6038,1
"10681",0,-3.2692,0.20692,17.1116,0.31335,1
"10691",0,-2.1786,3.5012,-3.9692,0.65214,2
"10701",0,0.39012,8.0102,-1.6643,-5.8638,1
"10711",0,4.2969,6.9176,11.9149,-0.2957,1
"10721",0,-1.8219,5.1815,3.1674,1.1319,2
"10731",0,-2.2623,2.0879,1.8908,-3.6345,1
"1074",0,-5.4901,12.1984,-1.983,-4.2526,2
"10751",0,0.49571,3.8964,-3.3857,0.9017,2
"10761",0,-0.95923,10.7271,-0.43642,0.34179,1
"1077",0,4.8851,-10.4519,-1.983,-5.3207,2
"10781",0,0.77805,6.9942,6.2169,-1.2151,1
"10791",0,-2.7083,3.3005,-4.9408,-1.0974,1
"10801",0,-2.6479,0.17174,4.5641,-3.4638,1
"10811",0,1.742,-0.033118,0.75973,-0.67587,1
"10821",0,1.4479,6.7086,11.8318,-1.9082,1
"10831",0,4.0972,2.8659,-4.9314,-3.7366,2
"10841",0,-5.4414,0.78425,11.4419,-0.54785,2
"10851",0,3.9102,-6.4479,8.7086,-0.66553,2
"10861",0,-0.048008,2.4066,0.51124,0.96894,1
"1087",0,1.5077,2.5762,-0.11339,0.29524,2
"1088",0,3.4916,-3.7454,8.6521,1.137,1
"10891",0,-0.38214,4.5193,-1.1793,-7.5487,1
"10901",0,-0.95923,7.886,-0.79287,0.42843,1
"10911",0,-1.0941,-4.6145,1.7048,-3.1625,2
"10921",0,-3.5933,-7.4473,2.8633,2.1353,2
"10931",0,-2.5373,-12.7509,3.4399,0.48662,1
"10941",0,-6.0598,-5.7154,-0.28562,-0.70044,1
"10951",0,4.1927,0.22761,8.1628,-4.0069,1
"10961",0,-0.12196,-4.4862,-3.2477,-0.1457,1
"10971",0,-1.9725,-3.3584,2.0458,0.47627,1
