"","y","X","Y","month","day","FFMC","DMC","DC","ISI","temp","RH","wind","rain","area"
"347",1,1,4,"sep","mon",91.5,130.1,807.1,7.5,21.3,35,2.2,0,28.19
"124",1,3,4,"sep","tue",84.4,73.4,671.9,3.2,17.9,45,3.1,0,0
"21",1,6,4,"sep","tue",91,129.5,692.6,7,18.3,40,2.7,0,0
"475",1,4,3,"jun","thu",93,103.8,316.7,10.8,26.4,35,2.7,0,10.08
"265",1,4,4,"aug","fri",94.3,167.6,684.4,13,21.8,53,3.1,0,6.54
"70",1,4,5,"mar","fri",91.7,33.3,77.5,9,17.2,26,4.5,0,0
"442",1,8,6,"aug","mon",92.1,207,672.6,8.2,25.5,29,1.8,0,1.23
"335",1,2,3,"sep","mon",91.6,108.4,764,6.2,18,51,5.4,0,0
"6",1,8,6,"aug","sun",92.3,85.3,488,14.7,22.2,29,5.4,0,0
"74",1,5,4,"aug","tue",88.8,147.3,614.5,9,17.3,43,4.5,0,0
"199",1,3,4,"sep","tue",91,129.5,692.6,7,13.9,59,6.3,0,11.24
"437",1,8,6,"aug","mon",92.1,207,672.6,8.2,26.8,35,1.3,0,0.54
"324",1,3,5,"sep","thu",90.7,136.9,822.8,6.8,12.9,39,2.7,0,2.18
"22",1,5,4,"sep","mon",91.8,78.5,724.3,9.2,19.1,38,2.7,0,0
"500",1,7,5,"aug","tue",96.1,181.1,671.2,14.3,27.3,63,4.9,6.4,10.82
"411",1,6,3,"feb","fri",84.1,7.3,52.8,2.7,14.7,42,2.7,0,0
"178",1,2,5,"aug","sun",90.2,99.6,631.2,6.3,19.2,44,2.7,0,4.69
"188",1,1,5,"sep","mon",90.9,126.5,686.5,7,21,42,2.2,0,7.3
"56",1,4,3,"sep","thu",92.9,137,706.4,9.2,27.7,24,2.2,0,0
"145",1,2,5,"aug","wed",95.5,99.9,513.3,13.2,23.8,32,5.4,0,0.77
"113",1,3,4,"sep","sun",89.7,90,704.4,4.8,22.8,39,3.6,0,0
"423",1,8,6,"jul","sun",88.9,263.1,795.9,5.2,29.3,27,3.6,0,6.3
"393",1,1,3,"sep","sun",91,276.3,825.1,7.1,21.9,43,4,0,70.76
"105",1,2,4,"jan","sat",82.1,3.7,9.3,2.9,5.3,78,3.1,0,0
"23",1,7,4,"jun","sun",94.3,96.3,200,56.1,21,44,4.5,0,0
"408",1,4,5,"feb","sat",84.7,8.2,55,2.9,14.2,46,4,0,0
"462",1,8,6,"aug","sat",93.7,231.1,715.1,8.4,18.9,64,4.9,0,0
"440",1,1,3,"sep","fri",91.1,91.3,738.1,7.2,19.1,46,2.2,0,0.33
"183",1,5,4,"feb","sun",86.8,15.6,48.3,3.9,12.4,53,2.2,0,6.38
"26",1,7,4,"aug","sun",91.4,142.4,601.4,10.6,16.3,60,5.4,0,0
"345",1,6,3,"sep","mon",91.5,130.1,807.1,7.5,12.2,66,4.9,0,6.1
"27",1,7,4,"sep","fri",92.4,117.9,668,12.2,19,34,5.8,0,0
"373",1,4,5,"aug","sun",92,203.2,664.5,8.1,10.4,75,0.9,0,0
"356",1,4,4,"sep","fri",92.1,99,745.3,9.6,20.8,35,4.9,0,13.06
"289",1,7,4,"jul","sat",91.6,104.2,474.9,9,24.2,32,1.8,0,0
"43",1,4,4,"aug","tue",94.8,108.3,647.1,17,16.6,54,5.4,0,0
"412",1,7,4,"feb","fri",84.6,3.2,43.6,3.3,8.2,53,9.4,0,4.62
"468",1,3,4,"mar","wed",90.2,18.5,41.1,7.3,11.2,41,5.4,0,5.55
"32",1,6,3,"sep","mon",88.6,91.8,709.9,7.1,11.2,78,7.6,0,0
"332",1,7,4,"sep","sat",91.2,124.4,795.3,8.5,21.5,28,4.5,0,15.64
"134",1,4,6,"sep","thu",93.7,80.9,685.2,17.9,17.6,42,3.1,0,0
"421",1,8,8,"aug","wed",91.7,191.4,635.9,7.8,26.2,36,4.5,0,185.76
"116",1,3,5,"mar","tue",88.1,25.7,67.6,3.8,15.5,27,6.3,0,0
"108",1,4,5,"aug","sun",90.2,99.6,631.2,6.3,21.4,33,3.1,0,0
"474",1,9,4,"jun","sat",90.5,61.1,252.6,9.4,24.5,50,3.1,0,70.32
"15",1,6,5,"sep","wed",92.9,133.3,699.6,9.2,26.4,21,4.5,0,0
"80",1,1,2,"aug","tue",91,121.2,561.6,7,21.6,19,6.7,0,0
"352",1,4,4,"sep","fri",92.1,99,745.3,9.6,15.4,53,6.3,0,7.31
"263",1,2,4,"aug","fri",91.6,112.4,573,8.9,21.4,42,3.1,0,4.25
"486",1,2,4,"aug","mon",95,135.5,596.3,21.3,30.6,28,3.6,0,2.07
"77",1,9,9,"feb","fri",86.6,13.2,43,5.3,15.7,43,3.1,0,0
"52",1,4,3,"aug","sun",90.2,99.6,631.2,6.3,21.5,34,2.2,0,0
"89",1,1,2,"sep","sun",93.5,149.3,728.6,8.1,25.3,36,3.6,0,0
"284",1,3,4,"feb","wed",86.9,6.6,18.7,3.2,8.8,35,3.1,0,1.1
"224",1,2,2,"jul","fri",88.3,150.3,309.9,6.8,13.4,79,3.6,0,37.02
"44",1,4,4,"sep","sat",92.5,88,698.6,7.1,19.6,48,2.7,0,0
"385",1,8,4,"aug","sat",91.6,273.8,819.1,7.7,21.3,44,4.5,0,12.18
"219",1,4,5,"sep","wed",92.9,133.3,699.6,9.2,19.4,19,1.3,0,31.72
"269",1,3,4,"aug","tue",92.1,152.6,658.2,14.3,21,32,3.1,0,0
"434",1,2,4,"aug","sun",93.6,235.1,723.1,10.1,20.9,66,4.9,0,15.34
"135",1,3,5,"mar","tue",88.1,25.7,67.6,3.8,14.9,38,2.7,0,0
"216",1,4,4,"mar","sat",91.7,35.8,80.8,7.8,17,27,4.9,0,28.66
"85",1,1,2,"aug","thu",91.7,114.3,661.3,6.3,20.2,45,3.6,0,0
"16",1,6,5,"sep","fri",93.3,141.2,713.9,13.9,22.9,44,5.4,0,0
"217",1,4,4,"sep","sun",92.4,124.1,680.7,8.5,16.9,60,1.3,0,29.48
"245",1,2,4,"aug","sun",91.8,175.1,700.7,13.8,22.4,54,7.6,0,2.87
"240",1,7,5,"apr","sun",81.9,3,7.9,3.5,13.4,75,1.8,0,0
"499",1,6,5,"aug","tue",96.1,181.1,671.2,14.3,33.3,26,2.7,0,40.54
"59",1,2,2,"feb","mon",84,9.3,34,2.1,13.9,40,5.4,0,0
"181",1,1,3,"sep","sun",92.4,124.1,680.7,8.5,23.9,32,6.7,0,5.33
"516",1,1,4,"aug","sat",94.4,146,614.7,11.3,25.6,42,4,0,0
"244",1,7,4,"aug","sun",91.8,175.1,700.7,13.8,21.9,73,7.6,1,0
"99",1,3,4,"aug","sun",91.4,142.4,601.4,10.6,11.6,87,4.5,0,0
"241",1,6,3,"apr","wed",88,17.2,43.5,3.8,15.2,51,2.7,0,0
"517",1,6,3,"nov","tue",79.5,3,106.7,1.1,11.8,31,4.5,0,0
"94",1,8,6,"aug","sun",91.4,142.4,601.4,10.6,18.2,43,4.9,0,0
"463",1,1,4,"sep","sun",91,276.3,825.1,7.1,14.5,76,7.6,0,3.71
"514",1,2,4,"aug","sun",81.6,56.7,665.6,1.9,21.9,71,5.8,0,54.29
"293",1,4,5,"jul","fri",91.6,100.2,466.3,6.3,22.9,40,1.3,0,2.64
"46",1,5,6,"sep","wed",94.3,85.1,692.3,15.9,25.9,24,4,0,0
"38",1,7,4,"oct","fri",90,41.5,682.6,8.7,11.3,60,5.4,0,0
"4",1,8,6,"mar","fri",91.7,33.3,77.5,9,8.3,97,4,0.2,0
"415",1,5,4,"aug","sun",93.6,235.1,723.1,10.1,24.1,50,4,0,0
"125",1,3,4,"sep","fri",94.3,85.1,692.3,15.9,19.8,50,5.4,0,0
"129",1,3,5,"oct","wed",91.4,37.9,673.8,5.2,15.9,46,3.6,0,0
"334",1,1,4,"sep","mon",92.1,87.7,721.1,9.5,18.1,54,3.1,0,2.13
"392",1,8,6,"sep","fri",91.1,91.3,738.1,7.2,20.7,46,2.7,0,30.18
"79",1,1,2,"aug","fri",90.1,108,529.8,12.5,14.7,66,2.7,0,0
"49",1,4,4,"mar","mon",87.2,23.9,64.7,4.1,11.8,35,1.8,0,0
"369",1,6,5,"sep","sat",91.2,94.3,744.4,8.4,16.8,47,4.9,0,12.64
"436",1,2,5,"jul","sat",90.8,84.7,376.6,5.6,23.8,51,1.8,0,0
"425",1,8,6,"aug","sat",93.7,231.1,715.1,8.4,26.9,31,3.6,0,4.96
"78",1,1,3,"mar","mon",87.6,52.2,103.8,5,8.3,72,3.1,0,0
"371",1,7,4,"sep","sun",91,276.3,825.1,7.1,13.8,77,7.6,0,11.06
"250",1,3,4,"aug","wed",93.1,157.3,666.7,13.5,21.7,40,0.4,0,2.47
"229",1,4,6,"sep","sun",93.5,149.3,728.6,8.1,28.3,26,3.1,0,64.1
"471",1,5,4,"apr","sun",91,14.6,25.6,12.3,17.6,27,5.8,0,0
"182",1,8,6,"oct","mon",84.9,32.8,664.2,3,19.1,32,4,0,5.44
"337",1,7,4,"sep","mon",91.6,108.4,764,6.2,19.3,44,2.2,0,0
"42",1,4,4,"aug","sat",90.2,96.9,624.2,8.9,18.4,42,6.7,0,0
"13",1,6,5,"aug","fri",63.5,70.8,665.3,0.8,17,72,6.7,0,0
"117",1,3,4,"mar","sat",91.7,35.8,80.8,7.8,11.6,30,6.3,0,0
"296",1,7,5,"jun","sun",93.1,180.4,430.8,11,22.2,48,1.3,0,0
"150",1,8,6,"sep","thu",93.7,80.9,685.2,17.9,23.7,25,4.5,0,1.12
"323",1,6,5,"sep","thu",92.8,119,783.5,7.5,16.8,28,4,0,1.01
"57",1,4,3,"sep","tue",90.3,80.7,730.2,6.3,17.8,63,4.9,0,0
"103",1,2,4,"aug","tue",94.8,108.3,647.1,17,20.1,40,4,0,0
"306",1,1,4,"sep","sun",89.6,84.1,714.3,5.7,19,52,2.2,0,0
"192",1,2,5,"aug","thu",95.2,131.7,578.8,10.4,24.2,28,2.7,0,8.68
"256",1,2,5,"aug","thu",87.5,77,694.8,5,22.3,46,4,0,0
"476",1,2,5,"jun","thu",93.7,121.7,350.2,18,22.7,40,9.4,0,3.19
"298",1,8,6,"jun","sun",90.4,89.5,290.8,6.4,15.4,45,2.2,0,0
"40",1,4,4,"mar","tue",88.1,25.7,67.6,3.8,14.1,43,2.7,0,0
"307",1,7,4,"sep","sun",89.6,84.1,714.3,5.7,17.1,53,5.4,0,0.41
"382",1,8,6,"aug","thu",90.7,194.1,643,6.8,16.2,63,2.7,0,16.33
"465",1,6,4,"feb","tue",75.1,4.4,16.2,1.9,5.1,77,5.4,0,2.14
"390",1,7,4,"aug","fri",94.8,227,706.7,12,23.3,34,3.1,0,0
"331",1,3,3,"sep","sat",92.2,102.3,751.5,8.4,24.2,27,3.1,0,6.58
"69",1,2,2,"sep","fri",92.4,117.9,668,12.2,19.6,33,6.3,0,0
"60",1,2,2,"feb","fri",86.6,13.2,43,5.3,12.3,51,0.9,0,0
"317",1,4,5,"sep","thu",92.4,96.2,739.4,8.6,18.6,24,5.8,0,0
"132",1,4,6,"mar","mon",87.2,23.9,64.7,4.1,14,39,3.1,0,0
"138",1,3,6,"sep","mon",90.9,126.5,686.5,7,15.6,66,3.1,0,0
"316",1,3,4,"sep","wed",91.2,134.7,817.5,7.2,18.5,30,2.7,0,0
"325",1,6,5,"sep","thu",88.1,53.3,726.9,5.4,13.7,56,1.8,0,4.42
"484",1,8,6,"aug","sun",94.9,130.3,587.1,14.1,31,27,5.4,0,0
"360",1,1,4,"sep","fri",92.5,122,789.7,10.2,21.1,39,2.2,0,8.12
"239",1,6,5,"sep","sat",92.5,121.1,674.4,8.6,25.1,27,4,0,1090.84
"402",1,3,4,"sep","thu",91.1,88.2,731.7,8.3,22.8,46,4,0,4.95
"34",1,6,3,"sep","sun",91.7,75.6,718.3,7.8,17.7,39,3.6,0,0
"37",1,6,3,"oct","tue",90.6,35.4,669.1,6.7,21.7,24,4.5,0,0
"64",1,2,2,"aug","sun",90.2,99.6,631.2,6.3,20.8,33,2.7,0,0
"264",1,6,3,"aug","fri",91.1,141.1,629.1,7.1,19.3,39,3.6,0,1.56
"258",1,4,3,"aug","sat",94.2,117.2,581.1,11,21.4,44,2.7,0,0.68
"186",1,2,5,"sep","tue",91,129.5,692.6,7,17.6,46,3.1,0,7.04
"236",1,8,6,"aug","sun",91.4,142.4,601.4,10.6,19.6,41,5.8,0,196.48
"406",1,2,2,"aug","tue",94.6,212.1,680.9,9.5,27.9,27,2.2,0,0
"101",1,3,4,"aug","sun",91.4,142.4,601.4,10.6,19.8,39,5.4,0,0
"444",1,1,2,"jul","fri",90.7,80.9,368.3,16.8,14.8,78,8,0,0
"490",1,4,4,"aug","wed",95.1,141.3,605.8,17.7,20.6,58,1.3,0,0
"378",1,2,2,"aug","sat",93.7,231.1,715.1,8.4,21.9,42,2.2,0,174.63
"441",1,5,4,"sep","fri",90.3,290,855.3,7.4,16.2,58,3.6,0,0
"153",1,3,4,"jul","sat",90.1,51.2,424.1,6.2,24.6,43,1.8,0,1.43
"71",1,4,5,"mar","fri",91.2,48.3,97.8,12.5,15.8,27,7.6,0,0
"443",1,6,5,"apr","mon",87.9,24.9,41.6,3.7,10.9,64,3.1,0,3.35
"432",1,1,3,"aug","sat",92.1,178,605.3,9.6,23.3,40,4,0,6.36
"162",1,6,4,"aug","thu",95.2,131.7,578.8,10.4,20.3,41,4,0,1.9
"171",1,5,4,"sep","wed",92.9,133.3,699.6,9.2,21.9,35,1.8,0,2.57
"54",1,4,3,"aug","wed",92.1,111.2,654.1,9.6,20.4,42,4.9,0,0
"488",1,5,4,"aug","tue",95.1,141.3,605.8,17.7,26.4,34,3.6,0,16.4
"202",1,6,5,"mar","sun",90.1,37.6,83.7,7.2,12.4,54,3.6,0,12.1
"416",1,8,6,"aug","thu",94.8,222.4,698.6,13.9,27.5,27,4.9,0,746.28
"492",1,4,4,"aug","thu",95.8,152,624.1,13.8,32.4,21,4.5,0,0
"422",1,2,4,"aug","wed",95.2,217.7,690,18,30.8,19,4.5,0,0
"204",1,8,6,"oct","wed",91.4,37.9,673.8,5.2,20.2,37,2.7,0,13.7
"457",1,2,4,"aug","thu",91.6,248.4,753.8,6.3,16.6,59,2.7,0,0
"430",1,3,4,"aug","sun",91.6,181.3,613,7.6,24.6,44,4,0,3.2
"259",1,3,4,"aug","sat",91.8,170.9,692.3,13.7,20.6,59,0.9,0,0
"262",1,3,4,"aug","fri",91.6,112.4,573,8.9,11.2,84,7.6,0,3.3
"84",1,1,2,"aug","wed",92.1,111.2,654.1,9.6,16.6,47,0.9,0,0
"278",1,3,4,"dec","mon",85.4,25.4,349.7,2.6,4.6,21,8.5,0,10.73
"55",1,4,3,"aug","thu",91.7,114.3,661.3,6.3,17.6,45,3.6,0,0
"445",1,2,5,"sep","fri",90.3,290,855.3,7.4,16.2,58,3.6,0,9.96
"195",1,2,2,"aug","tue",94.8,108.3,647.1,17,24.6,22,4.5,0,10.01
"429",1,1,3,"aug","thu",94.8,222.4,698.6,13.9,26.2,34,5.8,0,0
"75",1,5,4,"sep","fri",93.3,141.2,713.9,13.9,27.6,30,1.3,0,0
"276",1,4,6,"dec","thu",84.6,26.4,352,2,5.1,61,4.9,0,5.38
"110",1,4,5,"sep","mon",88.6,91.8,709.9,7.1,17.4,56,5.4,0,0
"252",1,8,5,"aug","wed",93.1,157.3,666.7,13.5,24,36,3.1,0,0.24
"502",1,7,5,"aug","tue",96.1,181.1,671.2,14.3,21.6,65,4.9,0.8,0
"403",1,9,9,"aug","fri",94.8,227,706.7,12,25,36,4,0,0
"208",1,7,5,"sep","tue",91,129.5,692.6,7,20.7,37,2.2,0,17.2
"320",1,5,4,"sep","thu",92.8,119,783.5,7.5,21.6,28,6.3,0,4.41
"448",1,3,4,"mar","wed",93.4,17.3,28.3,9.9,8.9,35,8,0,0
"319",1,6,5,"sep","thu",92.8,119,783.5,7.5,21.6,27,2.2,0,0
"35",1,6,3,"sep","mon",91.8,78.5,724.3,9.2,21.2,32,2.7,0,0
"389",1,6,4,"aug","fri",94.8,227,706.7,12,23.3,34,3.1,0,28.74
"508",1,2,4,"aug","fri",91,166.9,752.6,7.1,25.9,41,3.6,0,0
"7",1,8,6,"aug","mon",92.3,88.9,495.6,8.5,24.1,27,3.1,0,0
"381",1,5,4,"jul","wed",93.7,101.3,458.8,11.9,19.3,39,7.2,0,7.73
"291",1,2,5,"jul","sat",91.6,104.2,474.9,9,18.7,53,1.8,0,0
"327",1,5,4,"sep","sat",92.2,102.3,751.5,8.4,24.1,27,3.1,0,0
"246",1,3,4,"aug","sun",91.8,175.1,700.7,13.8,26.8,38,6.3,0,0.76
"41",1,4,4,"jul","tue",79.5,60.6,366.7,1.5,23.3,37,3.1,0,0
"428",1,2,4,"aug","mon",92.1,207,672.6,8.2,27.9,33,2.2,0,2.35
"191",1,6,5,"mar","fri",91.2,48.3,97.8,12.5,11.7,33,4,0,8.31
"12",1,7,5,"sep","sat",92.8,73.2,713,22.6,19.3,38,4,0,0
"464",1,6,5,"feb","tue",75.1,4.4,16.2,1.9,4.6,82,6.3,0,5.39
"179",1,2,5,"sep","wed",90.1,82.9,735.7,6.2,18.3,45,2.2,0,4.88
"427",1,8,6,"aug","thu",91.6,248.4,753.8,6.3,20.4,56,2.2,0,0
"461",1,2,5,"aug","sat",93.7,231.1,715.1,8.4,18.9,64,4.9,0,0
"301",1,6,5,"jun","mon",90.4,93.3,298.1,7.5,20.7,25,4.9,0,0
"510",1,5,4,"aug","fri",91,166.9,752.6,7.1,21.1,71,7.6,1.4,2.17
"5",1,8,6,"mar","sun",89.3,51.3,102.2,9.6,11.4,99,1.8,0,0
"395",1,6,5,"feb","mon",84.1,4.6,46.7,2.2,5.3,68,1.8,0,0
"439",1,2,5,"aug","sat",93.7,231.1,715.1,8.4,23.6,53,4,0,6.43
"340",1,2,4,"sep","mon",91.6,108.4,764,6.2,20.4,41,1.8,0,1.47
"487",1,5,4,"aug","tue",95.1,141.3,605.8,17.7,24.1,43,6.3,0,2
"20",1,6,4,"apr","sat",86.3,27.4,97.1,5.1,9.3,44,4.5,0,0
"237",1,2,2,"sep","sat",92.5,121.1,674.4,8.6,18.2,46,1.8,0,200.94
"104",1,2,4,"sep","sat",92.5,121.1,674.4,8.6,24.1,29,4.5,0,0
"261",1,2,4,"aug","mon",93.6,97.9,542,14.4,28.3,32,4,0,8.85
"507",1,1,2,"aug","fri",91,166.9,752.6,7.1,18.5,73,8.5,0,0
"362",1,4,3,"sep","fri",92.5,122,789.7,10.2,17.3,45,4,0,3.94
"137",1,3,6,"sep","sun",92.4,124.1,680.7,8.5,17.2,58,1.3,0,0
"96",1,4,4,"sep","sun",89.7,90,704.4,4.8,17.8,64,1.3,0,0
"446",1,5,5,"aug","sun",94,47.9,100.7,10.7,17.3,80,4.5,0,0
"205",1,5,6,"mar","sat",90.6,50.1,100.4,7.8,15.1,64,4,0,13.99
"511",1,6,5,"aug","fri",91,166.9,752.6,7.1,18.2,62,5.4,0,0.43
"226",1,4,4,"sep","sun",93.5,149.3,728.6,8.1,22.9,39,4.9,0,48.55
"106",1,4,5,"mar","fri",85.9,19.5,57.3,2.8,12.7,52,6.3,0,0
"97",1,3,4,"feb","sat",83.9,8,30.2,2.6,12.7,48,1.8,0,0
"281",1,4,6,"dec","fri",84.7,26.7,352.6,4.1,2.2,59,4.9,0,9.27
"449",1,7,4,"sep","wed",89.7,284.9,844,10.1,10.5,77,4,0,0
"95",1,8,6,"aug","mon",91.1,103.2,638.8,5.8,23.4,22,2.7,0,0
"247",1,5,4,"aug","sun",91.8,175.1,700.7,13.8,25.7,39,5.4,0,0.09
"176",1,1,4,"aug","sat",90.2,96.9,624.2,8.9,20.3,39,4.9,0,4.53
"151",1,6,5,"jun","fri",92.5,56.4,433.3,7.1,23.2,39,5.4,0,1.19
"311",1,7,4,"sep","sun",92.4,105.8,758.1,9.9,25.3,27,2.7,0,0
"251",1,8,5,"aug","wed",93.1,157.3,666.7,13.5,26.8,25,3.1,0,0.68
"63",1,2,2,"aug","thu",93,75.3,466.6,7.7,18.8,35,4.9,0,0
"1",1,7,5,"mar","fri",86.2,26.2,94.3,5.1,8.2,51,6.7,0,0
"485",1,2,5,"aug","sun",94.9,130.3,587.1,14.1,33.1,25,4,0,26.43
"3",1,7,4,"oct","sat",90.6,43.7,686.9,6.7,14.6,33,1.3,0,0
"189",1,6,4,"mar","sat",90.8,41.9,89.4,7.9,13.3,42,0.9,0,7.4
"346",1,2,2,"sep","mon",91.5,130.1,807.1,7.5,16.8,43,3.1,0,5.83
"148",1,8,3,"sep","tue",84.4,73.4,671.9,3.2,24.2,28,3.6,0,0.96
"399",1,1,2,"aug","sat",93.7,231.1,715.1,8.4,25.9,32,3.1,0,0
"141",1,2,5,"sep","mon",90.9,126.5,686.5,7,21.9,39,1.8,0,0.47
"292",1,9,4,"jul","sat",91.6,104.2,474.9,9,25.3,39,0.9,0,8
"300",1,6,5,"jun","sat",53.4,71,233.8,0.4,10.6,90,2.7,0,0
"152",1,9,9,"jul","sun",90.1,68.6,355.2,7.2,24.8,29,2.2,0,1.36
"366",1,6,5,"sep","tue",91.9,111.7,770.3,6.5,19.6,45,3.1,0,20.03
"384",1,9,6,"aug","thu",91.6,248.4,753.8,6.3,20.5,58,2.7,0,42.87
"498",1,3,4,"aug","tue",96.1,181.1,671.2,14.3,32.3,27,2.2,0,14.68
"121",1,3,4,"aug","mon",91.5,145.4,608.2,10.7,10.3,74,2.2,0,0
"400",1,9,5,"jun","wed",93.3,49.5,297.7,14,28,34,4.5,0,0
"61",1,2,2,"mar","sun",89.3,51.3,102.2,9.6,11.5,39,5.8,0,0
"310",1,2,4,"sep","sun",92.4,105.8,758.1,9.9,24.9,27,2.2,0,0
"387",1,3,4,"sep","sun",90.5,96.7,750.5,11.4,20.6,55,5.4,0,24.59
"76",1,9,9,"feb","thu",84.2,6.8,26.6,7.7,6.7,79,3.1,0,0
"242",1,4,4,"apr","fri",83,23.3,85.3,2.3,16.7,20,3.1,0,0
"451",1,4,5,"aug","wed",95.2,217.7,690,18,23.4,49,5.4,0,6.43
"255",1,6,3,"aug","thu",91.6,138.1,621.7,6.3,18.9,41,3.1,0,10.34
"19",1,6,4,"mar","wed",89.2,27.9,70.8,6.3,15.9,35,4,0,0
"274",1,4,6,"dec","sun",84.4,27.2,353.5,6.8,4.8,57,8.5,0,8.98
"120",1,3,4,"aug","thu",93,75.3,466.6,7.7,19.6,36,3.1,0,0
"397",1,4,3,"sep","sun",90.5,96.7,750.5,11.4,20.4,55,4.9,0,3.64
"200",1,2,4,"sep","mon",63.5,70.8,665.3,0.8,22.6,38,3.6,0,11.32
"275",1,8,6,"dec","wed",84,27.8,354.6,5.3,5.1,61,8,0,11.19
"353",1,7,4,"sep","fri",92.1,99,745.3,9.6,20.6,43,3.6,0,2.03
"374",1,5,4,"aug","thu",94.8,222.4,698.6,13.9,20.3,42,2.7,0,0
"509",1,1,2,"aug","fri",91,166.9,752.6,7.1,25.9,41,3.6,0,0
"297",1,6,4,"jun","sun",90.4,89.5,290.8,6.4,14.3,46,1.8,0,0.9
"466",1,2,2,"feb","sat",79.5,3.6,15.3,1.8,4.6,59,0.9,0,6.84
"419",1,2,4,"aug","sun",92,203.2,664.5,8.1,24.9,42,5.4,0,2.44
"477",1,4,3,"jul","thu",93.5,85.3,395,9.9,27.2,28,1.3,0,1.76
"9",1,8,6,"sep","tue",91,129.5,692.6,7,13.1,63,5.4,0,0
"426",1,2,2,"aug","thu",91.6,248.4,753.8,6.3,20.4,56,2.2,0,0
"280",1,4,4,"dec","mon",85.4,25.4,349.7,2.6,4.6,21,8.5,0,9.77
"66",1,2,2,"aug","thu",91.7,114.3,661.3,6.3,18.6,44,4.5,0,0
"48",1,6,6,"jul","mon",94.2,62.3,442.9,11,23,36,3.1,0,0
"295",1,8,6,"jul","tue",92.3,88.8,440.9,8.5,17.1,67,3.6,0,6.57
"470",1,6,3,"apr","sun",91,14.6,25.6,12.3,13.7,33,9.4,0,61.13
"165",1,8,5,"sep","sun",89.7,90,704.4,4.8,17.8,67,2.2,0,2.01
"314",1,6,5,"sep","wed",92.6,115.4,777.1,8.8,24.3,27,4.9,0,0
"431",1,7,4,"sep","thu",89.7,287.2,849.3,6.8,19.4,45,3.6,0,0
"218",1,1,3,"sep","mon",88.6,91.8,709.9,7.1,12.4,73,6.3,0,30.32
"285",1,5,4,"feb","fri",85.2,4.9,15.8,6.3,7.5,46,8,0,24.24
"166",1,6,5,"mar","thu",84.9,18.2,55,3,5.3,70,4.5,0,2.14
"175",1,1,4,"aug","sat",90.2,96.9,624.2,8.9,14.2,53,1.8,0,3.5
"53",1,4,3,"aug","wed",92.1,111.2,654.1,9.6,20.4,42,4.9,0,0
"210",1,8,3,"sep","thu",93.7,80.9,685.2,17.9,23.2,26,4.9,0,23.41
"86",1,1,2,"sep","thu",92.9,137,706.4,9.2,21.5,15,0.9,0,0
"472",1,4,3,"may","fri",89.6,25.4,73.7,5.7,18,40,4,0,38.48
"401",1,9,5,"jun","wed",93.3,49.5,297.7,14,28,34,4.5,0,8.16
"455",1,3,4,"aug","thu",91.6,248.4,753.8,6.3,16.8,56,3.1,0,0
"512",1,8,6,"aug","sun",81.6,56.7,665.6,1.9,27.8,35,2.7,0,0
"215",1,4,4,"mar","sat",91.7,35.8,80.8,7.8,17,27,4.9,0,28.66
"30",1,6,3,"sep","sun",93.5,149.3,728.6,8.1,22.8,39,3.6,0,0
"398",1,5,6,"aug","sun",91.6,181.3,613,7.6,24.3,33,3.6,0,3.63
"136",1,3,5,"aug","sat",93.5,139.4,594.2,20.3,17.6,52,5.8,0,0
"386",1,2,4,"aug","sun",91.6,181.3,613,7.6,20.9,50,2.2,0,16
"221",1,8,6,"aug","sun",90.2,99.6,631.2,6.3,16.2,59,3.1,0,32.07
"308",1,3,4,"sep","sun",89.6,84.1,714.3,5.7,23.8,35,3.6,0,5.18
"481",1,9,9,"jul","thu",93.2,114.4,560,9.5,30.2,25,4.5,0,2.75
"302",1,6,5,"jun","mon",90.4,93.3,298.1,7.5,19.1,39,5.4,0,3.52
"494",1,1,3,"aug","fri",95.9,158,633.6,11.3,27.5,29,4.5,0,43.32
"164",1,8,6,"sep","sat",92.5,121.1,674.4,8.6,17.8,56,1.8,0,1.95
"418",1,6,5,"mar","wed",93.4,17.3,28.3,9.9,13.8,24,5.8,0,0
"2",1,7,4,"oct","tue",90.6,35.4,669.1,6.7,18,33,0.9,0,0
"364",1,4,3,"sep","tue",91.9,111.7,770.3,6.5,15.9,53,2.2,0,2.93
"409",1,4,3,"sep","fri",90.3,290,855.3,7.4,19.9,44,3.1,0,7.8
"405",1,2,4,"sep","wed",87.9,84.8,725.1,3.7,21.8,34,2.2,0,6.04
"87",1,1,2,"sep","thu",92.9,137,706.4,9.2,25.4,27,2.2,0,0
"187",1,8,6,"mar","sun",89.3,51.3,102.2,9.6,11.5,39,5.8,0,7.19
"92",1,8,6,"mar","fri",91.7,35.8,80.8,7.8,17.4,24,5.4,0,0
"469",1,6,5,"mar","thu",91.3,20.6,43.5,8.5,13.3,27,3.6,0,6.61
"155",1,1,5,"sep","sat",93.4,145.4,721.4,8.1,29.6,27,2.7,0,1.46
"51",1,4,4,"sep","thu",92.9,137,706.4,9.2,20.8,17,1.3,0,0
"321",1,6,3,"sep","thu",92.8,119,783.5,7.5,18.9,34,7.2,0,34.36
"8",1,8,6,"aug","mon",91.5,145.4,608.2,10.7,8,86,2.2,0,0
"201",1,1,5,"sep","tue",91,129.5,692.6,7,21.6,33,2.2,0,11.53
"146",1,6,5,"aug","thu",95.2,131.7,578.8,10.4,27.4,22,4,0,0.9
"358",1,6,3,"sep","fri",92.5,122,789.7,10.2,15.9,55,3.6,0,0
"11",1,7,5,"sep","sat",92.5,88,698.6,7.1,17.8,51,7.2,0,0
"185",1,8,6,"aug","fri",93.9,135.7,586.7,15.1,20.8,34,4.9,0,6.96
"438",1,8,6,"aug","sat",89.4,253.6,768.4,9.7,14.2,73,2.7,0,0
"341",1,2,5,"sep","mon",91.6,108.4,764,6.2,19.3,44,2.2,0,3.93
"193",1,2,2,"aug","tue",94.8,108.3,647.1,17,24.6,22,4.5,0,8.71
"139",1,9,9,"jul","tue",85.8,48.3,313.4,3.9,18,42,2.7,0,0.36
"213",1,7,4,"sep","fri",94.3,85.1,692.3,15.9,20.1,47,4.9,0,26.13
"109",1,4,5,"sep","sat",92.5,88,698.6,7.1,20.3,45,3.1,0,0
"10",1,7,5,"sep","sat",92.5,88,698.6,7.1,22.8,40,4,0,0
"126",1,3,4,"oct","sun",92.6,46.5,691.8,8.8,20.6,24,5.4,0,0
"286",1,2,5,"jul","sun",93.9,169.7,411.8,12.3,23.4,40,6.3,0,0
"505",1,4,3,"aug","wed",94.5,139.4,689.1,20,28.9,29,4.9,0,49.59
"90",1,6,5,"mar","sat",91.7,35.8,80.8,7.8,17.4,25,4.9,0,0
"357",1,4,4,"sep","fri",92.1,99,745.3,9.6,20.8,35,4.9,0,1.26
"299",1,8,6,"jun","wed",91.2,147.8,377.2,12.7,19.6,43,4.9,0,0
"452",1,1,4,"aug","fri",90.5,196.8,649.9,16.3,11.8,88,4.9,0,9.71
"232",1,1,5,"sep","sun",93.5,149.3,728.6,8.1,27.8,27,3.1,0,95.18
"435",1,1,4,"aug","fri",90.6,269.8,811.2,5.5,22.2,45,3.6,0,0
"270",1,4,4,"aug","tue",92.1,152.6,658.2,14.3,19.1,53,2.7,0,4.4
"45",1,4,4,"sep","wed",90.1,82.9,735.7,6.2,12.9,74,4.9,0,0
"198",1,4,5,"sep","thu",92.9,137,706.4,9.2,21.5,15,0.9,0,11.06
"107",1,4,5,"mar","thu",91.4,30.7,74.3,7.5,18.2,29,3.1,0,0
"460",1,7,4,"aug","sat",91.6,273.8,819.1,7.7,15.5,72,8,0,1.94
"294",1,7,6,"jul","tue",93.1,180.4,430.8,11,26.9,28,5.4,0,86.45
"266",1,4,4,"aug","tue",93.7,102.2,550.3,14.6,22.1,54,7.6,0,0.79
"197",1,6,5,"apr","thu",81.5,9.1,55.2,2.7,5.8,54,5.8,0,10.93
"122",1,3,4,"aug","mon",91.5,145.4,608.2,10.7,17.1,43,5.4,0,0
"363",1,7,4,"sep","fri",88.2,55.2,732.3,11.6,15.2,64,3.1,0,0.52
"361",1,6,5,"sep","fri",92.5,122,789.7,10.2,18.4,42,2.2,0,1.09
"249",1,8,6,"aug","wed",93.1,157.3,666.7,13.5,28.7,28,2.7,0,0
"91",1,6,5,"aug","sat",90.2,96.9,624.2,8.9,14.7,59,5.8,0,0
"348",1,5,4,"sep","fri",92.1,99,745.3,9.6,10.1,75,3.6,0,0
"313",1,2,4,"sep","sun",50.4,46.2,706.6,0.4,12.2,78,6.3,0,0
"447",1,6,5,"aug","sun",92,203.2,664.5,8.1,19.1,70,2.2,0,0
"100",1,3,4,"aug","sun",91.4,142.4,601.4,10.6,19.8,39,5.4,0,0
"473",1,8,3,"jun","mon",88.2,96.2,229,4.7,14.3,79,4,0,1.94
"513",1,4,3,"aug","sun",81.6,56.7,665.6,1.9,27.8,32,2.7,0,6.44
"172",1,8,6,"aug","wed",85.6,90.4,609.6,6.6,17.4,50,4,0,2.69
"330",1,4,3,"sep","sat",92.2,102.3,751.5,8.4,23.5,27,4,0,3.33
"288",1,7,4,"jul","sat",91.6,104.2,474.9,9,22.1,49,2.7,0,0
"501",1,8,6,"aug","tue",96.1,181.1,671.2,14.3,21.6,65,4.9,0.8,0
"111",1,4,4,"mar","fri",85.9,19.5,57.3,2.8,13.7,43,5.8,0,0
"515",1,7,4,"aug","sun",81.6,56.7,665.6,1.9,21.2,70,6.7,0,11.16
"290",1,7,4,"jul","sat",91.6,104.2,474.9,9,24.3,30,1.8,0,0
"349",1,3,4,"sep","fri",92.1,99,745.3,9.6,17.4,57,4.5,0,0
"329",1,6,5,"sep","sat",92.2,102.3,751.5,8.4,19.7,35,1.8,0,0
"88",1,1,2,"sep","thu",92.9,137,706.4,9.2,22.4,34,2.2,0,0
"495",1,6,6,"aug","sat",96,164,643,14,30.8,30,4.9,0,8.59
"203",1,7,4,"feb","sun",83.9,8.7,32.1,2.1,8.8,68,2.2,0,13.05
"133",1,4,6,"mar","sun",89.3,51.3,102.2,9.6,10.6,46,4.9,0,0
"207",1,2,2,"aug","sat",93.5,139.4,594.2,20.3,22.9,31,7.2,0,15.45
"17",1,5,5,"mar","sat",91.7,35.8,80.8,7.8,15.1,27,5.4,0,0
"228",1,8,6,"aug","sat",92.2,81.8,480.8,11.9,20.1,34,4.5,0,58.3
"420",1,2,5,"aug","sun",91.6,181.3,613,7.6,24.8,36,4,0,3.05
"83",1,1,2,"aug","tue",94.8,108.3,647.1,17,18.6,51,4.5,0,0
"160",1,7,4,"sep","fri",92.4,117.9,668,12.2,19,34,5.8,0,1.69
"359",1,6,3,"sep","fri",92.5,122,789.7,10.2,19.7,39,2.7,0,0
"279",1,4,4,"dec","mon",85.4,25.4,349.7,2.6,4.6,21,8.5,0,22.03
"365",1,6,5,"sep","tue",91.9,111.7,770.3,6.5,21.1,35,2.7,0,5.65
"230",1,8,6,"aug","sat",92.2,81.8,480.8,11.9,16.4,43,4,0,71.3
"273",1,2,5,"aug","tue",92.1,152.6,658.2,14.3,20.2,47,4,0,3.09
"268",1,2,2,"aug","tue",92.1,152.6,658.2,14.3,23.7,24,3.1,0,0
"342",1,8,6,"sep","mon",91.9,111.7,770.3,6.5,15.7,51,2.2,0,0
"318",1,4,4,"sep","thu",92.4,96.2,739.4,8.6,19.2,24,4.9,0,3.78
"225",1,7,4,"sep","wed",90.1,82.9,735.7,6.2,15.4,57,4.5,0,37.71
"343",1,6,3,"sep","mon",91.5,130.1,807.1,7.5,20.6,37,1.8,0,0
"227",1,7,5,"oct","mon",91.7,48.5,696.1,11.1,16.1,44,4,0,49.37
"354",1,7,4,"sep","fri",92.1,99,745.3,9.6,19.8,47,2.7,0,1.72
"391",1,7,4,"feb","mon",84.7,9.5,58.3,4.1,7.5,71,6.3,0,9.96
"112",1,3,4,"mar","fri",91.7,33.3,77.5,9,18.8,18,4.5,0,0
"238",1,1,2,"sep","tue",91,129.5,692.6,7,18.8,40,2.2,0,212.88
"231",1,4,4,"sep","wed",92.9,133.3,699.6,9.2,26.4,21,4.5,0,88.49
"257",1,8,6,"aug","sat",94.2,117.2,581.1,11,23.9,41,2.2,0,8.02
"315",1,4,4,"sep","wed",92.6,115.4,777.1,8.8,19.7,41,1.8,0,1.58
"410",1,1,4,"jul","tue",92.3,96.2,450.2,12.1,23.4,31,5.4,0,0
"458",1,1,4,"aug","wed",91.7,191.4,635.9,7.8,19.9,50,4,0,82.75
"454",1,4,5,"aug","thu",89.4,266.2,803.3,5.6,17.4,54,3.1,0,0
"504",1,2,4,"aug","wed",94.5,139.4,689.1,20,29.2,30,4.9,0,1.95
"196",1,2,5,"aug","fri",93.9,135.7,586.7,15.1,23.5,36,5.4,0,10.02
"367",1,4,5,"sep","tue",91.1,132.3,812.1,12.5,15.9,38,5.4,0,1.75
"453",1,7,4,"aug","mon",91.5,238.2,730.6,7.5,17.7,65,4,0,0
"177",1,6,5,"apr","thu",81.5,9.1,55.2,2.7,5.8,54,5.8,0,4.61
"383",1,8,6,"aug","wed",95.2,217.7,690,18,28.2,29,1.8,0,5.86
"149",1,2,2,"aug","tue",94.8,108.3,647.1,17,17.4,43,6.7,0,1.07
"338",1,6,3,"sep","mon",91.6,108.4,764,6.2,23,34,2.2,0,56.04
"180",1,8,6,"aug","tue",88.8,147.3,614.5,9,14.4,66,5.4,0,5.23
"65",1,2,2,"aug","mon",91.1,103.2,638.8,5.8,23.1,31,3.1,0,0
"222",1,3,4,"sep","fri",93.3,141.2,713.9,13.9,18.6,49,3.6,0,35.88
"489",1,4,4,"aug","tue",95.1,141.3,605.8,17.7,19.4,71,7.6,0,46.7
"413",1,9,4,"jul","mon",92.3,92.1,442.1,9.8,22.8,27,4.5,0,1.63
"491",1,4,4,"aug","wed",95.1,141.3,605.8,17.7,28.7,33,4,0,0
"98",1,3,4,"mar","sat",69,2.4,15.5,0.7,17.4,24,5.4,0,0
"170",1,8,6,"aug","thu",95.2,131.7,578.8,10.4,20.7,45,2.2,0,2.55
"212",1,7,4,"aug","sat",93.5,139.4,594.2,20.3,5.1,96,5.8,0,26
"355",1,7,4,"sep","fri",92.1,99,745.3,9.6,18.7,50,2.2,0,5.97
"309",1,2,4,"sep","sun",92.4,105.8,758.1,9.9,16,45,1.8,0,0
"118",1,3,4,"mar","sat",91.7,35.8,80.8,7.8,15.2,27,4.9,0,0
"156",1,7,4,"aug","sun",94.8,108.3,647.1,17,16.4,47,1.3,0,1.56
"339",1,8,6,"sep","mon",91.6,108.4,764,6.2,22.7,35,2.2,0,7.48
"82",1,1,2,"aug","sun",90.2,99.6,631.2,6.3,17.9,44,2.2,0,0
"130",1,2,5,"oct","sun",92.6,46.5,691.8,8.8,15.4,35,0.9,0,0
"272",1,8,6,"aug","tue",92.1,152.6,658.2,14.3,20.1,58,4.5,0,9.27
"479",1,7,4,"jul","sun",93.7,101.3,423.4,14.7,18.2,82,4.5,0,2.21
"450",1,7,4,"aug","sun",91.6,181.3,613,7.6,19.3,61,4.9,0,0
"39",1,7,3,"oct","sat",90.6,43.7,686.9,6.7,17.8,27,4,0,0
"25",1,7,4,"aug","sat",93.5,139.4,594.2,20.3,23.7,32,5.8,0,0
"24",1,7,4,"aug","sat",90.2,110.9,537.4,6.2,19.5,43,5.8,0,0
"260",1,7,4,"aug","sat",91.8,170.9,692.3,13.7,23.7,40,1.8,0,1.38
"1100",0,1,4,"sep","mon",85.4,80.9,102.2,7.4,17,38,5.4,0,8.12
"2100",0,4,5,"sep","sat",92.9,222.4,668,7.1,21.6,51,2.2,0,2.87
"3100",0,4,5,"aug","wed",90.8,145.4,744.4,8.1,21.3,77,4.5,0,0
"414",0,8,4,"aug","sat",92.9,139.4,671.2,20,20.3,44,3.6,0,0
"518",0,2,6,"apr","fri",94.8,111.7,825.1,2.9,14.8,46,4,0,0
"610",0,8,3,"feb","thu",84.4,96.9,578.8,10.1,20.5,53,4,0,2.14
"710",0,4,2,"aug","sun",93.7,17.3,789.7,3.8,19.6,87,2.2,0,0.9
"810",0,3,3,"dec","mon",94.8,108.4,715.1,6.3,19.8,30,4.9,0,0
"910",0,3,4,"mar","sun",92.8,248.4,57.3,6.2,14.5,34,3.6,0,0
"1010",0,8,3,"jul","wed",92.1,142.4,349.7,9.2,15.6,32,4.9,0,16.33
"1110",0,9,6,"aug","thu",93.7,4.9,666.7,14.3,21.5,34,2.7,0,0
"1210",0,9,4,"sep","sat",92.9,51.3,43.6,6.2,23.9,43,5.4,0,2.01
"1310",0,6,5,"sep","fri",94.3,23.9,700.7,8.7,6.7,71,2.2,0,0
"14",0,4,5,"sep","sat",91.6,80.9,692.6,9.5,13.4,41,4.9,0,6.43
"1510",0,7,4,"aug","fri",94.6,73.4,783.5,13.9,17.6,43,2.7,0,16.33
"1610",0,6,6,"aug","wed",91.7,61.1,550.3,2.6,5.3,29,4.9,0,2.93
"1710",0,6,4,"jul","mon",94.8,96.2,666.7,7.2,13.1,35,0.9,0,0
"18",0,3,5,"aug","thu",94.6,227,658.2,8.1,17.7,32,4,0.8,0
"1910",0,1,5,"sep","tue",95.2,37.6,692.6,5.7,17.6,25,1.3,0,40.54
"2010",0,6,3,"jun","tue",94,217.7,764,6.4,19.3,45,1.8,0,0
"2110",0,7,4,"feb","mon",93.1,56.4,635.9,6.3,15.9,56,1.8,0,0
"2210",0,4,3,"aug","wed",91.6,139.4,753.8,7.2,22.3,27,2.7,0,43.32
"2310",0,3,4,"aug","tue",91.8,166.9,770.3,7.2,16.2,56,2.2,0,5.39
"2410",0,1,5,"sep","fri",91.6,99.6,715.1,9.6,4.6,51,2.2,0,0.68
"2510",0,2,5,"sep","sat",92.2,141.3,350.2,2.8,19.3,24,4.9,0,0
"2610",0,4,5,"feb","sat",93.5,24.9,103.8,5,13.9,45,1.8,0,0
"2710",0,3,4,"aug","wed",91.9,124.1,433.3,10.2,11.2,36,3.1,0,11.53
"28",0,4,4,"sep","thu",81.6,51.3,297.7,9.6,15.6,56,2.7,0,4.53
"29",0,2,3,"jul","sat",92.1,157.3,706.4,8.4,8.9,54,8,0,0
"3010",0,6,5,"aug","mon",91.1,73.2,672.6,10.6,15.9,15,5.8,0,0
"31",0,7,4,"feb","fri",91.2,53.3,97.8,7.8,13.4,46,1.8,0,1.95
"3210",0,6,4,"sep","fri",90.1,96.9,25.6,9.6,19.4,28,3.1,0,0
"33",0,3,4,"aug","tue",93.7,4.4,726.9,9.9,19.4,48,4.5,0,1.47
"3410",0,4,4,"aug","thu",90.4,46.5,631.2,7.7,17.1,43,2.7,0,0
"3510",0,4,3,"jul","tue",88.6,180.4,605.8,5.2,33.3,59,3.6,0,0
"36",0,4,5,"aug","sun",94.5,102.3,649.9,11.3,13.4,41,0.9,0,0
"3710",0,8,4,"mar","wed",91.6,3,43.6,9.2,7.5,79,0.9,0,4.88
"3810",0,4,3,"sep","thu",95,85.1,55,13.5,11.5,36,7.6,0,12.18
"3910",0,4,4,"aug","sat",91.7,133.3,298.1,14.7,19.7,49,4.9,0,1.94
"4010",0,3,4,"sep","fri",93.5,55.2,706.7,9.2,4.6,33,3.1,0,40.54
"417",0,4,2,"aug","mon",95.8,9.5,724.3,13.9,5.3,56,1.8,0,11.24
"424",0,2,3,"sep","sat",91.3,114.4,825.1,15.1,23.5,29,4,0,6.38
"433",0,7,6,"sep","wed",91.2,122,25.6,7.5,19.7,40,5.4,0,16.4
"4410",0,3,5,"feb","sat",94.5,111.7,714.3,22.6,10.5,39,2.2,0,61.13
"456",0,4,4,"mar","wed",94.8,129.5,297.7,7.9,21.6,38,5.4,0,49.37
"467",0,7,5,"aug","sat",90.6,30.7,744.4,7.5,21.9,27,8,0,0
"47",0,8,5,"mar","mon",81.6,99.6,601.4,9.2,12.4,27,2.7,0,0
"482",0,2,5,"jul","sun",90.7,2.4,715.1,7.5,11.8,29,4.9,0,0
"493",0,4,5,"aug","mon",92.1,137,34,8.4,13.8,71,3.6,0,0.52
"50",0,3,4,"sep","sun",93.7,111.2,633.6,7.8,24.6,49,3.1,0,0
"519",0,8,4,"aug","fri",94.3,55.2,605.8,7.5,20.3,34,1.3,0,3.19
"521",0,6,4,"aug","sat",91.5,122,698.6,6.5,25.7,31,2.2,0,0
"531",0,4,5,"aug","fri",92.2,180.4,689.1,9.6,19.7,50,4.5,0,0
"541",0,3,6,"mar","sat",93.5,62.3,825.1,10.2,5.1,71,7.6,0,0
"551",0,2,6,"sep","thu",87.2,19.5,750.5,8.8,15.4,27,5.8,0,0
"561",0,6,6,"aug","fri",91.3,18.2,803.3,4.1,25.1,42,1.8,0,23.41
"571",0,6,6,"sep","thu",94.8,88,16.2,13.9,21.3,40,2.7,0,1.38
"58",0,7,2,"dec","tue",95.1,82.9,80.8,11.3,21.6,30,2.7,0,13.06
"591",0,7,2,"sep","sun",90.2,133.3,458.8,8.4,6.7,46,3.1,0,10.02
"601",0,4,4,"jun","wed",81.6,50.1,789.7,8.4,24.3,42,1.8,0,0
"611",0,3,4,"aug","sun",89.7,93.3,671.2,9,24.3,35,4.5,0,6.36
"62",0,4,5,"sep","wed",81.6,222.4,561.6,7.1,17.8,35,4,0,0
"631",0,3,6,"aug","sat",92.6,9.5,751.5,9.6,23.7,46,0.9,0,49.37
"641",0,4,3,"sep","fri",91,24.9,764,17.7,18.8,44,6.7,0,40.54
"651",0,3,4,"aug","mon",81.5,4.4,450.2,6.3,19.1,34,3.6,0,34.36
"661",0,4,6,"jul","wed",93.9,122,609.6,7.1,21.4,38,4.9,0,3.2
"67",0,2,4,"mar","thu",91.6,104.2,77.5,6.7,14.1,47,5.8,0,1.38
"68",0,3,5,"aug","fri",90.8,157.3,658.2,14.1,18.6,35,3.6,0,0
"691",0,9,4,"sep","thu",91.6,263.1,103.8,0.8,18.7,59,3.6,0,0.68
"701",0,7,3,"oct","fri",91.1,88.2,674.4,8.9,21.6,87,1.8,0,6.54
"711",0,2,4,"sep","thu",90.2,114.3,48.3,13.7,13.8,44,5.4,0,0
"72",0,3,4,"sep","sun",96.1,227,669.1,9.6,17.4,32,1.8,0,12.1
"73",0,4,6,"mar","fri",94.8,166.9,673.8,6.3,17.6,35,8,0,0
"741",0,4,6,"sep","mon",89.3,62.3,67.6,5.6,19.9,36,2.7,0,1.56
"751",0,8,5,"oct","tue",91.6,217.7,704.4,8.1,15.8,27,6.7,0,2.03
"761",0,5,4,"sep","sat",95.1,99,706.4,6.3,23.9,53,4,0,2.01
"771",0,5,5,"sep","fri",94.8,90,696.1,3.8,25.7,40,4,0,5.65
"781",0,4,4,"sep","sun",91,35.8,789.7,7.2,17.4,64,3.6,0,0
"791",0,7,6,"aug","fri",95.9,181.3,789.7,16.8,19.6,47,5.4,0,26
"801",0,3,4,"aug","mon",95.5,139.4,807.1,9.6,10.5,27,4,0,5.86
"81",0,6,3,"mar","tue",89.2,6.6,594.2,6.6,24.6,64,3.6,0,4.96
"821",0,1,5,"sep","thu",90.2,96.9,46.7,10.7,25.6,25,5.4,0,0
"831",0,4,4,"sep","fri",93,41.9,764,13.5,15.2,36,5.4,0,6.58
"841",0,4,5,"sep","sat",93.5,32.8,668,17,11.5,54,1.3,0,0
"851",0,2,3,"mar","sat",90.8,227,714.3,11.4,24.2,33,4.5,0,746.28
"861",0,6,6,"jul","fri",84.6,181.1,638.8,7.8,24.1,76,3.6,0,5.86
"871",0,3,4,"apr","sun",84.7,35.8,578.8,9.9,19.6,43,2.7,0,1.63
"881",0,4,6,"sep","sun",84.4,99.6,55.2,13.9,13.7,39,4.5,0,8.59
"891",0,3,3,"sep","fri",91,91.8,605.8,13.7,23.3,21,6.3,0,6.96
"901",0,2,6,"jul","wed",94.8,181.3,706.7,11.3,20.6,28,4.9,0,7.73
"911",0,8,4,"dec","wed",79.5,51.2,672.6,8.9,19.6,34,3.1,0,0
"921",0,2,5,"mar","fri",93.7,77,690,6.8,17.7,40,5.4,0,2.17
"93",0,3,5,"aug","sat",81.5,126.5,594.2,10.7,13.4,51,2.7,0,0
"941",0,1,5,"oct","tue",91,276.3,751.5,7.5,10.9,39,0.9,0,746.28
"951",0,7,4,"aug","tue",92.9,104.2,103.8,5.3,23.2,46,6.7,0,0
"961",0,7,5,"sep","mon",95.1,20.6,725.1,1.8,18.2,43,3.6,0,9.96
"971",0,7,4,"aug","sun",93.6,212.1,601.4,0.8,18.1,39,6.7,0,2.14
"981",0,2,5,"sep","sat",91.7,131.7,723.1,14,18.4,33,4.9,0,0
"991",0,7,9,"oct","mon",95.1,93.3,692.3,9.6,14.1,39,0.9,0,0
"1001",0,6,4,"apr","fri",93.4,158,685.2,0.4,27.8,27,2.7,0,0
"1011",0,4,6,"oct","thu",92.6,141.2,233.8,14,23.6,73,3.6,0,0.47
"102",0,4,5,"jul","fri",91,129.5,752.6,13.7,21.5,53,4,0,0
"1031",0,8,4,"aug","mon",88.6,56.4,672.6,11.9,19.1,54,1.3,0,0
"1041",0,8,2,"sep","sat",92.4,73.4,777.1,14.1,17.2,35,2.2,0,3.93
"1051",0,4,4,"mar","tue",91.7,222.4,723.1,10.7,20.3,27,3.1,0,3.05
"1061",0,3,5,"oct","wed",95,85.3,819.1,14.3,28.9,24,4,0,38.48
"1071",0,1,3,"feb","sun",84.7,82.9,77.5,2.1,25.3,80,4,0,6.58
"1081",0,6,5,"jul","fri",90.7,99,723.1,12.1,21.6,53,1.8,0,0
"1091",0,5,3,"apr","sun",89.6,100.2,80.8,8.8,24.6,33,4.9,0,0
"1101",0,9,4,"aug","fri",89.3,35.8,751.5,8.8,22.9,50,8.5,0,88.49
"1111",0,2,4,"sep","thu",90.1,90,349.7,9,21.6,43,5.4,0,37.71
"1121",0,6,3,"sep","wed",92.1,105.8,102.2,5.7,22.7,29,4,0,5.86
"1131",0,6,4,"mar","sat",94.8,23.3,433.3,9,20.1,45,5.8,0,0
"114",0,2,9,"sep","sat",91.7,227,233.8,10.7,21,30,2.7,0,1.72
"115",0,4,6,"aug","wed",90.2,129.5,594.2,5.2,20.6,36,2.2,0,0
"1161",0,6,5,"aug","fri",91.5,68.6,661.3,8.5,19,26,2.2,0,2.69
"1171",0,4,5,"mar","sat",90.3,33.3,629.1,9.5,23.7,28,4,0,0
"1181",0,4,4,"sep","wed",91,119,669.1,4.1,4.6,34,9.4,0,8.85
"119",0,3,3,"jun","sun",91.2,141.3,629.1,8.9,26.9,27,4.5,0,0
"1201",0,1,4,"jul","sun",84.4,104.2,745.3,9.9,19,58,5.8,0,16.33
"1211",0,4,4,"aug","thu",82.1,166.9,41.1,6.2,17,30,6.3,0,0.24
"1221",0,6,4,"sep","mon",93.7,191.4,795.3,6.6,20.3,27,2.2,0,0
"123",0,2,6,"aug","thu",96,135.5,664.5,6.5,19.6,42,5.4,0,1.94
"1241",0,6,5,"aug","fri",92.5,142.4,770.3,3.8,25.3,39,0.9,0,2.03
"1251",0,2,4,"aug","mon",83.9,145.4,658.2,6.5,17.4,48,5.4,0,0
"1261",0,8,4,"sep","fri",90.1,6.6,666.7,0.8,19,31,8,0,7.19
"127",0,4,6,"aug","sun",90.5,114.4,706.4,2.1,15.2,39,3.1,0,82.75
"128",0,1,4,"sep","fri",90.6,112.4,819.1,7.1,17.4,41,6.7,0,6.36
"1291",0,1,5,"jul","tue",95.2,81.8,55.2,17.7,12.2,46,7.2,0,0
"1301",0,4,5,"sep","fri",91,119,450.2,9.2,24.2,36,2.2,0,0
"131",0,3,3,"aug","tue",91.1,27.9,48.3,17,26.4,47,4.9,0,0
"1321",0,4,4,"aug","sun",90.6,133.3,855.3,14.4,25.9,67,8,0,1.26
"1331",0,6,2,"feb","sat",90.9,88.9,750.5,2.8,27.8,72,3.6,0,0
"1341",0,7,3,"mar","sat",92.9,108.4,594.2,10.2,15.1,28,4,0,7.4
"1351",0,4,4,"sep","fri",92.1,235.1,664.5,5.7,18.2,21,3.6,0,0
"1361",0,4,6,"aug","wed",91.7,81.8,674.4,6.2,23.4,27,6.3,0,2.07
"1371",0,7,4,"sep","mon",93.1,9.5,605.8,8.8,20.6,28,3.1,0,0
"1381",0,9,5,"aug","sun",84.4,104.2,699.6,7.5,4.6,22,2.7,0,37.02
"1391",0,8,4,"sep","mon",83,180.4,698.6,8.1,18.9,47,3.1,0,0
"140",0,6,5,"sep","sun",90.2,122,699.6,13.5,17.8,50,2.2,0,2.75
"1411",0,2,5,"jun","sat",93.5,96.2,298.1,6.2,14,33,6.3,0,2.44
"142",0,4,4,"sep","wed",91.6,124.1,578.8,8.4,28.9,24,2.7,0,0
"143",0,9,5,"aug","fri",92.2,62.3,751.5,2.8,4.6,27,2.7,0,0
"144",0,1,4,"mar","sat",91.6,129.5,849.3,7.2,11.3,28,5.4,0,0
"1451",0,7,6,"aug","fri",93.5,231.1,770.3,7,20.1,39,4.5,0,0
"1461",0,2,5,"sep","thu",85.4,3.7,654.1,18,11.8,74,5.4,0,10.08
"147",0,4,4,"sep","tue",63.5,35.8,684.4,9,21.6,66,5.4,0,0
"1481",0,2,5,"jul","fri",84.6,88,706.7,7.1,15.2,34,4.5,0,0
"1491",0,6,6,"aug","sat",89.6,3.2,658.2,7.5,19,54,3.1,0,0
"1501",0,8,6,"aug","mon",91.5,133.3,753.8,9.2,17,96,0.9,0,0
"1511",0,6,5,"aug","mon",93.6,32.8,700.7,7.5,15.2,51,5.4,0,0
"1521",0,9,4,"jun","sun",95,100.2,690,2.6,28,46,2.7,0.2,0
"1531",0,8,5,"jun","thu",91.7,48.3,442.1,13.8,23.2,56,3.1,0,7.04
"154",0,4,5,"mar","tue",86.9,119,658.2,14.7,14.5,34,4.5,0,2.55
"1551",0,3,4,"sep","sun",89.3,17.2,594.2,8.5,19.3,35,4.9,0,5.38
"1561",0,6,4,"sep","sun",89.3,53.3,704.4,7.5,16.8,52,3.1,0,5.38
"157",0,2,6,"aug","tue",86.6,85.1,700.7,17.7,19.1,26,5.4,0,49.37
"158",0,6,5,"mar","wed",87.6,51.3,789.7,1.5,23.9,41,4.9,0,8.16
"159",0,1,4,"sep","sun",93,157.3,673.8,6.3,27.5,38,3.1,0,2.35
"1601",0,3,4,"jun","mon",81.6,14.6,735.7,0.8,22.8,43,2.2,0,0
"161",0,3,4,"sep","sun",94.8,78.5,43.6,14.3,18,39,4,0,0
"1621",0,5,4,"mar","sat",94.4,231.1,684.4,20,8.3,43,3.6,0,8.85
"163",0,6,5,"aug","thu",91.7,175.1,80.8,8.4,17.4,42,0.4,0,9.77
"1641",0,4,4,"mar","mon",94.3,96.3,751.5,7.5,21.6,54,1.8,0,2.47
"1651",0,8,4,"sep","sat",91.9,30.7,43.6,7.1,21.4,28,0.9,0,28.74
"1661",0,3,3,"aug","sun",92.6,121.7,735.7,6.2,24.1,33,9.4,0,29.48
"167",0,4,4,"aug","mon",90.2,35.4,631.2,20.3,21.4,27,1.8,0,0
"168",0,2,4,"oct","mon",75.1,80.7,669.1,2.9,17,51,0.9,0,2.75
"169",0,4,6,"aug","tue",89.3,108.3,586.7,6.3,22.8,41,1.3,0,0
"1701",0,3,4,"aug","thu",93,91.3,789.7,14.3,19.6,39,1.3,0,0
"1711",0,8,5,"aug","sun",93.5,51.2,745.3,8.1,23.7,54,5.4,0,174.63
"1721",0,1,3,"sep","mon",93.7,73.2,819.1,10.4,21.5,52,0.9,0,35.88
"173",0,2,4,"aug","mon",92.9,108.3,624.2,17,17,33,2.2,0,0.68
"174",0,6,5,"sep","sat",93.3,124.1,41.1,9.9,33.1,35,3.1,0,1.12
"1751",0,6,2,"jul","fri",81.6,133.3,680.7,9.6,17.6,96,2.2,0,8.16
"1761",0,7,4,"oct","wed",92.8,269.8,614.5,7.4,20.3,53,6.3,0,4.95
"1771",0,2,5,"jul","fri",95.2,33.3,671.2,8.2,23.4,42,4.9,0,0
"1781",0,1,3,"sep","thu",93.7,26.7,614.5,6.2,18.2,24,1.8,0,0
"1791",0,6,6,"mar","mon",91.6,191.4,665.6,14.3,10.3,31,1.3,0,26.43
"1801",0,1,4,"aug","fri",92.4,108.4,97.8,13.7,23.8,35,4,0,0
"1811",0,8,4,"aug","tue",92,181.3,80.8,13.9,19,43,1.8,0,0
"1821",0,6,4,"sep","fri",92.1,273.8,715.1,4.7,11.4,15,0.9,0,0
"1831",0,8,6,"sep","sat",91.7,104.2,349.7,6.3,25.5,48,5.8,0,0
"184",0,8,4,"aug","sat",91,141.3,480.8,7.6,24.6,68,1.3,0,15.45
"1851",0,4,4,"sep","sun",88.8,35.8,102.2,8.4,12.2,43,2.2,0,0
"1861",0,8,4,"feb","sat",84.7,75.3,55.2,14.3,27.9,39,7.2,0,8.85
"1871",0,8,4,"aug","tue",91.8,37.9,424.1,7.7,10.6,39,4,0,1.95
"1881",0,4,5,"mar","thu",93.5,117.2,686.9,9.9,21.7,56,4,0,0
"1891",0,8,5,"jun","mon",81.9,115.4,807.1,3.7,18.2,42,5.4,0,3.64
"190",0,8,2,"sep","tue",92.3,133.3,55.2,3.9,17.6,56,2.7,0,2.18
"1911",0,2,5,"sep","wed",88.1,6.8,715.1,18,12.7,46,7.6,0,0
"1921",0,4,6,"sep","fri",92.1,9.1,298.1,9.6,12.2,37,4.5,0,6.61
"1931",0,1,5,"aug","thu",93.1,97.9,671.2,8.3,16.8,29,4.9,0,2.17
"194",0,4,3,"aug","sun",79.5,99.9,18.7,11,13.1,28,2.7,0,6.58
"1951",0,2,4,"sep","sat",94.3,136.9,706.4,5.2,11.2,26,3.6,0,0
"1961",0,4,4,"jul","wed",90.1,105.8,43.6,6.3,19.3,54,3.1,0,0
"1971",0,2,5,"aug","sat",88.3,20.6,376.6,7.5,21.6,65,2.2,0,0
"1981",0,6,4,"jul","thu",84.7,129.5,721.1,6.3,11.6,41,5.4,0,1.69
"1991",0,2,2,"aug","fri",95,6.8,692.6,5.7,19.9,72,7.6,0,0
"2001",0,7,3,"aug","tue",92.8,138.1,647.1,12.3,14.2,50,3.1,0,1090.84
"2011",0,1,5,"sep","thu",88.1,27.2,613,5.2,18.2,79,5.4,0,1.23
"2021",0,2,6,"aug","sat",91.6,35.4,680.7,2.6,20.4,35,4.9,0,0
"2031",0,2,2,"aug","wed",91.1,142.4,700.7,2.9,17.8,53,3.6,0,0
"2041",0,3,5,"sep","mon",95.5,117.9,77.5,18,32.3,73,1.3,0,26
"2051",0,1,6,"aug","mon",91.7,56.7,700.7,7.8,4.6,25,3.6,0,0
"206",0,6,4,"sep","fri",85.6,25.4,698.6,17.9,18.1,43,4,0,6.04
"2071",0,5,2,"aug","thu",94.8,96.9,495.6,7.7,16.6,51,3.1,0,0
"2081",0,6,6,"mar","mon",90.1,145.4,666.7,7.7,20.6,26,1.3,0,0.96
"209",0,1,4,"sep","sat",94.5,124.4,665.6,3.2,26.2,63,2.7,0,0
"2101",0,8,5,"aug","sat",94.2,37.9,658.2,21.3,19.3,36,6.7,0,0
"211",0,5,6,"aug","tue",91.6,99.6,745.3,6.3,14.2,63,3.6,0,0.9
"2121",0,6,6,"aug","sun",92.4,142.4,631.2,5.1,11.6,31,2.2,0,0
"2131",0,6,4,"sep","thu",95.2,96.9,529.8,9.6,5.1,24,0.9,0,7.19
"214",0,5,2,"aug","tue",86.6,175.1,313.4,7.1,20.8,45,1.3,0,0
"2151",0,8,6,"sep","thu",90.2,25.7,537.4,56.1,19.3,38,0.9,0,0
"2161",0,5,4,"aug","sun",90.5,102.3,764,17.9,15.9,45,3.6,0,4.69
"2171",0,7,5,"sep","fri",91.6,248.4,745.3,6.5,27.3,39,1.8,0,31.72
"2181",0,7,4,"jun","thu",87.9,175.1,825.1,7.1,19.1,30,1.3,0,0.09
"2191",0,4,4,"sep","thu",92.8,82.9,74.3,1.9,19.2,86,4.5,0,0
"220",0,1,2,"feb","sat",90.2,70.8,613,9.2,10.4,46,5.4,0,8.31
"2211",0,3,6,"sep","fri",50.4,30.7,844,7.3,16.9,57,2.2,0,0
"2221",0,7,6,"jan","tue",93,88,680.9,7.6,19.3,27,4.9,0,46.7
"223",0,2,4,"apr","sun",84.4,157.3,658.2,12.2,19.1,25,3.1,1.4,0
"2241",0,2,4,"feb","sun",92.3,108.3,698.6,6.8,14.9,24,1.8,0,0
"2251",0,8,4,"sep","wed",90.1,70.8,631.2,3.2,23.5,45,6.3,0,0
"2261",0,4,4,"sep","mon",92.8,227,290.8,16.8,10.6,56,2.2,0,0
"2271",0,3,5,"sep","fri",95,203.2,672.6,5,16.1,27,2.7,0,2.07
"2281",0,1,6,"sep","mon",91.6,238.2,594.2,10.7,10.3,27,1.8,0,0
"2291",0,6,4,"aug","fri",79.5,73.4,594.2,10.2,24.1,46,8.5,0,64.1
"2301",0,9,5,"aug","sun",92,248.4,689.1,6.3,19.3,78,3.1,0,0
"2311",0,4,2,"sep","mon",92.5,141.2,690,6.3,8.2,41,4.5,0,0
"2321",0,6,2,"sep","fri",88.3,92.1,706.4,13.7,8.3,43,2.2,0,6.38
"233",0,6,5,"jun","sun",87.9,55.2,686.9,10.4,12.2,43,4,0,1.69
"234",0,4,3,"aug","fri",92.5,130.3,578.8,14.3,18.4,44,2.2,0,10.93
"235",0,1,4,"aug","sun",91.8,35.8,753.8,9.6,27.5,73,3.1,0,0
"2361",0,2,5,"aug","mon",90.2,169.7,706.7,6.3,4.8,42,3.1,0,54.29
"2371",0,7,3,"aug","sun",91.6,46.5,671.2,9.5,13.3,61,1.8,0,0
"2381",0,6,2,"mar","fri",93,51.3,668,1.9,25.9,24,7.6,0,10.93
"2391",0,4,4,"oct","sun",91.4,129.5,685.2,9.7,25.7,33,3.6,0,22.03
"2401",0,3,4,"mar","sun",91.2,105.8,714.3,8.9,23.9,44,7.6,0,0
"2411",0,2,6,"feb","sun",92.1,32.8,692.3,15.9,14.6,32,5.4,0,0
"2421",0,8,6,"sep","tue",90.2,48.3,672.6,7.5,26.4,40,6.3,0,1.12
"243",0,6,4,"sep","fri",91,99.6,723.1,7,14.2,53,4.9,0,0
"2441",0,6,3,"aug","wed",91,152,15.5,7,11.5,39,4.5,0,0
"2451",0,2,6,"mar","sun",92.1,248.4,609.6,13.9,19.2,45,3.1,0,0
"2461",0,3,2,"aug","wed",91.6,121.2,649.9,10.6,8.2,50,4.9,0,0
"2471",0,3,3,"feb","thu",93.1,85.1,48.3,7.2,25.3,35,4.5,0,0
"248",0,8,5,"may","sun",92.3,84.8,745.3,3.2,16.2,30,3.1,0,1.19
"2491",0,4,4,"aug","sat",91.7,102.2,704.4,5.2,16.8,36,4.5,0,26
"2501",0,6,4,"aug","tue",81.6,108.3,654.1,14.1,12.4,57,3.6,0,0
"2511",0,2,4,"aug","sun",92.8,84.8,638.8,2.7,8.2,45,3.1,0,0
"2521",0,9,4,"sep","fri",90.2,108.3,647.1,8.1,19.2,34,3.1,0,9.96
"253",0,6,5,"mar","mon",90.2,217.7,601.4,9.2,21.1,73,1.8,0,0
"254",0,5,5,"sep","mon",63.5,26.4,442.9,13.8,20.9,35,6.7,0,0
"2551",0,8,4,"mar","sat",91.1,35.8,692.6,17,15.2,72,3.1,0,2.47
"2561",0,5,4,"mar","sat",91.4,25.7,706.4,9,19.8,39,3.1,0,1.58
"2571",0,1,6,"aug","sat",86.8,248.4,745.3,6.3,28,35,4,0,8.98
"2581",0,3,6,"aug","sat",87.9,248.4,658.2,17,22.4,66,4,0,0
"2591",0,7,5,"feb","wed",91,133.3,529.8,7.8,11.2,33,3.1,0,0
"2601",0,3,6,"aug","mon",92.5,129.5,698.6,56.1,26.4,33,5.4,0,0.68
"2611",0,5,3,"aug","mon",81.6,99,723.1,14.4,26.2,44,4.9,0,4.4
"2621",0,1,4,"sep","fri",92.2,75.3,789.7,7.1,29.2,45,3.1,0,0
"2631",0,3,6,"feb","fri",91.7,124.1,752.6,7.9,17.4,35,2.2,0,7.4
"2641",0,6,6,"mar","sat",93.7,130.3,698.6,11,17,29,4.5,0,11.16
"2651",0,4,6,"aug","thu",91.7,181.3,15.8,7,15.6,45,2.7,0,0
"2661",0,1,6,"sep","fri",93.1,203.2,55,9.6,25.9,24,3.6,0,0
"267",0,6,4,"sep","sat",85.4,157.3,647.1,6.2,14.2,45,4.5,0,3.94
"2681",0,3,3,"mar","sun",90.9,131.7,16.2,20.3,19.6,43,8.5,0,0
"2691",0,4,6,"aug","sat",90.2,129.5,43.5,6.2,20.4,53,2.2,0,0
"2701",0,4,4,"sep","thu",84.7,70.8,621.7,14.3,20.7,56,1.3,0,0
"271",0,5,6,"sep","sat",91.7,217.7,704.4,6.8,19,39,3.6,0,0
"2721",0,6,4,"aug","sun",91.6,85.1,685.2,6.8,22.9,52,3.6,0,6.54
"2731",0,9,4,"sep","sun",92.1,102.3,764,6.5,26.8,55,4,0,37.71
"2741",0,2,6,"aug","wed",91.4,137,349.7,8.4,15.7,34,2.7,0,8.12
"2751",0,9,5,"aug","sat",90.9,93.3,715.1,9.9,15.9,44,2.2,0,5.83
"2761",0,7,5,"sep","thu",92.1,102.3,690,8.1,25.9,59,4.5,0,0
"277",0,3,4,"oct","mon",92.2,157.3,730.2,20,23.2,40,4,0,1.36
"2781",0,8,6,"sep","sat",92.1,248.4,783.5,6.6,15.7,65,4.5,0,8.31
"2791",0,8,4,"sep","thu",89.3,129.5,601.4,6.3,16.2,43,2.2,0,0
"2801",0,7,6,"aug","sat",92.4,217.7,601.4,10.1,25.1,75,5.4,0,2.47
"2811",0,5,2,"aug","sat",91.6,25.7,721.1,7.5,28,41,3.6,0,0
"282",0,6,3,"aug","sat",95.2,17.3,16.2,16.3,16.2,27,4.5,6.4,1.38
"283",0,2,6,"sep","sun",92.8,100.2,97.8,17,16.8,78,1.8,0,15.34
"2841",0,6,3,"aug","thu",92.9,99.6,735.7,10.6,11.6,32,2.2,0,0
"2851",0,3,4,"sep","fri",90.2,217.7,768.4,7.4,25.9,49,0.9,0,0
"2861",0,7,4,"aug","tue",93.5,145.4,624.2,9.2,16.8,25,3.6,0,16.4
"287",0,1,4,"aug","sun",88.1,111.2,15.5,14.3,23.6,75,4,0,11.19
"2881",0,6,4,"aug","sun",81.6,178,67.6,8.1,12.4,74,4.5,0,0
"2891",0,3,4,"aug","wed",91,130.1,855.3,18,15.6,21,4.5,0,70.32
"2901",0,2,5,"sep","sun",81.6,35.8,395,5.2,21.6,38,4.9,0,0
"2911",0,1,6,"feb","wed",93.4,108.4,745.3,11,24.6,84,3.6,0,34.36
"2921",0,6,2,"aug","sun",86.9,231.1,745.3,7.5,24,82,2.2,0,3.05
"2931",0,6,6,"sep","mon",91.4,269.8,466.6,6.2,17.8,39,7.2,0,6.38
"2941",0,4,4,"aug","fri",91.7,9.3,654.1,9.7,25.7,35,0.9,0,0
"2951",0,5,2,"sep","fri",92.3,92.1,349.7,8.5,27.3,75,2.2,0,0
"2961",0,8,4,"aug","sun",86.6,73.4,34,7,33.1,35,6.3,0,212.88
"2971",0,7,6,"aug","thu",93.7,119,673.8,5.2,24.2,29,2.7,0,0
"2981",0,2,6,"aug","fri",92.1,212.1,666.7,9.2,23.2,28,2.7,0,0
"2991",0,3,6,"mar","mon",92.2,166.9,735.7,11,25.9,27,9.4,0,0
"3001",0,1,4,"aug","fri",92.9,35.4,668,14.3,8.2,27,4,0,0.9
"3011",0,5,4,"apr","fri",92.1,111.2,680.7,9.9,24.5,35,4,0,30.32
"3021",0,8,3,"aug","thu",93.1,43.7,647.1,17,17.4,33,2.2,0,9.96
"303",0,4,6,"oct","mon",90.6,108.4,744.4,13.2,20.8,39,3.1,0,2.87
"304",0,6,3,"sep","tue",90.2,84.7,32.1,6.3,12.4,59,4.5,0,0
"305",0,8,9,"aug","tue",92.1,84.8,684.4,7,19.1,43,3.1,0,26
"3061",0,2,5,"sep","thu",91.6,152.6,102.2,5.1,24.6,42,3.1,0,3.78
"3071",0,8,5,"sep","sat",90.2,126.5,67.6,12.5,21.6,68,5.4,0,0
"3081",0,1,5,"aug","sun",88.2,137,745.3,12.5,17.6,48,0.9,0,0
"3091",0,2,5,"oct","wed",91.4,147.8,480.8,20.3,24.6,46,5.4,0,0
"3101",0,6,4,"mar","sun",89.6,175.1,706.4,8.4,20.9,47,2.7,0,0
"3111",0,3,5,"sep","tue",91.1,61.1,789.7,6.8,24.2,51,2.2,0,42.87
"312",0,2,2,"sep","thu",91.8,269.8,77.5,8.4,18.7,34,3.1,0,0
"3131",0,8,4,"aug","fri",81.9,102.2,752.6,9.6,23.6,54,3.6,0,2.57
"3141",0,6,5,"sep","sun",92.4,104.2,52.8,5,17.4,41,2.7,0,0.43
"3151",0,2,5,"aug","sun",92.9,100.2,631.2,8.9,11.2,27,2.7,0,13.05
"3161",0,1,4,"sep","sat",91.5,181.1,624.2,5.6,18.7,34,3.6,0,0
"3171",0,2,6,"feb","sun",91.7,35.4,77.5,3,10.5,33,2.7,0,5.65
"3181",0,1,4,"aug","tue",94.8,114.3,822.8,14.3,28.7,99,1.3,0,88.49
"3191",0,8,2,"aug","wed",93.7,25.4,587.1,1.9,13.7,35,5.8,0,1.56
"3201",0,8,5,"aug","thu",93.5,84.7,668,20.3,17,22,3.1,0,64.1
"3211",0,8,6,"aug","sun",92.4,46.5,658.2,9.6,19.4,30,3.1,0,9.71
"322",0,8,6,"feb","tue",92.1,194.1,709.9,4.1,23.7,40,3.6,0,0
"3231",0,2,5,"sep","sun",93.3,56.7,658.2,11.9,19.6,73,0.9,0,0
"3241",0,3,4,"aug","tue",94.2,99,26.6,6.2,23.4,62,2.2,0,24.59
"3251",0,8,2,"aug","mon",90.3,25.7,692.6,14.1,13.7,27,5.4,0,28.74
"326",0,3,2,"sep","thu",91.4,253.6,674.4,10.6,12.7,31,4.9,0,8.59
"3271",0,4,6,"sep","mon",92.1,87.7,298.1,10.6,18,61,5.4,0,200.94
"328",0,4,5,"sep","sun",91.6,227,594.2,20,21.8,36,3.6,0,82.75
"3291",0,5,4,"jun","sat",84.7,108.3,43,6.3,22.2,41,3.6,0.8,0
"3301",0,3,5,"aug","sun",81.6,17.2,690,2.3,21.5,24,5.4,0,82.75
"3311",0,5,4,"aug","sat",84.7,126.5,349.7,10.6,28,41,4,0,7.8
"3321",0,5,3,"aug","wed",93.5,150.3,728.6,18,25.9,39,3.6,0,54.29
"333",0,1,9,"sep","tue",91.1,290,713.9,11.9,19,36,4.9,0,7.3
"3341",0,4,6,"sep","tue",90.4,141.3,46.7,7.6,22.4,56,3.6,0,16
"3351",0,8,6,"sep","fri",91.7,108.3,714.3,13.9,22.9,40,9.4,0,0
"336",0,8,5,"aug","sat",93.7,91.3,692.6,14.3,16.7,48,5.4,0,35.88
"3371",0,7,4,"sep","fri",63.5,6.8,665.6,9.6,28.2,34,2.7,0,5.65
"3381",0,8,5,"apr","wed",92.1,23.9,32.1,8.5,28.2,36,3.1,0,22.03
"3391",0,7,4,"aug","wed",92.4,253.6,692.3,7,17.7,38,2.7,0,16.33
"3401",0,9,5,"aug","sun",93.1,3.7,730.2,9.5,10.9,27,2.7,0,4.42
"3411",0,2,4,"sep","wed",79.5,25.4,665.6,1.9,8.8,42,5.4,0,0
"3421",0,6,4,"sep","thu",86.3,111.7,664.2,11,19.6,28,3.6,0.2,196.48
"3431",0,7,4,"apr","mon",94,103.2,349.7,8.9,17.4,39,4.5,0,30.18
"344",0,8,6,"sep","wed",94.8,96.9,629.1,12.5,2.2,34,8,0,10.73
"3451",0,4,5,"sep","sat",85.9,227,706.4,14.3,27.5,31,4,0,26
"3461",0,8,5,"sep","sun",91.7,263.1,102.2,12,20.2,39,5.4,0,11.19
"3471",0,7,5,"mar","fri",91.7,35.8,613,5.2,15.4,35,5.4,0,1.07
"3481",0,8,4,"aug","sun",92.3,130.3,77.5,8.4,28.3,39,4.5,0,0
"3491",0,1,4,"sep","sat",92.4,157.3,694.8,8.1,24.9,38,2.7,0,0
"350",0,5,4,"mar","wed",91,181.1,349.7,8.6,25.9,42,5.4,0,0
"351",0,8,6,"aug","sat",94.3,20.6,673.8,7.1,15.5,58,3.1,0,2.07
"3521",0,2,3,"aug","mon",91.6,92.1,608.2,8.4,12.9,72,5.4,0,0
"3531",0,2,4,"sep","tue",92.1,85.1,638.8,7.2,20.4,59,1.8,0,200.94
"3541",0,8,2,"aug","wed",91,4.6,692.3,11,17.6,58,4.5,0,6.84
"3551",0,4,4,"aug","sun",69,152.6,700.7,8.4,24.2,39,3.6,0,3.35
"3561",0,4,4,"sep","tue",83,96.3,442.9,7.1,18,42,7.2,0,0
"3571",0,7,3,"apr","sat",90.3,97.9,474.9,9,25,46,5.8,0,0
"3581",0,8,4,"sep","wed",91.2,88.9,750.5,6.4,21.2,33,0.9,0,6.36
"3591",0,3,5,"sep","sun",92.5,84.7,768.4,1.9,14.8,53,6.3,0,0
"3601",0,4,3,"may","sun",91.1,99,726.9,14.3,26.8,27,2.2,0,0
"3611",0,4,4,"mar","thu",89.3,80.9,807.1,15.1,24.3,22,0.4,0,1090.84
"3621",0,7,4,"mar","sat",92.3,73.4,807.1,7.1,22.8,44,2.2,0,0
"3631",0,1,5,"aug","thu",92.5,180.4,70.8,5.8,24.2,51,4.9,0,7.19
"3641",0,7,4,"aug","sun",91.6,23.3,15.5,6.8,19.6,29,2.2,0,49.37
"3651",0,6,2,"nov","mon",94.9,207,631.2,6.7,19.7,39,5.4,0,0
"3661",0,2,5,"sep","tue",91,2.4,689.1,7.8,25.9,29,1.8,0,26.43
"3671",0,6,4,"feb","fri",95.5,18.2,587.1,6.7,11.8,28,3.1,0,49.59
"368",0,5,5,"jul","sun",92.1,217.7,752.6,12.7,17.3,42,2.2,0,0
"3691",0,8,4,"sep","thu",94.3,33.3,674.4,14.3,21.6,27,3.6,0,0
"370",0,1,4,"sep","tue",63.5,49.5,692.3,11.6,30.8,34,4.9,0,0
"3711",0,6,5,"aug","mon",92.5,175.1,807.1,8.8,28,39,7.2,0,0.76
"372",0,5,4,"mar","thu",89.3,105.8,102.2,6.3,11.4,27,4.5,0,9.77
"3731",0,1,5,"sep","wed",91,203.2,587.1,9,19.8,41,1.3,0,0
"3741",0,4,5,"aug","mon",90.6,139.4,229,17.7,33.3,53,2.7,0,4.96
"375",0,7,6,"sep","sat",91.5,231.1,30.2,10.1,19.1,41,3.6,0,0
"376",0,8,6,"sep","mon",91.2,43.7,686.5,12.3,16.3,99,2.7,0,0
"377",0,4,5,"dec","tue",92.1,8.2,777.1,9,24.2,90,4.5,0,40.54
"3781",0,8,5,"sep","wed",88.6,9.5,699.6,8.4,21.1,45,4.9,0,0
"379",0,3,2,"sep","mon",92.4,108.4,349.7,10.1,5.3,33,1.8,0,82.75
"380",0,4,6,"aug","sat",93.7,89.5,751.5,3.2,20.6,47,4.9,0,3.05
"3811",0,6,5,"feb","fri",92.5,231.1,750.5,6.8,15.6,63,6.3,0,0
"3821",0,6,4,"jul","fri",93.1,111.7,15.8,18,17.8,52,5.8,0,0
"3831",0,3,6,"aug","fri",90.4,122,671.2,13.9,19.1,42,4.9,0,0
"3841",0,1,5,"aug","fri",81.6,231.1,631.2,10.2,14.1,42,1.8,0,0
"3851",0,2,6,"aug","sat",94.8,108.4,94.3,13.9,8.3,53,2.2,0,1.19
"3861",0,7,5,"jul","wed",95.2,181.3,654.1,9.6,20.3,66,2.2,0,0
"3871",0,1,4,"mar","sat",94.3,96.9,601.4,8.8,19.6,34,4.9,0,11.16
"388",0,2,4,"feb","thu",93.5,248.4,57.3,3.9,17.4,40,4,0,5.23
"3891",0,2,6,"jul","thu",94.8,19.5,430.8,8.4,6.7,41,4.9,0,86.45
"3901",0,6,5,"aug","fri",90.5,35.8,718.3,9.6,16.8,43,5.4,0,58.3
"3911",0,4,4,"aug","sun",84,131.7,58.3,9.9,19.3,31,4.9,0,2.21
"3921",0,6,5,"jun","sun",91.1,7.3,745.3,8.2,20.6,40,2.2,0,7.3
"3931",0,1,4,"sep","tue",93.1,89.5,313.4,9.6,22.7,46,6.7,0,2.17
"394",0,9,6,"aug","sun",91.8,269.8,586.7,8.2,18.8,41,4.9,0,6.54
"3951",0,1,5,"jul","tue",93.3,139.4,28.3,8.1,14.9,51,7.6,0,23.41
"396",0,3,5,"jun","sat",84.6,88,735.7,13.5,11.2,43,5.4,0,0
"3971",0,2,4,"may","thu",92.5,142.4,658.2,12.5,14.2,22,2.7,0,0
"3981",0,3,5,"mar","fri",93.5,137,587.1,17,14.2,71,3.6,0,0
"3991",0,6,3,"aug","wed",84.7,17.3,573,11.1,10.6,40,6.3,0,0
"4001",0,6,4,"aug","wed",92.4,114.3,649.9,0.8,25.7,86,0.4,0,5.83
"4011",0,1,4,"aug","fri",94.3,152.6,665.3,9.9,24.6,56,8.5,0,0
"4021",0,8,4,"sep","sun",89.3,51.2,594.2,13.9,19.2,26,1.8,0,0
"4031",0,1,4,"aug","sat",95.2,203.2,349.7,7.8,17.8,29,6.7,0,7.73
"404",0,2,5,"sep","tue",90.3,166.9,57.3,20,32.3,31,2.7,0,86.45
"4051",0,5,4,"sep","sat",92.1,157.3,753.8,10.7,24.3,25,1.8,0,7.31
"4061",0,3,4,"sep","sat",92.9,142.4,783.5,8.4,24.6,44,4.9,0,7.19
"407",0,6,5,"aug","sun",90.3,108.4,41.1,5,24.9,43,5.8,0,16.33
"4081",0,2,5,"aug","sun",94.8,121.1,753.8,8.5,11.5,54,8,0,1.69
"4091",0,1,4,"aug","thu",91.6,96.2,698.6,5.7,27.6,27,5.8,0,6.96
"4101",0,6,2,"aug","sat",93.3,141.2,728.6,8.4,16.7,27,4.5,0,1.07
"4111",0,4,4,"aug","sun",89.6,121.1,724.3,14,33.1,35,4,0,40.54
"4121",0,8,5,"aug","tue",84.6,117.2,94.3,13,24.6,50,3.1,0,3.64
"4131",0,2,5,"feb","sat",92.2,13.2,686.5,6.5,5.1,44,1.3,0,0
