"","fixed.acidity","volatile.acidity","citric.acid","residual.sugar","chlorides","free.sulfur.dioxide","total.sulfur.dioxide","density","pH","sulphates","alcohol","quality"
"10",6.1,0.32,0.33,10.7,0.036,27,98,0.99521,3.34,0.52,10.2,6
"12",5.6,0.18,0.58,1.25,0.034,29,129,0.98984,3.51,0.6,12,7
"13",6.6,0.25,0.33,8.5,0.042,29,141,0.99546,3.28,0.6,10.4,5
"21",7.1,0.2,0.34,16,0.05,51,166,0.9985,3.21,0.6,9.2,6
"22",5.8,0.17,0.34,1.8,0.045,96,170,0.99035,3.38,0.9,11.8,8
"43",6.6,0.17,0.35,2.6,0.03,33,78,0.99146,3.22,0.72,11.3,6
"69",5.6,0.23,0.29,3.1,0.023,19,89,0.99068,3.25,0.51,11.2,6
"71",7.1,0.33,0.3,3.3,0.034,30,102,0.9912,3.08,0.31,12.3,7
"75",6.1,0.28,0.27,8,0.048,41,162,0.99498,3.21,0.51,9.9,5
"79",5.5,0.34,0.26,2.2,0.021,31,119,0.98919,3.55,0.49,13,8
"80",7.6,0.3,0.27,10.6,0.039,31,119,0.99815,3.27,0.3,9.3,6
"83",7.6,0.28,0.39,1.9,0.052,23,116,0.9941,3.25,0.4,10.4,6
"94",5.4,0.5,0.13,5,0.028,12,107,0.99079,3.48,0.88,13.5,7
"101",7.8,0.49,0.49,7,0.043,29,149,0.9952,3.21,0.33,10,5
"102",7.3,0.19,0.27,13.9,0.057,45,155,0.99807,2.94,0.41,8.8,8
"105",6.7,0.41,0.24,5.4,0.035,33,115,0.9901,3.12,0.44,12.8933333333333,7
"111",6.4,0.33,0.24,1.6,0.054,25,117,0.9943,3.36,0.5,9.3,5
"112",7,0.14,0.28,1.3,0.026,10,56,0.99352,3.46,0.45,9.9,5
"123",6.4,0.26,0.49,6.4,0.037,37,161,0.9954,3.38,0.53,9.7,6
"127",6.2,0.27,0.26,12.1,0.046,43,127,0.9951,3.16,0.37,10.8,6
"130",7.2,0.26,0.26,12.7,0.036,49,214,0.9986,3.41,0.5,10,6
"137",8.2,0.3,0.44,12.4,0.043,52,154,0.99452,3.04,0.33,12,6
"140",6.9,0.37,0.23,9.5,0.057,54,166,0.99568,3.23,0.42,10,5
"146",6.6,0.545,0.04,2.5,0.031,48,111,0.9906,3.14,0.32,11.9,5
"147",7.8,0.3,0.29,16.85,0.054,23,135,0.9998,3.16,0.38,9,6
"149",6.9,0.32,0.3,1.8,0.036,28,117,0.99269,3.24,0.48,11,6
"153",7,0.13,0.37,12.85,0.042,36,105,0.99581,3.05,0.55,10.7,6
"154",5.9,0.26,0.3,1,0.036,38,114,0.9928,3.58,0.48,9.4,5
"179",7.1,0.44,0.27,8.4,0.057,60,160,0.99257,3.16,0.36,11.8,6
"180",6.7,0.25,0.34,12.85,0.048,30,161,0.9986,3.44,0.47,9.5,6
"185",6.2,0.33,0.27,4.9,0.036,30,134,0.9927,3.2,0.42,10.4,7
"186",6.8,0.21,0.62,6.4,0.041,7,113,0.99358,2.96,0.59,10.2,5
"193",6,0.17,0.33,6,0.036,30,111,0.99362,3.32,0.58,10.15,7
"200",8.5,0.23,0.34,1.3,0.035,54,110,0.99176,3.07,0.55,11,7
"205",6.3,0.24,0.29,13.7,0.035,53,134,0.99567,3.17,0.38,10.6,6
"217",6.5,0.18,0.33,1.4,0.029,35,138,0.99114,3.36,0.6,11.5,7
"220",6,0.26,0.33,4.35,0.04,15,80,0.98934,3.29,0.5,12.7,6
"221",7.4,0.21,0.27,7.3,0.031,41,144,0.9932,3.15,0.38,11.8,7
"227",7,0.16,0.3,2.6,0.043,34,90,0.99047,2.88,0.47,11.2,6
"230",6.7,0.27,0.33,3.6,0.034,9,45,0.99144,3.08,0.4,10.5,6
"232",6.4,0.26,0.21,7.1,0.04,35,162,0.9956,3.39,0.58,9.9,6
"233",5.6,0.15,0.26,5.55,0.051,51,139,0.99336,3.47,0.5,11,6
"243",7.1,0.21,0.3,1.4,0.037,45,143,0.9932,3.13,0.33,9.9,6
"258",6.7,0.33,0.34,6.6,0.067,35,156,0.99542,3.11,0.48,9.3,6
"261",6.7,0.24,0.32,9,0.023,20,109,0.99262,3.34,0.35,12.6,6
"265",7.4,0.33,0.26,15.6,0.049,67,210,0.99907,3.06,0.68,9.5,5
"276",7.6,0.22,0.28,12,0.056,68,143,0.9983,2.99,0.3,9.2,6
"278",6.8,0.26,0.26,2,0.019,23.5,72,0.99041,3.16,0.47,11.8,6
"279",7,0.28,0.39,8.7,0.051,32,141,0.9961,3.38,0.53,10.5,6
"281",7.3,0.815,0.09,11.4,0.044,45,204,0.99713,3.15,0.46,9,5
"286",8,0.19,0.3,2,0.053,48,140,0.994,3.18,0.49,9.6,6
"288",5.1,0.52,0.06,2.7,0.052,30,79,0.9932,3.32,0.43,9.3,5
"289",6.2,0.25,0.54,7,0.046,58,176,0.99454,3.19,0.7,10.4,5
"295",7,0.31,0.26,7.4,0.069,28,160,0.9954,3.13,0.46,9.8,6
"300",6.4,0.42,0.19,9.3,0.043,28,145,0.99433,3.23,0.53,10.98,5
"307",6.5,0.21,0.35,5.7,0.043,47,197,0.99392,3.24,0.5,10.1,6
"309",7.6,0.16,0.44,1.4,0.043,25,109,0.9932,3.11,0.75,10.3,6
"311",8.2,0.15,0.48,2.7,0.052,24,190,0.995,3.5,0.45,10.9,7
"312",6.3,0.55,0.45,13,0.047,33,182,0.9974,3.2,0.46,9.2,6
"317",7,0.22,0.26,1.1,0.037,20,71,0.9902,3.1,0.38,11.7,6
"321",7.9,0.37,0.3,2.7,0.029,64,158,0.9916,3.12,0.59,12,7
"331",6.6,0.16,0.36,1.1,0.031,27,93,0.98884,3.23,0.34,13.2,8
"339",7.7,0.29,0.48,2.3,0.049,36,178,0.9931,3.17,0.64,10.6,6
"340",7.3,0.16,0.35,1.5,0.036,29,108,0.99342,3.27,0.51,10.2,6
"346",6.8,0.3,0.33,12.8,0.041,60,168,0.99659,3.1,0.56,9.8,5
"353",6.3,0.27,0.37,7.9,0.047,58,215,0.99542,3.19,0.48,9.5,6
"354",8.1,0.17,0.44,14.1,0.053,43,145,1.0006,3.28,0.75,8.8,8
"367",8.3,0.22,0.38,14.8,0.054,32,126,1.0002,3.22,0.5,9.7,5
"375",6.4,0.36,0.2,5.7,0.118,61,172,0.9946,3.24,0.43,9.5,6
"382",6.4,0.105,0.29,1.1,0.035,44,140,0.99142,3.17,0.55,10.7,7
"383",5.8,0.27,0.22,12.7,0.058,42,206,0.9946,3.32,0.38,12.3,6
"391",6.8,0.19,0.4,9.85,0.055,41,103,0.99532,2.98,0.56,10.5,6
"401",7.4,0.16,0.49,1.2,0.055,18,150,0.9917,3.23,0.47,11.2,6
"405",8.4,0.18,0.42,5.1,0.036,7,77,0.9939,3.16,0.52,11.7,5
"408",6.7,0.2,0.24,6.5,0.044,28,100,0.99348,3.12,0.33,10.2,6
"421",5.7,0.44,0.13,7,0.025,28,173,0.9913,3.33,0.48,12.5,6
"424",9.4,0.26,0.53,1.2,0.047,25,109,0.9921,3.23,0.28,12.5,6
"425",5.7,0.24,0.47,6.3,0.069,35,182,0.99391,3.11,0.46,9.73333333333333,5
"426",6.1,0.4,0.31,0.9,0.048,23,170,0.993,3.22,0.77,9.5,6
"430",7.1,0.2,0.3,0.9,0.019,4,28,0.98931,3.2,0.36,12,6
"431",6.4,0.38,0.19,4.5,0.038,36,119,0.99151,3.07,0.42,11.2,6
"444",6.9,0.19,0.32,7.9,0.042,30,130,0.99456,3.4,0.39,10.5,6
"448",5.9,0.32,0.2,14.4,0.05,29,144,0.99666,3.24,0.41,10.3,6
"455",7.4,0.31,0.28,1.6,0.05,33,137,0.9929,3.31,0.56,10.5,6
"457",6.5,0.24,0.32,7.6,0.038,48,203,0.9958,3.45,0.54,9.7,7
"468",6.6,0.38,0.36,9.2,0.061,42,214,0.9976,3.31,0.56,9.4,5
"473",6.3,0.41,0.3,3.2,0.03,49,164,0.9927,3.53,0.79,11.7,7
"479",6.3,0.35,0.3,5.7,0.035,8,97,0.9927,3.27,0.41,11,7
"497",6,0.29,0.21,15.55,0.043,20,142,0.99658,3.11,0.54,10.1,6
"498",4.9,0.33,0.31,1.2,0.016,39,150,0.98713,3.33,0.59,14,8
"506",6.1,0.41,0.04,1.3,0.036,23,121,0.99228,3.24,0.61,9.9,6
"507",8.1,0.27,0.33,1.3,0.045,26,100,0.99066,2.98,0.44,12.4,6
"509",8.8,0.2,0.43,15,0.053,60,184,1.0008,3.28,0.79,8.8,6
"518",6.2,0.23,0.36,17.2,0.039,37,130,0.99946,3.23,0.43,8.8,6
"519",7.1,0.13,0.38,1.8,0.046,14,114,0.9925,3.32,0.9,11.7,6
"522",7.2,0.17,0.34,6.4,0.042,16,111,0.99278,2.99,0.4,10.8,6
"524",6.4,0.21,0.5,11.6,0.042,45,153,0.9972,3.15,0.43,8.8,5
"533",5,0.33,0.16,1.5,0.049,10,97,0.9917,3.48,0.44,10.7,6
"540",6.1,0.3,0.56,2.7,0.046,46,184,0.9924,3.31,0.57,10.9,6
"543",7.8,0.23,0.28,4.75,0.042,45,166,0.9928,2.96,0.4,11.5,5
"552",6.7,0.53,0.29,4.3,0.069,20,114,0.99014,3.22,0.59,13.4,6
"554",7.8,0.34,0.27,1.2,0.04,25,106,0.9932,3.01,0.55,10.4,5
"562",6.6,0.24,0.22,12.3,0.051,35,146,0.99676,3.1,0.67,9.4,5
"565",7.2,0.23,0.38,14.3,0.058,55,194,0.9979,3.09,0.44,9,6
"569",7.6,0.23,0.29,8.6,0.053,65,146,0.9963,3.11,0.32,9.8,6
"570",7.1,0.37,0.67,10.5,0.045,49,155,0.9975,3.16,0.44,8.7,5
"580",6.9,0.24,0.4,15.4,0.052,81,198,0.9986,3.2,0.69,9.4,5
"586",6.2,0.3,0.17,2.8,0.04,24,125,0.9939,3.01,0.46,9,5
"591",7.1,0.23,0.24,5.4,0.039,60,196,0.9948,3.19,0.78,10,4
"592",7.6,0.14,0.74,1.6,0.04,27,103,0.9916,3.07,0.4,10.8,7
"598",5.8,0.24,0.39,1.5,0.054,37,158,0.9932,3.21,0.52,9.3,6
"611",6.1,0.31,0.26,2.2,0.051,28,167,0.9926,3.37,0.47,10.4,6
"615",7.9,0.26,0.41,15.15,0.04,38,216,0.9976,2.96,0.6,10,6
"624",6.6,0.37,0.47,6.5,0.061,23,150,0.9954,3.14,0.45,9.6,6
"633",6.8,0.27,0.32,1.5,0.044,19,142,0.9921,3.1,0.43,9.9,6
"640",7.2,0.13,0.46,1.3,0.044,48,111,0.99127,2.97,0.45,11.1,5
"644",7.2,0.24,0.27,11.4,0.034,40,174,0.99773,3.2,0.44,9,5
"647",6.8,0.24,0.29,2,0.044,15,96,0.99232,3.23,0.64,10.4,8
"649",7.6,0.19,0.38,10.6,0.06,48,174,0.9962,3.13,0.38,10.5,6
"650",6.6,0.26,0.56,15.4,0.053,32,141,0.9981,3.11,0.49,9.3,5
"652",6,0.19,0.26,12.4,0.048,50,147,0.9972,3.3,0.36,8.9,6
"655",6.2,0.2,0.33,5.4,0.028,21,75,0.99012,3.36,0.41,13.5,7
"661",6.3,0.33,0.27,1.2,0.046,34,175,0.9934,3.37,0.54,9.4,6
"662",7.4,0.16,0.27,15.5,0.05,25,135,0.9984,2.9,0.43,8.7,7
"665",7.3,0.18,0.65,1.4,0.046,28,157,0.9946,3.33,0.62,9.4,6
"668",6.7,0.19,0.32,3.7,0.041,26,76,0.99173,2.9,0.57,10.5,7
"669",6.3,0.17,0.32,4.2,0.04,37,117,0.99182,3.24,0.43,11.3,6
"685",6.6,0.3,0.24,1.2,0.034,17,121,0.9933,3.13,0.36,9.2,5
"700",6.4,0.2,0.28,2.5,0.032,24,84,0.99168,3.31,0.55,11.5,5
"702",6.4,0.22,0.34,1.8,0.057,29,104,0.9959,3.81,0.57,10.3,6
"709",7.2,0.23,0.39,2.3,0.033,29,102,0.9908,3.26,0.54,12.3,7
"719",7,0.2,0.34,2.1,0.049,12,136,0.9922,3.25,0.46,11.6,7
"724",7,0.23,0.36,13,0.051,72,177,0.9972,3.16,0.49,9.8,5
"731",6.9,0.19,0.6,4,0.037,6,122,0.99255,2.92,0.59,10.4,4
"737",7.9,0.46,0.32,4.1,0.033,40,138,0.9912,3.18,0.44,12.8,7
"738",6.1,0.36,0.26,8.15,0.035,14,88,0.99031,3.06,0.27,13,7
"743",5.7,0.255,0.65,1.2,0.079,17,137,0.99307,3.2,0.42,9.4,5
"751",8.3,0.2,0.74,4.45,0.044,33,130,0.9924,3.25,0.42,12.2,6
"754",6.1,0.37,0.2,7.6,0.031,49,170,0.99558,3.22,0.48,9.5,5
"764",6,0.42,0.41,12.4,0.032,50,179,0.99622,3.14,0.6,9.7,5
"767",7.2,0.19,0.31,1.4,0.046,37,135,0.9939,3.34,0.57,10.2,7
"769",5.7,0.245,0.33,1.1,0.049,28,150,0.9927,3.13,0.42,9.3,5
"775",7,0.29,0.33,0.9,0.041,20,117,0.99048,3.21,0.5,11.4,5
"782",6.3,0.27,0.25,5.8,0.038,52,155,0.995,3.28,0.38,9.4,6
"791",6.4,0.17,0.34,1.5,0.091,42,135,0.9938,3.25,0.49,9.6,7
"796",8.1,0.46,0.31,1.7,0.052,50,183,0.9923,3.03,0.42,11.2,5
"808",7.4,0.32,0.55,16.6,0.056,53,238,1.0017,2.96,0.58,8.7,6
"821",6.7,0.21,0.36,8.55,0.02,20,86,0.99146,3.19,0.22,13.4,7
"823",5.9,0.26,0.4,1.3,0.047,12,139,0.9945,3.45,0.53,10.4,5
"828",6,0.28,0.24,17.8,0.047,42,111,0.99896,3.1,0.45,8.9,6
"829",5,0.33,0.18,4.6,0.032,40,124,0.99114,3.18,0.4,11,6
"848",7.9,0.16,0.3,4.8,0.037,37,171,0.9967,3.47,0.44,9,4
"853",7.5,0.35,0.48,12.4,0.056,61,176.5,0.99803,2.97,0.52,8.8,5
"858",6.8,0.3,0.24,6.6,0.123,35,116,0.9953,3.07,0.48,9.4,5
"862",6.8,0.22,0.37,15.2,0.051,68,178,0.99935,3.4,0.85,9.3,6
"864",6.9,0.33,0.28,1.3,0.051,37,187,0.9927,3.27,0.6,10.3,5
"868",7.2,0.24,0.27,1.4,0.038,31,122,0.9927,3.15,0.46,10.3,6
"876",6.7,0.31,0.18,7.7,0.043,57,200,0.99566,3.17,0.44,9.4,6
"879",6.4,0.26,0.24,6.4,0.04,27,124,0.9903,3.22,0.49,12.6,7
"880",6.3,0.21,0.4,1.7,0.031,48,134,0.9917,3.42,0.49,11.5,6
"886",7.3,0.34,0.22,1.4,0.044,43,176,0.99286,3.14,0.46,9.9,5
"889",6.8,0.32,0.34,6,0.05,5,129,0.9953,3.19,0.4,9.1,5
"899",6.8,0.705,0.25,3.2,0.048,10,57,0.996,3.36,0.52,9.5,4
"901",7.7,0.17,0.52,5.9,0.017,21,84,0.9929,3.14,0.4,11.9,7
"902",9.4,0.16,0.23,1.6,0.042,14,67,0.9942,3.07,0.32,9.5,5
"908",7.5,0.29,0.67,8.1,0.037,53,166,0.9966,2.9,0.41,8.9,6
"914",5.9,0.32,0.39,3.3,0.114,24,140,0.9934,3.09,0.45,9.2,6
"915",7.2,0.2,0.36,2.5,0.028,22,157,0.9938,3.48,0.49,10.6,6
"920",7,0.3,0.38,14.9,0.032,60,181,0.9983,3.18,0.61,9.3,7
"923",8.2,0.36,0.29,7.6,0.035,37,122,0.9939,3.16,0.34,12,5
"927",7,0.15,0.28,14.7,0.051,29,149,0.99792,2.96,0.39,9,7
"928",6.8,0.26,0.46,8.3,0.037,49,173,0.99601,3.17,0.47,9.3,5
"931",6.8,0.26,0.34,15.1,0.06,42,162,0.99705,3.24,0.52,10.5,3
"936",7.4,0.24,0.29,10.1,0.05,21,105,0.9962,3.13,0.35,9.5,5
"938",6.5,0.29,0.32,3,0.036,38,93,0.9906,3.16,0.59,12,6
"946",8.4,0.35,0.71,12.2,0.046,22,160,0.9982,2.98,0.65,9.4,5
"948",7.6,0.31,0.49,13.4,0.062,50,191,0.9989,3.22,0.53,9,4
"951",7,0.19,0.23,5.7,0.123,27,104,0.9954,3.04,0.54,9.4,6
"952",7.5,0.23,0.68,11,0.047,37,133,0.9978,2.99,0.38,8.8,5
"958",6.5,0.35,0.38,7.4,0.036,20,196,0.99712,3.47,0.48,9.1,6
"962",6.2,0.47,0.19,8.3,0.029,24,142,0.992,3.22,0.45,12.3,6
"963",7.7,0.3,0.42,14.3,0.045,45,213,0.9991,3.18,0.63,9.2,5
"972",7.6,0.34,0.39,7.6,0.04,45,215,0.9965,3.11,0.53,9.2,6
"974",7,0.34,0.39,6.9,0.066,43,162,0.99561,3.11,0.53,9.5,5
"976",7.2,0.2,0.3,2,0.039,43,188,0.9911,3.3,0.41,12,6
"981",6.6,0.15,0.32,6,0.033,59,128,0.99192,3.19,0.71,12.1,8
"986",7.4,0.32,0.55,16.6,0.056,53,238,1.0017,2.96,0.58,8.7,6
"996",7.5,0.19,0.4,7.1,0.056,50,110,0.9954,3.06,0.52,9.9,6
"997",8.2,0.2,0.49,3.5,0.057,14,108,0.9928,3.19,0.35,11.5,6
"1003",9.4,0.28,0.3,1.6,0.045,36,139,0.99534,3.11,0.49,9.3,5
"1004",6.6,0.16,0.29,1.8,0.05,40,147,0.9912,3.06,0.44,11.4,7
"1012",6.2,0.2,0.29,11.8,0.035,21,93,0.99364,3.18,0.34,11.9,6
"1014",6.1,0.28,0.24,19.95,0.074,32,174,0.99922,3.19,0.44,9.3,6
"1017",5.5,0.28,0.21,1.6,0.032,23,85,0.99027,3.42,0.42,12.5,5
"1025",6.6,0.23,0.29,14.45,0.057,29,144,0.99756,3.33,0.54,10.2,6
"1031",7.3,0.32,0.48,13.3,0.06,57,196,0.9982,3.04,0.5,9.2,5
"1037",6.8,0.3,0.27,11.6,0.028,22,97,0.99314,2.96,0.38,11.7,6
"1043",6.7,0.28,0.14,1.4,0.043,64,159,0.992,3.17,0.39,10,5
"1046",7.2,0.24,0.36,2,0.029,21,63,0.99076,3.13,0.63,12.5,6
"1048",7.4,0.19,0.49,6.7,0.037,15,110,0.9938,3.2,0.38,11,7
"1053",6.7,0.31,0.32,14.5,0.038,6,79,0.99412,3.14,0.34,12.5,5
"1054",6.9,0.25,0.4,1.3,0.038,22,101,0.9901,3.03,0.39,11.4,6
"1058",7.5,0.28,0.39,10.2,0.045,59,209,0.9972,3.16,0.63,9.6,6
"1062",6.3,0.495,0.22,1.8,0.046,31,140,0.9929,3.39,0.54,10.4,6
"1066",8,0.25,0.49,9,0.044,31,185,0.998,3.34,0.49,10,6
"1067",7.4,0.16,0.27,15.5,0.05,25,135,0.9984,2.9,0.43,8.7,7
"1072",6.3,0.4,0.24,5.1,0.036,43,131,0.99186,3.24,0.44,11.3,6
"1078",7.4,0.26,0.31,7.6,0.047,52,177,0.9962,3.13,0.45,8.9,6
"1086",6.5,0.2,0.24,9.2,0.044,25,150,0.99502,3.22,0.44,10.5,5
"1088",6.9,0.25,0.33,1.2,0.035,35,158,0.99082,3.02,0.58,11.3,6
"1089",5.6,0.24,0.34,2,0.041,14,73,0.98981,3.04,0.45,11.6,7
"1090",6.4,0.3,0.36,2,0.052,18,141,0.99273,3.38,0.53,10.5,6
"1092",6.9,0.45,0.27,4.7,0.035,17,80,0.99058,3.12,0.36,12.5,7
"1096",9.3,0.34,0.49,7.3,0.052,30,146,0.998,3.17,0.61,10.2,5
"1098",5.7,0.21,0.32,0.9,0.038,38,121,0.99074,3.24,0.46,10.6,6
"1102",7.5,0.29,0.36,15.7,0.05,29,124,0.9968,3.06,0.54,10.4,5
"1103",6.9,0.43,0.28,9.4,0.056,29,183,0.99594,3.17,0.43,9.4,5
"1106",7.7,0.34,0.58,11.1,0.039,41,151,0.9978,3.06,0.49,8.6,5
"1113",7.4,0.35,0.2,13.9,0.054,63,229,0.99888,3.11,0.5,8.9,6
"1115",6.9,0.14,0.38,1,0.041,22,81,0.99043,3.03,0.54,11.4,6
"1118",6.8,0.23,0.3,1.7,0.043,19,95,0.99207,3.17,0.46,10.7,7
"1121",5.8,0.3,0.38,4.9,0.039,22,86,0.98963,3.23,0.58,13.1,7
"1125",6.5,0.18,0.26,1.4,0.041,40,141,0.9941,3.34,0.72,9.5,6
"1127",5.8,0.36,0.5,1,0.127,63,178,0.99212,3.1,0.45,9.7,5
"1131",6.1,0.17,0.21,1.9,0.09,44,130,0.99255,3.07,0.41,9.7,5
"1132",6.7,0.41,0.24,5.4,0.035,33,115,0.9901,3.12,0.44,12.8933333333333,7
"1134",6.7,0.31,0.3,2.4,0.038,30,83,0.98867,3.09,0.36,12.8,7
"1136",7.4,0.16,0.27,15.5,0.05,25,135,0.9984,2.9,0.43,8.7,7
"1140",7.2,0.17,0.37,6.9,0.059,47,128,0.99322,3.08,0.46,11,7
"1142",7.9,0.33,0.26,1.2,0.044,23,103,0.9932,3.19,0.54,10.5,6
"1146",7.2,0.16,0.35,1.2,0.031,27,84,0.9928,3.33,0.34,9.9,5
"1150",6,0.2,0.26,1.1,0.033,38,67,0.98954,3.14,0.38,11.5,6
"1151",7.2,0.16,0.32,0.8,0.04,50,121,0.9922,3.27,0.33,10,6
"1153",5.8,0.24,0.28,1.4,0.038,40,76,0.98711,3.1,0.29,13.9,7
"1162",7.2,0.21,0.35,14.5,0.048,35,178,0.9982,3.05,0.47,8.9,6
"1165",7.2,0.24,0.4,1.4,0.045,31,106,0.9914,2.88,0.38,10.8,6
"1171",6.8,0.23,0.29,15.4,0.073,56,173,0.9984,3.06,0.41,8.7,6
"1179",7.2,0.2,0.25,4.5,0.044,31,109,0.9949,3.23,0.36,9.4,5
"1180",8.7,0.34,0.46,13.8,0.055,68,198,0.9988,3.36,0.37,9.5,6
"1187",6.2,0.25,0.25,1.4,0.03,35,105,0.9912,3.3,0.44,11.1,7
"1194",6,0.27,0.4,1.7,0.021,18,82,0.9891,3.24,0.95,13.1333333333333,6
"1202",8.8,0.23,0.35,10.7,0.04,26,183,0.9984,2.93,0.49,9.1,6
"1216",7.7,0.16,0.36,5.9,0.054,25,148,0.99578,3.25,0.54,10.2,6
"1218",7.6,0.27,0.34,5,0.04,18,56,0.99084,3.06,0.48,12.4,6
"1219",6.4,0.38,0.2,5.3,0.117,57,181,0.99459,3.24,0.43,9.5,6
"1223",8.3,0.16,0.48,1.7,0.057,31,98,0.9943,3.15,0.41,10.3,6
"1227",6.4,0.25,0.57,1,0.062,21,122,0.99238,3,0.4,9.5,5
"1232",5.9,0.29,0.33,7.4,0.037,58,205,0.99495,3.26,0.41,9.6,5
"1234",8.3,0.25,0.49,16.8,0.048,50,228,1.0001,3.03,0.52,9.2,6
"1238",7.7,0.26,0.31,1.3,0.043,47,155,0.9937,3.42,0.5,10.1,6
"1251",6.2,0.55,0.45,12,0.049,27,186,0.9974,3.17,0.5,9.3,6
"1267",8,0.27,0.33,1.2,0.05,41,103,0.99002,3,0.45,12.4,6
"1272",8.9,0.3,0.35,4.6,0.032,32,148,0.99458,3.15,0.45,11.5,7
"1276",6.6,0.4,0.3,5.3,0.038,20,125,0.99204,3.36,0.73,12.6,6
"1281",6.4,0.33,0.24,9.8,0.041,29,109,0.9956,3.29,0.47,10.1,6
"1286",6.8,0.12,0.3,12.9,0.049,32,88,0.99654,3.2,0.35,9.9,6
"1289",6.4,0.22,0.32,7.2,0.028,15,83,0.993,3.13,0.55,10.9,8
"1294",6.7,0.46,0.27,5.2,0.039,35,96,0.99129,3.16,0.44,12.4,7
"1298",6,0.32,0.3,1.3,0.025,18,112,0.98802,3.07,0.64,13.3,7
"1310",7.1,0.17,0.38,7.4,0.052,49,182,0.9958,3.35,0.52,9.6,6
"1311",6.7,0.61,0.21,1.65,0.117,40,240,0.9938,3.11,0.57,9.3,5
"1314",7,0.27,0.74,1.3,0.173,34,121,0.99334,3.04,0.46,9.2,6
"1324",5.7,0.4,0.35,5.1,0.026,17,113,0.99052,3.18,0.67,12.4,6
"1330",6.9,0.36,0.35,8.6,0.038,37,125,0.9916,3,0.32,12.4,8
"1341",6,0.33,0.2,1.8,0.031,49,159,0.9919,3.41,0.53,11,6
"1346",7.3,0.34,0.3,9.4,0.057,34,178,0.99554,3.15,0.44,10.4,6
"1348",6.5,0.22,0.25,17.1,0.05,44,138,1.0001,3.3,0.37,8.8,5
"1354",7.4,0.16,0.27,15.5,0.05,25,135,0.9984,2.9,0.43,8.7,7
"1362",8.3,0.18,0.37,1.2,0.049,6,94,0.9937,3.18,0.52,10.1,5
"1372",7.6,0.19,0.37,13.1,0.033,52,151,0.99726,3.18,0.79,10.4,6
"1373",6.7,0.12,0.3,5.2,0.048,38,113,0.99352,3.33,0.44,10.1,7
"1376",6.3,0.24,0.55,8.1,0.04,67,216,0.99596,3.24,0.5,9.2,5
"1379",6.4,0.4,0.25,4.2,0.032,15,91,0.98988,3.26,0.52,13.1,6
"1381",7.2,0.21,0.34,1.1,0.046,25,80,0.992,3.25,0.4,11.3,6
"1382",6.3,0.18,0.24,3.4,0.053,20,119,0.99373,3.11,0.52,9.2,6
"1383",6.8,0.22,0.31,6.9,0.037,33,121,0.99176,3.02,0.39,11.9,8
"1386",6.8,0.21,0.36,18.1,0.046,32,133,1,3.27,0.48,8.8,5
"1387",5.8,0.13,0.22,12.7,0.058,24,183,0.9956,3.32,0.42,11.7,6
"1392",6.6,0.38,0.15,4.6,0.044,25,78,0.9931,3.11,0.38,10.2,6
"1401",6.1,0.28,0.35,12.8,0.048,63,229,0.9975,3.08,0.4,8.9,5
"1407",8.4,0.2,0.38,11.8,0.055,51,170,1.0004,3.34,0.82,8.9,6
"1411",7.5,0.28,0.33,7.7,0.048,42,180,0.9974,3.37,0.59,10.1,6
"1415",6.2,0.25,0.54,7,0.046,58,176,0.99454,3.19,0.7,10.4,5
"1424",8.3,0.17,0.31,1.5,0.049,48,153,0.9942,3.12,0.58,9.4,6
"1425",5.8,0.275,0.3,5.4,0.043,41,149,0.9926,3.33,0.42,10.8,7
"1426",6.5,0.37,0.33,3.9,0.027,40,130,0.9906,3.28,0.39,12.7,7
"1427",6.6,0.22,0.37,1.6,0.04,31,101,0.99009,3.15,0.66,12,5
"1434",6.5,0.33,0.38,2.5,0.047,30,148,0.98964,3.17,0.43,12.7,6
"1437",7.5,0.21,0.34,1.2,0.06,26,111,0.9931,3.51,0.47,10.7,6
"1441",6.1,0.28,0.25,12.9,0.054,34,189,0.9979,3.25,0.43,9,4
"1445",8.3,0.36,0.57,15,0.052,35,256,1.0001,2.93,0.64,8.6,5
"1446",6.9,0.25,0.3,4.1,0.054,23,116,0.994,2.99,0.38,9.4,6
"1448",7.2,0.615,0.1,1.4,0.068,25,154,0.99499,3.2,0.48,9.7,4
"1451",8.1,0.19,0.4,0.9,0.037,73,180,0.9926,3.06,0.34,10,6
"1452",7,0.22,0.26,2.8,0.036,44,132,0.99078,3.34,0.41,12,7
"1453",7.3,0.3,0.33,2.3,0.043,28,125,0.99084,3.34,0.44,12.6,7
"1454",8,0.2,0.4,5.2,0.055,41,167,0.9953,3.18,0.4,10.6,7
"1455",6.9,0.3,0.33,4.1,0.035,26,155,0.9925,3.25,0.79,12.3,8
"1456",6,0.2,0.24,5.3,0.075,49,201,0.99466,3.21,0.43,9.5,5
"1468",6.8,0.27,0.12,1.3,0.04,87,168,0.992,3.18,0.41,10,5
"1470",6,0.22,0.33,12.2,0.033,25,97,0.99356,3.17,0.42,11.3,7
"1471",6.8,0.14,0.18,1.4,0.047,30,90,0.99164,3.27,0.54,11.2,6
"1475",7.2,0.23,0.38,6.1,0.067,20,90,0.99496,3.17,0.79,9.7,5
"1476",7.4,0.155,0.34,2.3,0.045,73.5,214,0.9934,3.18,0.61,9.9,7
"1479",7.4,0.19,0.42,6.4,0.067,39,212,0.9958,3.3,0.33,9.6,6
"1486",8,0.24,0.26,1.7,0.033,36,136,0.99316,3.44,0.51,10.4,7
"1499",6.8,0.24,0.31,18.3,0.046,40,142,1,3.3,0.41,8.7,5
"1501",6.2,0.25,0.38,7.9,0.045,54,208,0.99572,3.17,0.46,9.1,5
"1512",7.2,0.15,0.38,1.2,0.038,18,110,0.9917,3.19,0.43,11.1,6
"1520",7,0.25,0.29,15.2,0.047,40,171,0.9982,3.22,0.45,9.3,5
"1524",6.3,0.21,0.29,11.7,0.048,49,147,0.99482,3.22,0.38,10.8,5
"1530",5.7,0.41,0.21,1.9,0.048,30,112,0.99138,3.29,0.55,11.2,6
"1532",6.6,0.25,0.36,8.1,0.045,54,180,0.9958,3.08,0.42,9.2,5
"1541",6.9,0.25,0.26,5.2,0.024,36,135,0.9948,3.16,0.72,10.7,7
"1543",6.9,0.18,0.36,1.3,0.036,40,117,0.9934,3.27,0.95,9.5,7
"1547",6.9,0.19,0.49,6.6,0.036,49,172,0.9932,3.2,0.27,11.5,6
"1550",7,0.32,0.29,7.6,0.025,35,124,0.99162,3.15,0.65,12.8,7
"1556",7.3,0.4,0.24,6.7,0.058,41,166,0.995,3.2,0.41,9.9,6
"1564",6.6,0.18,0.28,3.3,0.044,18,91,0.993,3.42,0.64,10.8,6
"1566",7.4,0.21,0.3,7.9,0.039,14,118,0.9942,2.96,0.34,10.4,5
"1568",7,0.2,0.34,5.7,0.035,32,83,0.9928,3.19,0.46,11.5,6
"1569",6.6,0.32,0.22,16.7,0.046,38,133,0.9979,3.22,0.67,10.4,6
"1574",6.4,0.31,0.4,6.4,0.039,39,191,0.99513,3.14,0.52,9.8,5
"1587",6.7,0.2,0.24,6.5,0.044,28,100,0.99348,3.12,0.33,10.2,6
"1594",6.3,0.24,0.29,13.7,0.035,53,134,0.99567,3.17,0.38,10.6,6
"1596",6.1,0.28,0.16,1.3,0.06,36,126,0.99353,3.13,0.46,8.7,6
"1604",6.8,0.19,0.33,4.9,0.047,42,130,0.99283,3.12,0.56,11,6
"1610",5.4,0.265,0.28,7.8,0.052,27,91,0.99432,3.19,0.38,10.4,6
"1617",5.7,0.1,0.27,1.3,0.047,21,100,0.9928,3.27,0.46,9.5,5
"1627",6.2,0.15,0.49,0.9,0.033,17,51,0.9932,3.3,0.7,9.4,6
"1629",6,0.28,0.27,4.1,0.046,50,147,0.99126,3.27,0.56,11.6,6
"1634",7.2,0.27,0.74,12.5,0.037,47,156,0.9981,3.04,0.44,8.7,5
"1637",6.5,0.24,0.32,7.6,0.038,48,203,0.9958,3.45,0.54,9.7,7
"1639",7.6,0.3,0.22,10.2,0.049,57,191,0.9966,3.08,0.4,9.3,6
"1643",8,0.28,0.42,7.1,0.045,41,169,0.9959,3.17,0.43,10.6,5
"1644",6.2,0.345,0.27,10.1,0.056,38,187,0.99486,3.31,0.56,10.6,5
"1646",7.1,0.26,0.19,8.2,0.051,53,187,0.996,3.16,0.52,9.7,5
"1649",5.5,0.62,0.33,1.7,0.037,24,118,0.98758,3.15,0.39,13.55,6
"1650",8.5,0.26,0.21,16.2,0.074,41,197,0.998,3.02,0.5,9.8,3
"1657",6.9,0.54,0.26,12.7,0.049,59,195,0.99596,3.26,0.54,10.5,6
"1661",6.3,0.17,0.32,4.2,0.04,37,117,0.99182,3.24,0.43,11.3,6
"1663",5.4,0.31,0.47,3,0.053,46,144,0.9931,3.29,0.76,10,5
"1665",6.4,0.37,0.2,5.6,0.117,61,183,0.99459,3.24,0.43,9.5,5
"1667",5.8,0.13,0.22,12.7,0.058,24,183,0.9956,3.32,0.42,11.7,6
"1673",6.6,0.38,0.15,4.6,0.044,25,78,0.9931,3.11,0.38,10.2,6
"1685",6.6,0.25,0.35,2.9,0.034,38,121,0.99008,3.19,0.4,12.8,6
"1686",6.9,0.26,0.49,1.6,0.058,39,166,0.9965,3.65,0.52,9.4,4
"1691",6.4,0.15,0.44,1.2,0.043,67,150,0.9907,3.14,0.73,11.2,7
"1702",8.6,0.37,0.7,12.15,0.039,21,158,0.9983,3,0.73,9.3,6
"1706",7.15,0.17,0.24,9.6,0.119,56,178,0.99578,3.15,0.44,10.2,6
"1711",6.8,0.22,0.37,1.7,0.036,38,195,0.9908,3.35,0.72,12.5,6
"1712",6.9,0.58,0.58,8.2,0.032,29,169,0.99275,3.28,0.44,12.2,6
"1714",7.1,0.19,0.28,3.6,0.033,16,78,0.993,2.91,0.78,11.4,6
"1720",8.2,0.18,0.28,8.5,0.035,41,140,0.9952,3.04,0.37,10.1,7
"1724",6.2,0.25,0.28,8.5,0.035,28,108,0.99486,3.4,0.42,10.4,6
"1727",5.4,0.59,0.07,7,0.045,36,147,0.9944,3.34,0.57,9.7,6
"1728",6.4,0.29,0.18,15,0.04,21,116,0.99736,3.14,0.5,9.2,5
"1730",6.6,0.3,0.74,4.6,0.041,36,159,0.9946,3.21,0.45,9.9,5
"1745",8.9,0.33,0.34,1.4,0.056,14,171,0.9946,3.13,0.47,9.7,5
"1765",7.4,0.3,0.22,5.25,0.053,33,180,0.9926,3.13,0.45,11.6,6
"1786",6.9,0.27,0.25,7.5,0.03,18,117,0.99116,3.09,0.38,13,6
"1787",6,0.24,0.33,2.5,0.026,31,85,0.99014,3.13,0.5,11.3,7
"1802",6.8,0.46,0.26,2.7,0.042,28,83,0.99114,3.38,0.51,12,8
"1804",6.8,0.29,0.22,3.4,0.035,40,122,0.99024,3.09,0.47,12.3,6
"1805",6.9,0.22,0.32,9.3,0.04,22,110,0.9958,3.34,0.54,10.7,7
"1806",7.5,0.33,0.39,12.4,0.065,29,119,0.9974,3.16,0.39,9.4,5
"1813",6.4,0.42,0.46,8.4,0.05,58,180,0.99495,3.18,0.46,9.7,6
"1818",6.2,0.25,0.39,1.3,0.051,42,135,0.9906,3.23,0.4,11.1,6
"1823",5.1,0.29,0.28,8.3,0.026,27,107,0.99308,3.36,0.37,11,6
"1834",7.7,0.18,0.35,5.8,0.055,25,144,0.99576,3.24,0.54,10.2,6
"1844",7.1,0.26,0.34,14.4,0.067,35,189,0.9986,3.07,0.53,9.1,7
"1846",7.8,0.16,0.41,1.7,0.026,29,140,0.991,3.02,0.78,12.5,6
"1849",6.15,0.21,0.37,3.2,0.021,20,80,0.99076,3.39,0.47,12,5
"1851",7.3,0.32,0.25,7.2,0.056,47,180,0.9961,3.08,0.47,8.8,5
"1853",6,0.29,0.25,1.4,0.033,30,114,0.98794,3.08,0.43,13.2,6
"1854",6.9,0.32,0.26,2.3,0.03,11,103,0.99106,3.06,0.42,11.1,6
"1855",5.8,0.31,0.33,1.2,0.036,23,99,0.9916,3.18,0.6,10.5,6
"1860",6.5,0.2,0.31,2.1,0.033,32,95,0.989435,2.96,0.61,12,6
"1862",6.9,0.3,0.3,10.55,0.037,4,28,0.99184,3.07,0.32,12.7,6
"1864",6.9,0.25,0.35,9.2,0.034,42,150,0.9947,3.21,0.36,11.5,6
"1865",7.7,0.24,0.27,1.8,0.051,52,190,0.9928,3.23,0.5,10.8,6
"1867",7,0.22,0.3,1.4,0.04,14,63,0.98985,3.2,0.33,12,6
"1876",5.7,0.27,0.16,9,0.053,32,111,0.99474,3.36,0.37,10.4,6
"1881",6.2,0.53,0.02,0.9,0.035,6,81,0.99234,3.24,0.35,9.5,4
"1882",7.6,0.18,0.28,7.1,0.041,29,110,0.99652,3.2,0.42,9.2,6
"1884",7.2,0.36,0.36,5.7,0.038,26,98,0.9914,2.93,0.59,12.5,7
"1892",7.9,0.44,0.26,4.45,0.033,23,100,0.99117,3.17,0.52,12.7,6
"1900",8,0.57,0.39,3.9,0.034,22,122,0.9917,3.29,0.67,12.8,7
"1901",5.9,0.2,0.23,1.5,0.037,38,93,0.99021,3.36,0.49,12,6
"1905",7.9,0.19,0.45,1.5,0.045,17,96,0.9917,3.13,0.39,11,6
"1910",6.7,0.27,0.31,15.7,0.036,44,179,0.9979,3.26,0.56,9.6,5
"1927",6.9,0.3,0.3,1.3,0.053,24,186,0.99361,3.29,0.54,9.9,4
"1932",7.1,0.21,0.32,2.2,0.037,28,141,0.993,3.2,0.57,10,7
"1934",6.6,0.18,0.35,1.5,0.049,49,141,0.9934,3.43,0.85,10.2,7
"1935",6.3,0.19,0.33,10.1,0.063,63,133,0.99561,2.86,0.41,9.1,5
"1936",6.7,0.66,0,13,0.033,32,75,0.99551,3.15,0.5,10.7,6
"1950",6.5,0.26,0.43,8.9,0.083,50,171,0.9965,2.85,0.5,9,5
"1951",7.6,0.25,0.34,1.3,0.056,34,176,0.99434,3.1,0.51,9.5,5
"1969",5.4,0.415,0.19,1.6,0.039,27,88,0.99265,3.54,0.41,10,7
"1975",6.4,0.16,0.25,1.3,0.047,20,77,0.9933,3.61,0.54,10.2,6
"1977",6.2,0.28,0.27,10.3,0.03,26,108,0.99388,3.2,0.36,10.7,6
"1983",7,0.24,0.25,1.7,0.042,48,189,0.992,3.25,0.42,11.4,6
"1985",5.8,0.15,0.49,1.1,0.048,21,98,0.9929,3.19,0.48,9.2,5
"1987",6.9,0.18,0.38,8.1,0.049,44,176,0.9958,3.3,0.54,9.8,6
"1995",7.4,0.37,0.26,9.6,0.05,33,134,0.99608,3.13,0.46,10.4,5
"2002",6.7,0.15,0.29,5,0.058,28,105,0.9946,3.52,0.44,10.2,7
"2021",7.8,0.4,0.26,9.5,0.059,32,178,0.9955,3.04,0.43,10.9,6
"2026",6.4,0.25,0.32,11.3,0.038,69,192,0.99573,3.14,0.5,10.2,6
"2034",6.8,0.23,0.33,1.9,0.047,20,101,0.9914,3.1,0.46,11.1,6
"2038",8.8,0.34,0.33,9.7,0.036,46,172,0.9966,3.08,0.4,10.2,5
"2039",9,0.3,0.49,7.2,0.039,32,84,0.9938,2.94,0.32,11.5,6
"2051",5.8,0.36,0.5,1,0.127,63,178,0.99212,3.1,0.45,9.7,5
"2052",6.7,0.29,0.49,4.7,0.034,35,156,0.9945,3.13,0.45,9.9,6
"2053",6.6,0.25,0.24,1.7,0.048,26,124,0.9942,3.37,0.6,10.1,6
"2070",7.7,0.39,0.28,4.9,0.035,36,109,0.9918,3.19,0.58,12.2,7
"2077",7.6,0.28,0.17,1.6,0.046,28,117,0.99288,3.08,0.43,10,5
"2089",6.7,0.27,0.33,3.6,0.034,9,45,0.99144,3.08,0.4,10.5,6
"2090",7.2,0.21,0.31,10.5,0.035,36,122,0.99478,3.12,0.4,10.6,6
"2095",7,0.23,0.32,1.8,0.048,25,113,0.9915,3.11,0.47,11.1,6
"2099",6,0.27,0.32,3.6,0.035,36,133,0.99215,3.23,0.46,10.8,6
"2103",8,0.24,0.3,17.45,0.056,43,184,0.9997,3.05,0.5,9.2,6
"2108",7.3,0.13,0.32,14.4,0.051,34,109,0.9974,3.2,0.35,9.2,6
"2109",7.1,0.43,0.25,2.8,0.036,43,132,0.98975,3.21,0.47,13.4,6
"2110",6.6,0.2,0.14,4.4,0.184,35,168,0.99396,2.93,0.45,9.4,6
"2115",6.4,0.25,0.57,1,0.062,21,122,0.99238,3,0.4,9.5,5
"2119",6.4,0.23,0.27,2.1,0.042,35,100,0.99094,3.03,0.63,10.9,6
"2120",7.4,0.18,0.42,2.1,0.036,33,187,0.9938,3.4,0.41,10.6,7
"2123",7.3,0.22,0.49,9.4,0.034,29,134,0.9939,2.99,0.32,11,7
"2140",7,0.32,0.35,1.5,0.039,24,125,0.9918,3.17,0.64,12.2,6
"2141",5.7,0.23,0.25,7.95,0.042,16,108,0.99486,3.44,0.61,10.3,6
"2143",7.1,0.31,0.17,1,0.042,21,144,0.99304,3.13,0.4,9.6,5
"2145",8,0.33,0.35,10,0.035,22,108,0.99457,3.12,0.36,11.6,6
"2148",6.8,0.18,0.3,12.8,0.062,19,171,0.99808,3,0.52,9,7
"2152",6.1,0.22,0.49,1.5,0.051,18,87,0.9928,3.3,0.46,9.6,5
"2153",7.4,0.4,0.29,5.4,0.044,31,122,0.994,3.3,0.5,11.1,8
"2157",8.2,0.2,0.49,3.5,0.057,14,108,0.9928,3.19,0.35,11.5,6
"2158",6.9,0.32,0.27,16,0.034,58,185,0.99938,3.34,0.6,9,6
"2169",5.7,0.36,0.34,4.2,0.026,21,77,0.9907,3.41,0.45,11.9,6
"2171",6.6,0.28,0.41,7,0.046,59,194,0.99558,3.14,0.48,9.4,5
"2175",6.8,0.21,0.42,1.2,0.045,24,126,0.99234,3.09,0.87,10.9,6
"2176",6.4,0.28,0.27,11,0.042,45,148,0.99786,3.14,0.46,8.7,5
"2184",7.8,0.21,0.49,1.2,0.036,20,99,0.99,3.05,0.28,12.1,7
"2188",8,0.25,0.27,9.7,0.036,15,85,0.99406,2.99,0.36,11.2,6
"2191",5.6,0.295,0.26,1.1,0.035,40,102,0.99154,3.47,0.56,10.6,6
"2196",5.3,0.24,0.33,1.3,0.033,25,97,0.9906,3.59,0.38,11,8
"2204",5.1,0.26,0.34,6.4,0.034,26,99,0.99449,3.23,0.41,9.2,6
"2205",5.5,0.32,0.45,4.9,0.028,25,191,0.9922,3.51,0.49,11.5,7
"2217",8.2,0.3,0.44,12.4,0.043,52,154,0.99452,3.04,0.33,12,6
"2219",6.7,0.25,0.33,2.9,0.057,52,173,0.9934,3.02,0.48,9.5,7
"2222",6.6,0.34,0.4,8.1,0.046,68,170,0.99494,3.15,0.5,9.53333333333333,6
"2231",6.1,0.27,0.28,9.8,0.042,61,125,0.99532,3.14,0.42,10.2,6
"2235",6.9,0.35,0.55,11.95,0.038,22,111,0.99687,3.11,0.29,9.7,5
"2236",6.1,0.35,0.07,1.4,0.069,22,108,0.9934,3.23,0.52,9.2,5
"2252",6.9,0.24,0.34,4.7,0.04,43,161,0.9935,3.2,0.59,10.6,6
"2262",7.3,0.205,0.31,1.7,0.06,34,110,0.9963,3.72,0.69,10.5,6
"2264",6.3,0.21,0.33,13.9,0.046,68,179,0.9971,3.36,0.5,10.4,6
"2267",7.4,0.49,0.24,15.1,0.03,34,153,0.9953,3.13,0.51,12,7
"2275",6.9,0.75,0.13,6.3,0.036,19,50,0.99312,3.09,0.25,11.1,4
"2276",6.6,0.22,0.3,14.7,0.045,50,136,0.99704,3.14,0.37,10.6,6
"2278",6.4,0.19,0.35,10.2,0.043,40,106,0.99632,3.16,0.5,9.7,6
"2291",7.2,0.23,0.39,14.2,0.058,49,192,0.9979,2.98,0.48,9,7
"2293",5.9,0.27,0.27,5,0.035,14,97,0.99058,3.1,0.33,11.8,7
"2297",8.6,0.34,0.36,1.4,0.045,11,119,0.99556,3.17,0.47,9.4,4
"2301",4.7,0.455,0.18,1.9,0.036,33,106,0.98746,3.21,0.83,14,7
"2303",7.2,0.5,0,0.8,0.034,46,114,0.9932,3.19,0.34,9.2,4
"2311",7.6,0.2,0.68,12.9,0.042,56,160,0.99841,3.05,0.41,8.7,5
"2312",7.1,0.2,0.3,0.9,0.019,4,28,0.98931,3.2,0.36,12,6
"2314",6.8,0.18,0.3,12.8,0.062,19,171,0.99808,3,0.52,9,7
"2317",6.5,0.15,0.44,12.6,0.052,65,158,0.99688,3.26,0.7,10.3,7
"2320",6.1,0.34,0.46,4.7,0.029,21,94,0.991,3.29,0.62,12.3,6
"2326",6.8,0.27,0.49,1.2,0.044,35,126,0.99,3.13,0.48,12.1,7
"2328",7.5,0.42,0.19,6.9,0.041,62,150,0.99508,3.23,0.37,10,6
"2332",5.9,0.18,0.29,4.6,0.032,68,137,0.99159,3.21,0.38,11.3,6
"2333",7.6,0.2,0.3,14.2,0.056,53,212.5,0.999,3.14,0.46,8.9,8
"2336",7.1,0.3,0.49,1.6,0.045,31,100,0.9942,3.4,0.59,10.2,5
"2347",6.2,0.29,0.26,13.1,0.046,55,204,0.99745,3.16,0.41,9.6,6
"2358",6.8,0.19,0.32,7.6,0.049,37,107,0.99332,3.12,0.44,10.7,7
"2360",6.9,0.19,0.35,13.5,0.038,49,118,0.99546,3,0.63,10.7,6
"2368",6.8,0.33,0.3,2.1,0.047,35,147,0.9886,3.24,0.56,13.4,6
"2370",7.2,0.46,0.65,10.4,0.05,76,192,0.9976,3.16,0.42,8.7,5
"2371",5.8,0.42,0.3,2.2,0.035,26,129,0.989,3.32,0.47,12.9,6
"2372",7,0.24,0.34,3,0.035,36,102,0.9905,3.18,0.43,12.2,6
"2383",6.5,0.17,0.33,1.4,0.028,14,99,0.9928,3.23,0.55,10.1,6
"2385",8,0.28,0.32,7.6,0.045,61,204,0.99543,3.1,0.55,10.1,6
"2392",7.9,0.21,0.39,2,0.057,21,138,0.99176,3.05,0.52,10.9,5
"2394",5.4,0.205,0.16,12.55,0.051,31,115,0.99564,3.4,0.38,10.8,6
"2400",6.5,0.36,0.38,10.2,0.028,20,82,0.99274,3.1,0.43,12.1,7
"2417",6.9,0.41,0.33,10.1,0.043,28,152,0.9968,3.2,0.52,9.4,5
"2422",6.7,0.4,0.22,8.8,0.052,24,113,0.99576,3.22,0.45,9.4,5
"2426",7.9,0.26,0.33,10.3,0.039,73,212,0.9969,2.93,0.49,9.5,6
"2431",5.3,0.33,0.3,1.2,0.048,25,119,0.99045,3.32,0.62,11.3,6
"2434",6.6,0.24,0.38,12.75,0.034,8,74,0.99386,3.1,0.57,12.9,6
"2441",8.9,0.32,0.49,1.6,0.05,17,131,0.9956,3.13,0.34,9.4,5
"2444",6.4,0.17,0.3,2.8,0.034,33,125,0.99152,3.03,0.49,10.4,6
"2445",7,0.32,0.34,1.3,0.042,20,69,0.9912,3.31,0.65,12,7
"2449",6.4,0.32,0.31,1.9,0.037,34,126,0.99,3.06,0.45,11.8,6
"2453",6.9,0.26,0.27,4.2,0.031,20,80,0.99089,3.12,0.39,11.5,6
"2458",5.9,0.24,0.12,1.4,0.035,60,247,0.99358,3.34,0.44,9.6,6
"2476",6.4,0.31,0.28,2.5,0.039,34,137,0.98946,3.22,0.38,12.7,6
"2477",5.1,0.35,0.26,6.8,0.034,36,120,0.99188,3.38,0.4,11.5,6
"2483",7.1,0.365,0.14,1.2,0.055,24,84,0.9941,3.15,0.43,8.9,5
"2485",6.4,0.5,0.2,2.4,0.059,19,112,0.99314,3.18,0.4,9.2,6
"2486",7.3,0.25,0.36,13.1,0.05,35,200,0.9986,3.04,0.46,8.9,7
"2494",6.5,0.36,0.31,13.55,0.053,20,113,0.99544,3.2,0.56,11,6
"2495",7.4,0.28,0.4,11.9,0.032,13,92,0.99629,3.01,0.46,10.8,4
"2496",7.2,0.17,0.28,17.55,0.05,33,154,0.99971,2.94,0.43,9,7
"2510",7.2,0.28,0.3,10.7,0.044,61,222,0.9972,3.14,0.5,9.1,6
"2512",6.5,0.21,0.28,1.4,0.046,26,66,0.99199,3.43,0.48,11.1,6
"2528",6.9,0.4,0.17,12.9,0.033,59,186,0.99754,3.08,0.49,9.4,5
"2530",7.4,0.33,0.44,7.6,0.05,40,227,0.99679,3.12,0.52,9,5
"2543",6.2,0.76,0.01,3.2,0.041,18,120,0.99026,3.2,0.94,13.7,7
"2544",8.6,0.23,0.46,1,0.054,9,72,0.9941,2.95,0.49,9.1,6
"2547",7.7,0.39,0.49,7.7,0.036,11,110,0.9966,3.33,0.76,10,6
"2551",7,0.24,0.3,12.3,0.035,72,172,0.9954,2.99,0.57,10.4,6
"2553",9.4,0.24,0.29,8.5,0.037,124,208,0.99395,2.9,0.38,11,3
"2573",6.4,0.5,0.2,2.4,0.059,19,112,0.99314,3.18,0.4,9.2,6
"2585",6.6,0.19,0.28,1.1,0.044,38,100,0.9904,3.22,0.69,11.2,6
"2587",7.4,0.25,0.36,13.2,0.067,53,178,0.9976,3.01,0.48,9,6
"2588",6,0.19,0.29,1.1,0.047,67,152,0.9916,3.54,0.59,11.1,7
"2596",7.2,0.31,0.35,7.2,0.046,45,178,0.9955,3.14,0.53,9.7,5
"2601",6.2,0.23,0.36,17.2,0.039,37,130,0.99946,3.23,0.43,8.8,6
"2605",6.2,0.23,0.23,1.2,0.018,18,128,0.99178,3.05,0.28,10.6,5
"2606",6,0.29,0.27,2.3,0.044,20,117,0.9895,3.31,0.41,12.7,7
"2611",6.3,0.13,0.42,1.1,0.043,63,146,0.99066,3.13,0.72,11.2,7
"2618",7.3,0.14,0.49,1.1,0.038,28,99,0.9928,3.2,0.72,10.6,6
"2619",6.3,0.3,0.28,5,0.042,36,168,0.99505,3.22,0.69,9.5,6
"2626",6.4,0.16,0.22,1.4,0.04,41,149,0.9933,3.49,0.58,10,6
"2633",6.7,0.15,0.38,1.7,0.037,20,84,0.99046,3.09,0.53,11.4,6
"2634",8.1,0.29,0.49,7.1,0.042,22,124,0.9944,3.14,0.41,10.8,6
"2641",7.4,0.22,0.33,2,0.045,31,101,0.9931,3.42,0.55,11.4,5
"2649",7.8,0.25,0.37,1,0.043,10,80,0.99128,3.08,0.38,11.4,5
"2650",5.6,0.35,0.37,1,0.038,6,72,0.9902,3.37,0.34,11.4,5
"2652",7.8,0.25,0.41,3.7,0.042,37,149,0.9954,3.36,0.45,10,6
"2657",8.2,0.42,0.29,4.1,0.03,31,100,0.9911,3,0.32,12.8,7
"2659",7.3,0.22,0.26,1.5,0.04,32,172,0.99194,3.27,0.48,11.2,6
"2665",7.5,0.18,0.45,4.6,0.041,67,158,0.9927,3.01,0.38,10.6,6
"2666",6.2,0.26,0.2,8,0.047,35,111,0.99445,3.11,0.42,10.4,6
"2668",6.8,0.18,0.35,5.4,0.054,53,143,0.99287,3.1,0.54,11,7
"2673",6.6,0.2,0.38,7.9,0.052,30,145,0.9947,3.32,0.56,11,7
"2679",8.2,0.35,0.4,6.3,0.039,35,162,0.9936,3.15,0.34,11.9,7
"2685",5.9,0.36,0.04,5.7,0.046,21,87,0.9934,3.22,0.51,10.2,5
"2686",5.6,0.32,0.32,8.3,0.043,32,105,0.99266,3.24,0.47,11.2,6
"2689",6.6,0.21,0.36,0.8,0.034,48,113,0.99165,3.24,0.68,10.5,6
"2690",7,0.31,0.29,1.4,0.037,33,128,0.9896,3.12,0.36,12.2,7
"2691",5.6,0.12,0.26,4.3,0.038,18,97,0.99477,3.36,0.46,9.2,5
"2702",7.2,0.25,0.39,18.95,0.038,42,155,0.9999,2.97,0.47,9,6
"2703",8.7,0.22,0.42,2.3,0.053,27,114,0.994,2.99,0.43,10,5
"2704",6.3,0.23,0.21,5.1,0.035,29,142,0.9942,3.36,0.33,10.1,7
"2707",6.1,0.15,0.29,6.2,0.046,39,151,0.99471,3.6,0.44,10.6,6
"2710",7.5,0.305,0.4,18.9,0.059,44,170,1,2.99,0.46,9,5
"2711",6.5,0.32,0.23,8.5,0.051,20,138,0.9943,3.03,0.42,10.7,5
"2713",6.4,0.31,0.5,5.8,0.038,42,111,0.99189,3.18,0.53,11.9,7
"2718",7.4,0.29,0.48,12.8,0.037,61.5,182,0.99808,3.02,0.34,8.8,5
"2721",6.7,0.11,0.34,8.8,0.043,41,113,0.9962,3.42,0.4,9.3,7
"2730",6.9,0.28,0.41,1.4,0.016,6,55,0.98876,3.16,0.4,13.4,5
"2734",6.8,0.26,0.24,1.9,0.043,70,154,0.99273,3.18,0.52,10.5,5
"2739",7.2,0.21,0.41,1.3,0.036,33,85,0.992,3.17,0.51,10.4,5
"2742",7.2,0.21,0.36,15.7,0.045,68,183,0.99922,3.25,0.76,9.4,5
"2752",6.1,0.6,0,1.3,0.042,24,79,0.9937,3.31,0.38,9.4,4
"2762",6.7,0.31,0.3,2.1,0.038,18,130,0.9928,3.36,0.63,10.6,6
"2770",5.9,0.13,0.28,1.9,0.05,20,78,0.9918,3.43,0.64,10.8,6
"2776",6.5,0.22,0.19,1.1,0.064,36,191,0.99297,3.05,0.5,9.5,6
"2778",6.4,0.16,0.31,5.3,0.043,42,157,0.99455,3.35,0.47,10.5,5
"2789",7,0.21,0.22,5.1,0.048,38,168,0.9945,3.34,0.49,10.4,6
"2792",7.1,0.3,0.46,1.5,0.066,29,133,0.9906,3.12,0.54,12.7,6
"2801",6.6,0.56,0.22,8.9,0.034,27,133,0.99675,3.2,0.51,9.1,5
"2802",6.8,0.37,0.67,1.5,0.175,16,98,0.99244,3.06,0.56,10.3,6
"2805",7.4,0.29,0.29,1.6,0.045,53,180,0.9936,3.34,0.68,10.5,6
"2810",6.8,0.15,0.41,12.9,0.044,79.5,183,0.99742,3.24,0.78,10.2,6
"2814",7.7,0.44,0.24,11.2,0.031,41,167,0.9948,3.12,0.43,11.3,7
"2821",5.9,0.22,0.45,22.6,0.12,55,122,0.99636,3.1,0.35,12.8,5
"2824",6.2,0.23,0.35,0.7,0.051,24,111,0.9916,3.37,0.43,11,3
"2825",6.9,0.2,0.36,1.5,0.031,38,147,0.9931,3.35,0.56,11,6
"2832",7.7,0.27,0.49,1.8,0.041,23,86,0.9914,3.16,0.42,12.5,6
"2834",9.2,0.25,0.34,1.2,0.026,31,93,0.9916,2.93,0.37,11.3,7
"2840",7.6,0.2,0.34,1.8,0.041,42,148,0.99335,3.35,0.66,11.1,6
"2845",5.7,0.23,0.28,9.65,0.025,26,121,0.9925,3.28,0.38,11.3,6
"2849",7.8,0.3,0.37,1.3,0.051,16,96,0.9941,3.32,0.62,10,5
"2855",6.4,0.32,0.27,4.9,0.034,18,122,0.9916,3.36,0.71,12.5,6
"2859",7.3,0.24,0.3,2.5,0.042,31,104,0.9911,3.05,0.56,11.3,7
"2866",6.4,0.16,0.37,1.5,0.037,27,109,0.99345,3.38,0.5,9.8,6
"2885",6.4,0.27,0.17,8.4,0.044,60,198,0.99578,3.21,0.47,9.4,5
"2886",6.8,0.18,0.3,12.8,0.062,19,171,0.99808,3,0.52,9,7
"2895",5.7,0.22,0.22,16.65,0.044,39,110,0.99855,3.24,0.48,9,6
"2904",7,0.24,0.35,1.5,0.052,51,128,0.9941,3.41,0.59,10.4,7
"2907",6.4,0.28,0.28,3,0.04,19,98,0.99216,3.25,0.47,11.1,6
"2909",6.4,0.2,0.32,3.1,0.041,18,126,0.9914,3.43,0.42,12,6
"2910",7.1,0.39,0.3,9.9,0.037,29,124,0.99414,3.07,0.42,10.9,6
"2911",6.2,0.36,0.45,10.4,0.06,22,184,0.99711,3.31,0.56,9.8,6
"2917",7.7,0.28,0.63,11.1,0.039,58,179,0.9979,3.08,0.44,8.8,4
"2927",5.9,0.34,0.25,2,0.042,12,110,0.99034,3.02,0.54,11.4,6
"2930",6.7,0.26,0.49,8.1,0.052,48,197,0.99558,3.19,0.48,9.5,5
"2932",7.1,0.55,0.13,1.7,0.073,21,165,0.994,2.97,0.58,9.2,6
"2933",6.8,0.34,0.36,8.9,0.029,44,128,0.99318,3.28,0.35,11.95,7
"2934",6.4,0.22,0.32,7.2,0.028,15,83,0.993,3.13,0.55,10.9,8
"2935",7.5,0.33,0.38,8.7,0.126,49,199,0.99711,2.98,0.57,9.4,5
"2936",6.8,0.23,0.29,15.4,0.073,56,173,0.9984,3.06,0.41,8.7,6
"2938",6.6,0.16,0.34,1.1,0.037,41,115,0.9899,3.01,0.68,12,6
"2949",9.2,0.71,0.23,6.2,0.042,15,93,0.9948,2.89,0.34,10.1,6
"2951",6.9,0.3,0.21,7.2,0.045,54,190,0.99595,3.22,0.48,9.4,5
"2962",7.8,0.43,0.49,13,0.033,37,158,0.9955,3.14,0.35,11.3,6
"2967",6.5,0.16,0.34,1.4,0.029,29,133,0.99108,3.33,0.64,11.5,7
"2975",6,0.2,0.38,1.3,0.034,37,104,0.98865,3.11,0.52,12.7,6
"2989",5.4,0.15,0.32,2.5,0.037,10,51,0.98878,3.04,0.58,12.6,6
"2996",7.5,0.42,0.34,4.3,0.04,34,108,0.99155,3.14,0.45,12.8,8
"3003",6.4,0.15,0.36,1.8,0.034,43,150,0.9922,3.42,0.69,11,8
"3027",5.7,0.32,0.38,4.75,0.033,23,94,0.991,3.42,0.42,11.8,7
"3034",7.6,0.18,0.28,7.1,0.041,29,110,0.99652,3.2,0.42,9.2,6
"3035",6.3,0.33,0.42,17.2,0.037,57,170,0.99884,3.26,0.57,9.4,6
"3041",5.7,0.27,0.16,9,0.053,32,111,0.99474,3.36,0.37,10.4,6
"3044",5.8,0.19,0.33,4.2,0.038,49,133,0.99107,3.16,0.42,11.3,7
"3046",7.3,0.19,0.27,13.9,0.057,45,155,0.99807,2.94,0.41,8.8,8
"3055",6.6,0.42,0.33,2.8,0.034,15,85,0.99,3.28,0.51,13.4,6
"3063",7,0.33,0.32,1.2,0.053,38,138,0.9906,3.13,0.28,11.2,6
"3071",7.2,0.4,0.38,2.2,0.03,40,109,0.99075,3.27,0.46,12.6,6
"3072",6.9,0.26,0.29,4.2,0.043,33,114,0.9902,3.16,0.31,12.5,6
"3073",5.4,0.53,0.16,2.7,0.036,34,128,0.98856,3.2,0.53,13.2,8
"3074",8.7,0.23,0.32,13.4,0.044,35,169,0.99975,3.12,0.47,8.8,7
"3075",7.3,0.23,0.41,14.6,0.048,73,223,0.99863,3.16,0.71,9.4,6
"3077",6,0.31,0.38,4.8,0.04,41,101,0.98968,3.24,0.56,13.1,6
"3080",7,0.61,0.26,1.7,0.051,25,161,0.9946,3.36,0.6,10.6,4
"3086",6.5,0.14,0.33,7.6,0.05,53,189,0.9966,3.25,0.49,8.6,5
"3094",6.3,0.18,0.36,1.2,0.034,26,111,0.99074,3.16,0.51,11,6
"3096",7.1,0.17,0.43,1.3,0.023,33,132,0.99067,3.11,0.56,11.7,6
"3099",5.7,0.25,0.27,10.8,0.05,58,116,0.99592,3.1,0.5,9.8,6
"3100",6.5,0.28,0.26,8.8,0.04,44,139,0.9956,3.32,0.37,10.2,6
"3108",7.5,0.26,0.26,18.35,0.084,33,139,1.0011,3.17,0.39,8.8,5
"3111",6.9,0.25,0.35,9.2,0.034,42,150,0.9947,3.21,0.36,11.5,6
"3112",7.1,0.42,0.2,2.8,0.038,28,109,0.98968,3.23,0.47,13.4,6
"3113",7.6,0.27,0.29,2.5,0.059,37,115,0.99328,3.09,0.37,9.8,5
"3124",7.4,0.27,0.31,2.4,0.014,15,143,0.99094,3.03,0.65,12,4
"3138",7.1,0.18,0.42,1.4,0.045,47,157,0.9916,2.95,0.31,10.5,6
"3150",6.8,0.39,0.34,7.4,0.02,38,133,0.99212,3.18,0.44,12,7
"3154",6.6,0.4,0.46,6.2,0.056,42,241,0.9968,3.5,0.6,9.9,5
"3168",6.7,0.2,0.42,14,0.038,83,160,0.9987,3.16,0.5,9.4,6
"3171",8.5,0.32,0.36,14.9,0.041,47,190,0.9982,3.08,0.31,10,6
"3177",6.6,0.22,0.36,5.5,0.029,30,105,0.99206,3.2,0.47,11.8,6
"3181",5.6,0.34,0.1,1.3,0.031,20,68,0.9906,3.36,0.51,11.2,7
"3183",6.3,0.19,0.21,1.8,0.049,35,163,0.9924,3.31,0.5,10.3,6
"3198",5,0.27,0.32,4.5,0.032,58,178,0.98956,3.45,0.31,12.6,7
"3206",5.3,0.43,0.11,1.1,0.029,6,51,0.99076,3.51,0.48,11.2,4
"3208",8.6,0.55,0.35,15.55,0.057,35.5,366.5,1.0001,3.04,0.63,11,3
"3209",5.8,0.18,0.37,1.2,0.036,19,74,0.98853,3.09,0.49,12.7,7
"3227",7.4,0.27,0.48,1.1,0.047,17,132,0.9914,3.19,0.49,11.6,6
"3235",5.1,0.39,0.21,1.7,0.027,15,72,0.9894,3.5,0.45,12.5,6
"3237",7.9,0.51,0.36,6.2,0.051,30,173,0.9984,3.09,0.53,9.7,5
"3238",6.6,0.18,0.28,1.7,0.041,53,161,0.99207,3.13,0.45,10.2,6
"3241",7.2,0.34,0.23,8.9,0.105,22,155,0.99692,3.01,0.58,9.5,5
"3243",7,0.17,0.31,4.8,0.034,34,132,0.9944,3.36,0.48,9.6,7
"3248",7.5,0.15,0.38,1.8,0.054,19,101,0.9946,3.24,0.44,10,5
"3250",6.1,0.15,0.29,6.2,0.046,39,151,0.99471,3.6,0.44,10.6,6
"3253",6.4,0.23,0.3,7.1,0.037,63,236,0.9952,3.06,0.34,9.2,6
"3261",5.2,0.155,0.33,1.6,0.028,13,59,0.98975,3.3,0.84,11.9,8
"3268",6.1,0.17,0.28,2.5,0.028,22,98,0.99072,3.16,0.37,11.1,7
"3269",7.5,0.17,0.37,1.5,0.06,18,75,0.9936,3.54,0.88,10.7,5
"3270",6.7,0.28,0.42,3.5,0.035,43,105,0.99021,3.18,0.38,12.2,6
"3274",7.1,0.34,0.49,1.5,0.027,26,126,0.99,3.3,0.33,12.2,7
"3278",7.2,0.39,0.63,11,0.044,55,156,0.9974,3.09,0.44,8.7,6
"3279",6.1,0.37,0.46,12,0.042,61,210,0.997,3.17,0.59,9.7,6
"3285",5.5,0.19,0.27,0.9,0.04,52,103,0.99026,3.5,0.39,11.2,5
"3289",6.9,0.22,0.28,7.8,0.05,43,116,0.99326,3.22,0.6,11.5,8
"3295",6.8,0.26,0.29,16.95,0.056,48,179,0.9998,3.45,0.4,9.6,5
"3299",6.2,0.19,0.38,5.1,0.019,22,82,0.98961,3.05,0.36,12.5,6
"3312",6.5,0.32,0.45,7.7,0.022,31,97,0.99134,3.2,0.7,12.7,7
"3313",6.8,0.27,0.24,4.6,0.098,36,127,0.99412,3.15,0.49,9.6,6
"3317",6.8,0.26,0.22,7.7,0.047,57,210,0.9959,3.1,0.47,9,5
"3319",6.9,0.31,0.34,7.4,0.059,36,174,0.9963,3.46,0.62,11.1,7
"3320",5.3,0.36,0.27,6.3,0.028,40,132,0.99186,3.37,0.4,11.6,6
"3321",6.9,0.23,0.32,16.4,0.045,62,153,0.9972,3.22,0.42,10.5,5
"3330",7.3,0.3,0.74,13.5,0.039,46,165,0.9982,3.02,0.4,8.7,5
"3351",7.3,0.17,0.36,8.2,0.028,44,111,0.99272,3.14,0.41,12.4,6
"3361",6.4,0.12,0.49,6.4,0.042,49,161,0.9945,3.34,0.44,10.4,6
"3369",6.3,0.2,0.26,4.7,0.04,108,168,0.99278,3.07,0.75,10.7,7
"3370",6.9,0.19,0.28,3,0.054,33,99,0.9924,3.16,0.4,10.8,6
"3372",6.2,0.27,0.43,7.8,0.056,48,244,0.9956,3.1,0.51,9,6
"3375",5.7,0.2,0.3,2.5,0.046,38,125,0.99276,3.34,0.5,9.9,6
"3376",7.6,0.35,0.46,14.7,0.047,33,151,0.99709,3.03,0.53,10.3,5
"3385",7.3,0.21,0.29,1.6,0.034,29,118,0.9917,3.3,0.5,11,8
"3397",6.7,0.25,0.36,8.6,0.037,63,206,0.99553,3.18,0.5,9.6,5
"3399",7.7,0.24,0.3,1.4,0.041,15,102,0.9929,3.26,0.53,10.4,6
"3400",6.5,0.28,0.34,3.6,0.04,29,121,0.99111,3.28,0.48,12.1,7
"3411",6.1,0.32,0.24,1.5,0.036,38,124,0.9898,3.29,0.42,12.4,7
"3415",6.5,0.27,0.19,4.2,0.046,6,114,0.9955,3.25,0.35,8.6,4
"3422",7.4,0.24,0.26,1.6,0.058,53,150,0.9936,3.18,0.5,9.9,7
"3439",8.4,0.22,0.28,18.8,0.028,55,130,0.998,2.96,0.35,11.6,5
"3440",7.3,0.36,0.54,13.3,0.054,63,193,0.99864,3.06,0.49,8.6,4
"3441",7,0.28,0.33,14.6,0.043,47,168,0.9994,3.34,0.67,8.8,6
"3452",6.8,0.26,0.29,11.9,0.052,54,160,0.99546,3.03,0.58,10.4,6
"3460",7.8,0.4,0.49,7.8,0.06,34,162,0.9966,3.26,0.58,11.3,6
"3464",7,0.36,0.32,10.5,0.045,35,135,0.9935,3.09,0.33,11.6,8
"3476",6.4,0.41,0.01,6.1,0.048,20,70,0.99362,3.19,0.42,10,5
"3482",6.6,0.35,0.29,14.4,0.044,54,177,0.9991,3.17,0.58,8.9,6
"3483",6.4,0.21,0.28,5.9,0.047,29,101,0.99278,3.15,0.4,11,6
"3487",5.7,0.18,0.26,2.2,0.023,21,95,0.9893,3.07,0.54,12.3,6
"3497",6.4,0.33,0.28,4,0.04,24,81,0.9903,3.26,0.64,12.6,7
"3504",5.7,0.28,0.36,1.8,0.041,38,90,0.99002,3.27,0.98,11.9,7
"3513",8.2,0.22,0.3,1.8,0.047,47,185,0.9933,3.13,0.5,10.2,6
"3515",6.7,0.28,0.28,2.4,0.012,36,100,0.99064,3.26,0.39,11.7,7
"3525",5.5,0.14,0.27,4.6,0.029,22,104,0.9949,3.34,0.44,9,5
"3526",7.3,0.25,0.36,13.1,0.05,35,200,0.9986,3.04,0.46,8.9,7
"3536",6.5,0.33,0.3,3.8,0.036,34,88,0.99028,3.25,0.63,12.5,7
"3543",7.5,0.32,0.26,1.8,0.042,13,133,0.9938,3.07,0.38,9.5,5
"3548",6.3,0.14,0.39,1.2,0.044,26,116,0.992,3.26,0.53,10.3,6
"3552",9.3,0.31,0.49,1.3,0.042,34,147,0.9948,3.11,0.46,9.8,5
"3553",6.5,0.44,0.49,7.7,0.045,16,169,0.9957,3.11,0.37,8.7,6
"3554",6.4,0.21,0.3,5.6,0.044,43,160,0.9949,3.6,0.41,10.6,6
"3559",7,0.23,0.42,18.05,0.05,35,144,0.9999,3.22,0.42,8.8,5
"3560",6.8,0.32,0.23,3.3,0.026,31,99,0.9896,3.1,0.4,12.4,6
"3561",7.8,0.31,0.4,1.6,0.027,20,87,0.9911,3.15,0.48,11.9,6
"3563",6.1,0.32,0.28,6.6,0.021,29,132,0.99188,3.15,0.36,11.45,7
"3580",5.9,0.21,0.28,4.6,0.053,40,199,0.9964,3.72,0.7,10,4
"3582",7.2,0.21,0.37,1.6,0.049,23,94,0.9924,3.16,0.48,10.9,7
"3584",6.6,0.24,0.28,1.8,0.028,39,132,0.99182,3.34,0.46,11.4,5
"3600",6.7,0.24,0.41,9.4,0.04,49,166,0.9954,3.12,0.61,9.9,6
"3601",7,0.2,0.49,5.9,0.038,39,128,0.9938,3.21,0.48,10.8,6
"3602",6.8,0.35,0.32,2.4,0.048,35,103,0.9911,3.28,0.46,12,8
"3608",7.1,0.33,0.64,13.2,0.056,12,105,0.9972,3.05,0.39,9.2,5
"3609",6.3,0.25,0.44,1.7,0.024,36,116,0.98935,3.18,0.4,12.5,6
"3615",6.3,0.29,0.23,14.2,0.037,24,99,0.99528,3.08,0.38,10.6,6
"3619",7.5,0.34,0.35,6,0.034,12,126,0.9924,3.16,0.39,12,7
"3623",7,0.32,0.35,1.5,0.039,24,125,0.9918,3.17,0.64,12.2,6
"3624",7.3,0.17,0.23,6.3,0.051,35,240,0.9963,3.36,0.54,10,6
"3626",7,0.36,0.14,11.6,0.043,35,228,0.9977,3.13,0.51,8.9,5
"3628",7.7,0.3,0.34,1.2,0.048,4,119,0.99084,3.18,0.34,12.1,6
"3643",7.6,0.2,0.26,4.5,0.086,37,133,0.9963,3.15,0.42,9.2,5
"3655",6.9,0.23,0.41,8,0.03,30,114,0.99368,3.22,0.54,11,6
"3658",6.5,0.39,0.81,1.2,0.217,14,74,0.9936,3.08,0.53,9.5,5
"3659",7.3,0.27,0.37,9.7,0.042,36,130,0.9979,3.48,0.75,9.9,6
"3662",6.8,0.35,0.44,6.5,0.056,31,161,0.9952,3.14,0.44,9.5,5
"3663",6.5,0.25,0.27,17.4,0.064,29,140,0.99776,3.2,0.49,10.1,6
"3664",7,0.35,0.31,1.8,0.069,15,162,0.9944,3.18,0.47,9.4,5
"3665",6.1,0.27,0.31,3.9,0.034,42,137,0.99218,3.24,0.46,10.9,6
"3667",6.6,0.18,0.26,17.3,0.051,17,149,0.9984,3,0.43,9.4,6
"3671",6.4,0.28,0.43,7.1,0.045,60,221,0.9952,3.09,0.45,9.4,6
"3674",6.2,0.12,0.26,5.7,0.044,56,158,0.9951,3.52,0.37,10.5,6
"3679",6.7,0.44,0.31,1.9,0.03,41,104,0.99,3.29,0.62,12.6,7
"3680",6.4,0.18,0.32,9.6,0.052,24,90,0.9963,3.35,0.49,9.4,6
"3682",6.6,0.32,0.26,7.7,0.054,56,209,0.9961,3.17,0.45,8.8,5
"3687",6.3,0.25,0.53,1.8,0.021,41,101,0.989315,3.19,0.31,13,6
"3692",7.4,0.25,0.49,1.1,0.042,35,156,0.9917,3.13,0.55,11.3,5
"3694",6.2,0.35,0.2,18.1,0.069,33,158,0.99908,3.15,0.5,8.8,6
"3698",6.6,0.26,0.36,1.2,0.035,43,126,0.99094,3.01,0.63,11.4,6
"3713",7.7,0.23,0.31,10.7,0.038,59,186,0.9969,3.12,0.55,9.5,6
"3721",6.4,0.31,0.4,6.2,0.04,46,169,0.9953,3.15,0.46,9.3,6
"3725",7.8,0.22,0.26,9,0.047,38,132,0.997,3.25,0.53,10.2,6
"3729",5.7,0.22,0.2,16,0.044,41,113,0.99862,3.22,0.46,8.9,6
"3731",6.5,0.37,0.3,2.2,0.033,39,107,0.98894,3.22,0.53,13.5,7
"3737",6.3,0.27,0.25,5.8,0.038,52,155,0.995,3.28,0.38,9.4,6
"3745",8.2,0.34,0.49,8,0.046,55,223,0.996,3.08,0.52,10.7,6
"3748",6.8,0.21,0.74,1.2,0.047,25,111,0.9916,3.13,0.41,10.7,6
"3750",7.4,0.31,0.48,14.2,0.042,62,204,0.9983,3.06,0.59,9.4,5
"3757",6.3,0.23,0.49,7.1,0.05,67,210,0.9951,3.23,0.34,9.5,5
"3758",8,0.24,0.33,1.2,0.044,28,101,0.99035,3.03,0.43,12.5,6
"3760",6.1,0.28,0.23,4.2,0.038,13,95,0.98898,2.97,0.7,13.1,6
"3771",6.1,0.16,0.37,1.1,0.031,37,97,0.9922,3.4,0.58,10.5,6
"3772",6.3,0.16,0.4,1.6,0.033,59,148,0.9914,3.44,0.53,11.4,5
"3779",8.2,0.26,0.49,5.2,0.04,19,100,0.9941,3.12,0.34,10.1,6
"3801",6.5,0.19,0.1,1.3,0.046,23,107,0.9937,3.29,0.45,10,5
"3803",7.3,0.17,0.36,8.2,0.028,44,111,0.99272,3.14,0.41,12.4,6
"3813",6.3,0.37,0.28,6.3,0.034,45,152,0.9921,3.29,0.46,11.6,7
"3817",7.1,0.31,0.17,1,0.042,21,144,0.99304,3.13,0.4,9.6,5
"3820",6.2,0.22,0.49,6,0.029,31,128,0.9928,3.41,0.36,11.3,8
"3825",7.6,0.27,0.24,3.8,0.058,19,115,0.9958,3.15,0.45,8.9,5
"3832",8,0.55,0.42,12.6,0.211,37,213,0.9988,2.99,0.56,9.3,5
"3833",5.8,0.28,0.35,2.3,0.053,36,114,0.9924,3.28,0.5,10.2,4
"3836",6.8,0.21,0.26,11.7,0.038,61,152,0.99523,3.02,0.56,10.5,7
"3843",6.6,0.25,0.31,1.5,0.035,32,127,0.9921,3.41,0.47,11.3,6
"3845",7.1,0.26,0.32,16.2,0.044,31,170,0.99644,3.17,0.37,11.2,5
"3855",6.9,0.32,0.16,1.4,0.051,15,96,0.994,3.22,0.38,9.5,4
"3859",6.1,0.3,0.56,2.8,0.044,47,179,0.9924,3.3,0.57,10.9,7
"3861",5.2,0.36,0.02,1.6,0.031,24,104,0.9896,3.44,0.35,12.2,6
"3864",6.7,0.12,0.36,2.3,0.039,43,125,0.99229,3.07,0.67,10.1,7
"3868",6.3,0.27,0.51,7.6,0.049,35,200,0.99548,3.16,0.54,9.4,4
"3876",6.6,0.33,0.24,16.05,0.045,31,147,0.99822,3.08,0.52,9.2,5
"3882",7,0.21,0.28,8.7,0.045,37,222,0.9954,3.25,0.54,10.4,6
"3883",6.1,0.34,0.29,2.2,0.036,25,100,0.98938,3.06,0.44,11.8,6
"3891",7.5,0.29,0.26,14.95,0.067,47,178,0.99838,3.04,0.49,9.2,4
"3897",8.4,0.58,0.27,12.15,0.033,37,116,0.9959,2.99,0.39,10.8,6
"3903",6.8,0.18,0.28,1.1,0.027,32,112,0.99089,3.15,0.45,11,7
"3906",6.4,0.145,0.49,5.4,0.048,54,164,0.9946,3.56,0.44,10.8,6
"3909",6.1,0.28,0.24,19.95,0.074,32,174,0.99922,3.19,0.44,9.3,6
"3910",6.4,0.22,0.34,1.4,0.023,56,115,0.98958,3.18,0.7,11.7,6
"3911",7.4,0.19,0.3,12.8,0.053,48.5,229,0.9986,3.14,0.49,9.1,7
"3914",6.4,0.45,0.07,1.1,0.03,10,131,0.9905,2.97,0.28,10.8,5
"3917",6.1,0.16,0.29,6,0.03,29,144,0.99474,3.68,0.46,10.7,6
"3918",7.1,0.12,0.3,3.1,0.018,15,37,0.99004,3.02,0.52,11.9,7
"3920",8.1,0.26,0.3,7.8,0.049,39,152,0.9954,2.99,0.58,10,6
"3922",6.9,0.28,0.4,8.2,0.036,15,95,0.9944,3.17,0.33,10.2,5
"3924",6.9,0.2,0.4,7.7,0.032,51,176,0.9939,3.22,0.27,11.4,5
"3932",7.1,0.47,0.24,6,0.044,11,77,0.9956,3.21,0.56,9.7,5
"3950",6.6,0.325,0.49,7.7,0.049,53,217,0.996,3.16,0.4,9.3,5
"3967",6.2,0.28,0.33,1.7,0.029,24,111,0.99,3.24,0.5,12.1,6
"3972",7.2,0.44,0.28,3.4,0.048,22,112,0.99188,3.21,0.37,11.3,7
"3976",6.6,0.56,0.16,3.1,0.045,28,92,0.994,3.12,0.35,9.1,6
"3982",7.4,0.34,0.3,14.9,0.037,70,169,0.99698,3.25,0.37,10.4,6
"3984",7.2,0.23,0.39,1.5,0.053,26,106,0.99166,3.18,0.47,11.1,6
"3985",7.4,0.19,0.3,12.8,0.053,48.5,229,0.9986,3.14,0.49,9.1,7
"4001",7.5,0.18,0.37,6.2,0.05,21,138,0.99546,3.2,0.55,10.5,6
"4008",8.2,0.42,0.29,4.1,0.03,31,100,0.9911,3,0.32,12.8,7
"4009",5.9,0.29,0.16,7.9,0.044,48,197,0.99512,3.21,0.36,9.4,5
"4010",5.9,0.25,0.24,7.4,0.044,21,113,0.99462,3.38,0.58,10.5,6
"4013",7,0.31,0.31,9.1,0.036,45,140,0.99216,2.98,0.31,12,7
"4030",7.2,0.27,0.28,15.2,0.046,6,41,0.99665,3.17,0.39,10.9,6
"4041",6.2,0.31,0.21,6.3,0.041,50,218,0.9941,3.15,0.6,10,5
"4044",8.2,0.18,0.49,1.1,0.033,28,81,0.9923,3,0.68,10.4,7
"4046",14.2,0.27,0.49,1.1,0.037,33,156,0.992,3.15,0.54,11.1,6
"4049",6.3,0.32,0.32,1.5,0.03,24,101,0.98923,3.21,0.42,13,5
"4054",6.3,0.43,0.32,8.8,0.042,18,106,0.99172,3.28,0.33,12.9,7
"4055",6.8,0.13,0.39,1.4,0.034,19,102,0.99121,3.23,0.6,11.3,7
"4057",7.5,0.21,0.68,10.9,0.045,38,133,0.9978,3,0.36,8.7,5
"4065",8.1,0.28,0.4,6.9,0.05,30,97,0.9951,3.26,0.44,10.1,6
"4067",5.7,0.18,0.36,1.2,0.046,9,71,0.99199,3.7,0.68,10.9,7
"4073",7,0.3,0.51,13.6,0.05,40,168,0.9976,3.07,0.52,9.6,7
"4074",5.7,0.335,0.34,1,0.04,13,174,0.992,3.27,0.66,10,5
"4078",7.9,0.33,0.28,31.6,0.053,35,176,1.0103,3.15,0.38,8.8,6
"4086",6.4,0.4,0.19,3.2,0.033,28,124,0.9904,3.22,0.54,12.7,7
"4087",7.1,0.24,0.34,1.2,0.045,6,132,0.99132,3.16,0.46,11.2,4
"4093",7,0.45,0.34,19.8,0.04,12,67,0.9976,3.07,0.38,11,6
"4099",5.2,0.17,0.27,0.7,0.03,11,68,0.99218,3.3,0.41,9.8,5
"4102",7.5,0.41,0.23,14.8,0.054,28,174,0.99898,3.18,0.49,9.7,5
"4104",7.2,0.08,0.49,1.3,0.05,18,148,0.9945,3.46,0.44,10.2,6
"4105",7,0.23,0.26,7.2,0.041,21,90,0.99509,3.22,0.55,9.5,6
"4107",6,0.39,0.17,12,0.046,65,246,0.9976,3.15,0.38,9,6
"4111",5.2,0.44,0.04,1.4,0.036,43,119,0.9894,3.36,0.33,12.1,8
"4114",6.5,0.26,0.34,1.4,0.04,25,184,0.99216,3.29,0.46,10.7,5
"4122",6.1,0.29,0.27,1.7,0.024,13,76,0.9893,3.21,0.51,12.6,7
"4130",7.3,0.29,0.37,8.3,0.044,45,227,0.9966,3.12,0.47,9,5
"4137",6.1,0.3,0.3,2.1,0.031,50,163,0.9895,3.39,0.43,12.7,7
"4141",7.6,0.16,0.44,1.4,0.043,25,109,0.9932,3.11,0.75,10.3,6
"4142",7,0.34,0.26,10.3,0.041,51,166,0.99382,3.08,0.35,11.6,6
"4144",5.6,0.41,0.24,1.9,0.034,10,53,0.98815,3.32,0.5,13.5,7
"4147",7,0.16,0.25,14.3,0.044,27,149,0.998,2.91,0.46,9.2,6
"4148",6.7,0.25,0.13,1.2,0.041,81,174,0.992,3.14,0.42,9.8,5
"4151",6.3,0.32,0.26,12,0.049,63,170,0.9961,3.14,0.55,9.9,6
"4155",5.7,0.135,0.3,4.6,0.042,19,101,0.9946,3.31,0.42,9.3,6
"4159",11.8,0.23,0.38,11.1,0.034,15,123,0.9997,2.93,0.55,9.7,3
"4161",6.9,0.19,0.33,1.6,0.043,63,149,0.9925,3.44,0.52,10.8,5
"4165",8,0.27,0.24,1.2,0.044,20,102,0.9929,3.28,0.42,10.9,5
"4198",8,0.3,0.36,11,0.034,8,70,0.99354,3.05,0.41,12.2,6
"4205",5.7,0.15,0.28,3.7,0.045,57,151,0.9913,3.22,0.27,11.2,6
"4214",7,0.23,0.28,2.7,0.053,16,92,0.99372,3.18,0.56,9.3,5
"4221",6.1,0.19,0.25,4,0.023,23,112,0.9923,3.37,0.51,11.6,6
"4225",7.2,0.4,0.24,8.5,0.055,45,151,0.99626,3.2,0.52,9.2,5
"4229",7.5,0.705,0.1,13,0.044,44,214,0.99741,3.1,0.5,9.1,5
"4255",5.7,0.265,0.28,6.9,0.036,46,150,0.99299,3.36,0.44,10.8,7
"4256",6.4,0.24,0.49,5.8,0.053,25,120,0.9942,3.01,0.98,10.5,6
"4270",7.2,0.31,0.46,5,0.04,3,29,0.9906,3.04,0.53,12.5,4
"4273",8.3,0.2,0.49,1.7,0.04,34,169,0.9938,3.05,0.37,10.1,5
"4274",6.3,0.39,0.35,5.9,0.04,82.5,260,0.9941,3.12,0.66,10.1,5
"4284",5.2,0.22,0.46,6.2,0.066,41,187,0.99362,3.19,0.42,9.73333333333333,5
"4305",6.7,0.64,0.3,1.2,0.03,18,76,0.9892,3.16,0.6,12.9,4
"4309",6.6,0.25,0.51,8,0.047,61,189,0.99604,3.22,0.49,9.2,5
"4310",6.5,0.315,0.2,6.6,0.041,9,126,0.99494,2.94,0.51,8.8,5
"4311",6.9,0.49,0.24,1.2,0.049,13,125,0.9932,3.17,0.51,9.4,5
"4314",6.8,0.26,0.43,11.75,0.045,53,198,0.9969,3.26,0.55,9.5,5
"4319",7.4,0.2,0.37,16.95,0.048,43,190,0.9995,3.03,0.42,9.2,6
"4331",7.2,0.32,0.4,8.7,0.038,45,154,0.99568,3.2,0.47,10.4,6
"4334",6.6,0.25,0.3,14.4,0.052,40,183,0.998,3.02,0.5,9.1,6
"4341",6,0.28,0.27,15.5,0.036,31,134,0.99408,3.19,0.44,13,7
"4343",8.7,0.23,0.32,13.4,0.044,35,169,0.99975,3.12,0.47,8.8,7
"4346",6.2,0.21,0.26,13.1,0.05,59,150,0.99772,3.31,0.46,9,5
"4349",7,0.27,0.48,6.1,0.042,60,184,0.99566,3.2,0.5,9.4,6
"4364",6.7,0.31,0.44,6.7,0.054,29,160,0.9952,3.04,0.44,9.6,5
"4369",6.7,0.4,0.22,8.8,0.052,24,113,0.99576,3.22,0.45,9.4,5
"4372",5.6,0.27,0.37,0.9,0.025,11,49,0.98845,3.29,0.33,13.1,6
"4380",6.8,0.22,0.29,8.9,0.046,82,188,0.9955,3.3,0.44,10.3,6
"4386",7.7,0.31,0.26,7.8,0.031,23,90,0.9944,3.13,0.5,10.4,5
"4394",6,0.35,0.51,1.2,0.029,10,102,0.9903,3.46,0.42,11.9,6
"4395",7.7,0.39,0.28,4.9,0.035,36,109,0.9918,3.19,0.58,12.2,7
"4415",6.8,0.27,0.28,7.8,0.038,26,89,0.9915,3.24,0.34,12.5,6
"4416",6.1,0.28,0.26,1.5,0.03,25,101,0.98894,3.03,0.41,12.1,6
"4424",6.5,0.18,0.26,1.4,0.041,40,141,0.9941,3.34,0.72,9.5,6
"4427",7.4,0.16,0.32,1.4,0.065,23,140,0.99134,3.06,0.47,11.4,6
"4429",6.2,0.21,0.38,6.8,0.036,64,245,0.9951,3.06,0.36,9.3,6
"4430",6.6,0.44,0.32,3,0.095,13,75,0.98954,3.1,0.63,12.8,6
"4437",6.8,0.21,0.55,14.6,0.053,34,159,0.99805,2.93,0.44,9.2,5
"4442",6.8,0.23,0.4,1.6,0.047,5,133,0.993,3.23,0.7,11.4,6
"4443",7.4,0.18,0.31,1.4,0.058,38,167,0.9931,3.16,0.53,10,7
"4447",5.7,0.29,0.16,7.9,0.044,48,197,0.99512,3.21,0.36,9.4,5
"4449",7,0.31,0.26,7.4,0.069,28,160,0.9954,3.13,0.46,9.8,6
"4450",5.8,0.19,0.25,10.8,0.042,33,124,0.99646,3.22,0.41,9.2,6
"4452",5.7,0.4,0.35,5.1,0.026,17,113,0.99052,3.18,0.67,12.4,6
"4455",7.3,0.4,0.28,6.5,0.037,26,97,0.99148,3.16,0.58,12.6,7
"4462",6.6,0.36,0.52,10.1,0.05,29,140,0.99628,3.07,0.4,9.4,5
"4463",8.4,0.31,0.31,0.95,0.021,52,148,0.99038,2.93,0.32,11.5,5
"4477",7.9,0.29,0.39,6.7,0.036,6,117,0.9938,3.12,0.42,10.7,5
"4483",6,0.26,0.32,3.8,0.029,48,180,0.99011,3.15,0.34,12,6
"4485",6.4,0.22,0.3,11.2,0.046,53,149,0.99479,3.21,0.34,10.8,5
"4489",6.5,0.36,0.31,13.55,0.053,20,113,0.99544,3.2,0.56,11,6
"4491",6.5,0.13,0.37,1,0.036,48,114,0.9911,3.41,0.51,11.5,8
"4494",7.5,0.27,0.79,11.95,0.04,51,159,0.99839,2.98,0.44,8.7,5
"4496",5.7,0.27,0.32,1.2,0.046,20,155,0.9934,3.8,0.41,10.2,6
"4508",6.8,0.18,0.32,7.2,0.047,17,109,0.99498,3.42,0.44,10.4,6
"4514",6.8,0.11,0.42,1.1,0.042,51,132,0.99059,3.18,0.74,11.3,7
"4516",7.4,0.29,0.25,3.8,0.044,30,114,0.992,3.11,0.4,11,6
"4518",7.2,0.16,0.26,7.1,0.054,41,224,0.9966,3.38,0.55,10.1,5
"4526",6.7,0.36,0.28,8.3,0.034,29,81,0.99151,2.96,0.39,12.5,6
"4527",6.8,0.52,0.32,13.2,0.044,54,221,0.9972,3.27,0.5,9.6,6
"4530",7.2,0.3,0.3,8.7,0.022,14,111,0.99576,3.11,0.61,10.6,5
"4532",6.4,0.26,0.21,8.2,0.05,51,182,0.99542,3.23,0.48,9.5,5
"4533",8.4,0.23,0.49,7.8,0.035,22,95,0.9935,3.04,0.34,12,6
"4534",6.2,0.36,0.26,13.2,0.051,54,201,0.9976,3.25,0.46,9,5
"4538",6.9,0.3,0.29,1.3,0.053,24,189,0.99362,3.29,0.54,9.9,4
"4544",7.3,0.19,0.25,1.4,0.051,41,107,0.99382,3.53,0.66,10.5,7
"4551",7.3,0.26,0.36,5.2,0.04,31,141,0.9931,3.16,0.59,11,6
"4569",7.2,0.4,0.62,10.8,0.041,70,189,0.9976,3.08,0.49,8.6,4
"4570",6.3,0.26,0.25,7.8,0.058,44,166,0.9961,3.24,0.41,9,5
"4571",6.8,0.36,0.32,1.6,0.039,10,124,0.9948,3.3,0.67,9.6,5
"4572",7.2,0.28,0.26,12.5,0.046,48,179,0.9975,3.1,0.52,9,6
"4578",6.4,0.27,0.19,2,0.084,21,191,0.99516,3.49,0.63,9.6,4
"4582",6.6,0.27,0.49,7.8,0.049,62,217,0.9959,3.17,0.45,9.4,6
"4584",5.3,0.3,0.2,1.1,0.077,48,166,0.9944,3.3,0.54,8.7,4
"4589",7.2,0.16,0.29,1,0.031,40,123,0.98958,3.12,0.4,12.1,7
"4592",6.2,0.28,0.43,13,0.039,64,233,0.99745,3.08,0.38,8.9,5
"4593",7.3,0.205,0.31,1.7,0.06,34,110,0.9963,3.72,0.69,10.5,6
"4599",6.7,0.26,0.39,1.1,0.04,45,147,0.9935,3.32,0.58,9.6,8
"4603",5.2,0.34,0.37,6.2,0.031,42,133,0.99076,3.25,0.41,12.5,6
"4607",6,0.32,0.3,7.3,0.174,46,159,0.99519,3.18,0.49,9.4,5
"4608",6.2,0.2,0.26,1.1,0.047,42,119,0.99158,3.48,0.6,11,7
"4619",8.1,0.24,0.32,10.5,0.03,34,105,0.99407,3.11,0.42,11.8,6
"4620",8,0.27,0.33,1.2,0.05,41,103,0.99002,3,0.45,12.4,6
"4621",6.1,0.25,0.48,15.8,0.052,25,94,0.99782,3.07,0.45,9.2,6
"4629",6.4,0.31,0.26,13.2,0.046,57,205,0.9975,3.17,0.41,9.6,5
"4633",5.9,0.27,0.29,11.4,0.036,31,115,0.9949,3.35,0.48,10.5,8
"4635",5.9,0.35,0.47,2.2,0.11,14,138,0.9932,3.09,0.5,9.1,5
"4636",8.9,0.27,0.28,0.8,0.024,29,128,0.98984,3.01,0.35,12.4,6
"4641",6.4,0.24,0.5,11.6,0.047,60,211,0.9966,3.18,0.57,9.3,5
"4643",7.4,0.21,0.3,8.1,0.047,13,114,0.9941,3.12,0.35,10.5,6
"4656",6.3,0.27,0.25,5.8,0.038,52,155,0.995,3.28,0.38,9.4,6
"4662",6,0.38,0.26,3.5,0.035,38,111,0.98872,3.18,0.47,13.6,7
"4666",7,0.18,0.26,1.4,0.044,46,89,0.99256,3.39,0.48,10.7,7
"4667",6.6,0.23,0.32,0.9,0.041,25,79,0.9926,3.39,0.54,10.2,7
"4669",6.1,0.37,0.36,4.7,0.035,36,116,0.991,3.31,0.62,12.6,6
"4694",6,0.33,0.18,3,0.036,5,85,0.99125,3.28,0.4,11.5,4
"4716",5.8,0.28,0.27,2.6,0.054,30,156,0.9914,3.53,0.42,12.4,5
"4719",7.4,0.28,0.3,5.3,0.054,44,161,0.9941,3.12,0.48,10.3,6
"4725",6.6,0.29,0.39,6.75,0.031,22,98,0.9913,3.15,0.8,12.9,7
"4727",6.7,0.34,0.31,16.4,0.051,20,146,0.99834,3.06,0.54,9.1,5
"4730",6.9,0.19,0.4,1.4,0.036,14,55,0.9909,3.08,0.68,11.5,7
"4736",7.7,0.25,0.3,7.8,0.038,67,196,0.99555,3.1,0.5,10.1,5
"4737",6.6,0.22,0.23,17.3,0.047,37,118,0.99906,3.08,0.46,8.8,6
"4745",5.7,0.26,0.24,17.8,0.059,23,124,0.99773,3.3,0.5,10.1,5
"4748",7.2,0.39,0.63,11,0.044,55,156,0.9974,3.09,0.44,8.7,6
"4753",7.7,0.26,0.51,2.6,0.045,26,159,0.99126,3,0.5,11.2,6
"4754",6.4,0.15,0.44,1.2,0.043,67,150,0.9907,3.14,0.73,11.2,7
"4757",6.4,0.25,0.32,5.5,0.049,41,176,0.995,3.19,0.68,9.2,6
"4758",6.9,0.24,0.39,1.3,0.063,18,136,0.9928,3.31,0.48,10.4,7
"4759",7,0.32,0.29,4.9,0.036,41,150,0.99168,3.38,0.43,12.2,6
"4760",5.6,0.18,0.3,10.2,0.028,28,131,0.9954,3.49,0.42,10.8,7
"4762",6.2,0.46,0.25,4.4,0.066,62,207,0.9939,3.25,0.52,9.8,5
"4764",6.4,0.31,0.28,1.5,0.037,12,119,0.9919,3.32,0.51,10.4,7
"4777",6.1,0.24,0.25,1.6,0.044,24,115,0.9921,3.39,0.59,10.9,6
"4782",6.6,0.2,0.14,4.4,0.184,35,168,0.99396,2.93,0.45,9.4,6
"4794",4.8,0.33,0,6.5,0.028,34,163,0.9937,3.35,0.61,9.9,5
"4797",7.1,0.09,0.3,6.2,0.032,24,134,0.993,2.99,0.39,10.9,6
"4803",6.2,0.35,0.04,1.2,0.06,23,108,0.9934,3.26,0.54,9.2,5
"4806",7.3,0.19,0.27,13.9,0.057,45,155,0.99807,2.94,0.41,8.8,8
"4808",8.2,0.17,0.32,1.5,0.05,17,101,0.994,3.14,0.58,9.5,5
"4818",6.2,0.27,0.49,1.4,0.05,20,74,0.9931,3.32,0.44,9.8,6
"4822",6.9,0.2,0.3,4.7,0.041,40,148,0.9932,3.16,0.35,10.2,6
"4824",6.9,0.19,0.31,19.25,0.043,38,167,0.99954,2.93,0.52,9.1,7
"4829",5.6,0.42,0.34,2.4,0.022,34,97,0.98915,3.22,0.38,12.8,7
"4831",9.2,0.34,0.27,1.2,0.026,17,73,0.9921,3.08,0.39,10.8,5
"4837",8.6,0.26,0.41,2.2,0.049,29,111,0.9941,2.96,0.44,10,5
"4840",7.4,0.25,0.37,13.5,0.06,52,192,0.9975,3,0.44,9.1,5
"4841",6.9,0.4,0.17,12.9,0.033,59,186,0.99754,3.08,0.49,9.4,5
"4848",6.6,0.19,0.33,1.8,0.035,42,148,0.99196,3.15,0.36,10.2,5
"4851",5.9,0.19,0.26,7.4,0.034,33,123,0.995,3.49,0.42,10.1,6
"4852",6.6,0.23,0.27,5.6,0.043,43,164,0.9953,3.27,0.76,9.5,5
"4856",5.9,0.36,0.41,1.3,0.047,45,104,0.9917,3.33,0.51,10.6,6
"4862",6.7,0.28,0.31,7.4,0.041,7,81,0.99254,3.04,0.47,11.4,8
"4865",8,0.22,0.28,14,0.053,83,197,0.9981,3.14,0.45,9.8,6
"4871",6.8,0.3,0.26,20.3,0.037,45,150,0.99727,3.04,0.38,12.3,6
"4878",8.4,0.17,0.31,5.4,0.052,47,150,0.9953,3.24,0.38,9.8,5
"4879",10.7,0.22,0.56,8.2,0.044,37,181,0.998,2.87,0.68,9.5,6
"4889",7,0.23,0.42,1.1,0.062,35,100,0.99318,3.04,0.4,9.2,5
"4891",7.7,0.43,0.28,4.5,0.046,33,102,0.9918,3.16,0.56,12.2,7
"4893",7.6,0.48,0.33,7,0.024,14,130,0.9918,3.25,0.45,12.5,7
"4897",7.5,0.23,0.32,9.2,0.038,54,191,0.9966,3.04,0.56,9.7,6
"4898",7,0.22,0.31,2.7,0.03,41,136,0.9898,3.16,0.37,12.7,7
