school,sex,age,address,famsize,Pstatus,Medu,Fedu,Mjob,Fjob,reason,guardian,traveltime,studytime,failures,schoolsup,famsup,paid,activities,nursery,higher,internet,romantic,famrel,freetime,goout,Dalc,Walc,health,absences,G1,G2,G3
MS,M,16,R,LE3,A,0,0,health,teacher,reputation,other,1,1,0,yes,yes,no,no,yes,no,no,no,3,1,1,1,1,1,1,4,4,2
MS,M,15,R,LE3,A,0,0,services,teacher,course,mother,1,1,0,yes,yes,no,no,yes,no,no,no,3,1,1,1,1,1,0,7,1,1
MS,M,16,R,LE3,A,0,0,services,teacher,reputation,other,1,1,0,yes,yes,no,no,yes,no,no,no,2,1,1,1,1,1,1,5,4,2
MS,M,16,R,LE3,A,0,0,services,teacher,course,mother,1,1,0,yes,yes,no,no,yes,no,no,no,3,1,1,1,1,1,1,7,0,1
MS,M,15,R,LE3,A,0,0,services,teacher,course,other,1,1,1,yes,yes,no,no,yes,no,no,no,3,1,1,1,1,1,1,7,4,2
MS,M,16,R,LE3,A,0,0,services,teacher,course,other,1,1,0,yes,yes,no,no,yes,no,no,no,2,1,1,1,1,1,0,6,5,1
MS,M,15,R,LE3,A,0,0,services,teacher,course,other,1,1,1,yes,yes,no,no,yes,no,no,no,3,1,1,1,1,1,1,6,4,1
MS,M,16,R,LE3,A,0,0,services,teacher,reputation,other,1,1,1,yes,yes,no,no,yes,no,no,no,3,1,1,1,1,1,1,5,4,1
MS,M,16,R,LE3,A,0,0,health,teacher,course,other,1,1,1,yes,yes,no,no,yes,no,no,no,1,1,1,1,1,1,1,6,4,0
MS,M,16,R,LE3,A,0,0,services,teacher,course,other,1,1,1,yes,yes,no,no,yes,no,no,no,1,1,1,1,1,1,1,6,2,2
MS,M,16,R,LE3,A,0,0,health,teacher,reputation,other,1,1,1,yes,yes,no,no,yes,no,no,no,1,1,1,1,1,1,0,7,2,0
MS,M,15,R,LE3,A,0,0,health,teacher,course,other,1,1,0,yes,yes,no,no,yes,no,no,no,1,1,1,1,1,1,1,6,0,2
MS,M,16,R,LE3,A,0,0,services,teacher,course,other,1,1,0,yes,yes,no,no,yes,no,no,no,1,1,1,1,1,1,0,6,4,2
MS,M,16,R,LE3,A,0,0,health,teacher,course,mother,1,1,1,yes,yes,no,no,yes,no,no,no,3,1,1,1,1,1,0,7,2,2
MS,M,16,R,LE3,A,0,0,health,teacher,course,mother,1,1,1,yes,yes,no,no,yes,no,no,no,3,1,1,1,1,1,1,6,1,2
MS,M,16,R,LE3,A,0,0,health,teacher,course,other,1,1,0,yes,yes,no,no,yes,no,no,no,1,1,1,1,1,1,1,4,2,2
MS,M,16,R,LE3,A,0,0,services,teacher,course,other,1,1,0,yes,yes,no,no,yes,no,no,no,2,1,1,1,1,1,0,5,1,0
MS,M,16,R,LE3,A,0,0,health,teacher,course,other,1,1,0,yes,yes,no,no,yes,no,no,no,3,1,1,1,1,1,0,6,0,2
MS,M,16,R,LE3,A,0,0,services,teacher,course,mother,1,1,0,yes,yes,no,no,yes,no,no,no,3,1,1,1,1,1,0,7,0,1
MS,M,15,R,LE3,A,0,0,health,teacher,course,mother,1,1,1,yes,yes,no,no,yes,no,no,no,3,1,1,1,1,1,0,6,2,2
MS,M,15,R,LE3,A,0,0,health,teacher,reputation,other,1,1,1,yes,yes,no,no,yes,no,no,no,1,1,1,1,1,1,1,5,3,2
MS,M,16,R,LE3,A,0,0,services,teacher,reputation,mother,1,1,1,yes,yes,no,no,yes,no,no,no,2,1,1,1,1,1,1,4,3,1
MS,M,16,R,LE3,A,0,0,health,teacher,reputation,mother,1,1,1,yes,yes,no,no,yes,no,no,no,2,1,1,1,1,1,1,5,2,1
MS,M,15,R,LE3,A,0,0,services,teacher,course,mother,1,1,0,yes,yes,no,no,yes,no,no,no,1,1,1,1,1,1,1,6,4,0
MS,M,16,R,LE3,A,0,0,services,teacher,course,other,1,1,0,yes,yes,no,no,yes,no,no,no,2,1,1,1,1,1,1,5,2,2
MS,M,15,R,LE3,A,0,0,services,teacher,course,other,1,1,0,yes,yes,no,no,yes,no,no,no,1,1,1,1,1,1,1,7,1,1
MS,M,15,R,LE3,A,0,0,services,teacher,reputation,mother,1,1,0,yes,yes,no,no,yes,no,no,no,1,1,1,1,1,1,1,5,0,2
MS,M,16,R,LE3,A,0,0,health,teacher,course,other,1,1,1,yes,yes,no,no,yes,no,no,no,3,1,1,1,1,1,1,5,0,1
MS,M,16,R,LE3,A,0,0,health,teacher,reputation,mother,1,1,0,yes,yes,no,no,yes,no,no,no,3,1,1,1,1,1,1,7,1,0
MS,M,15,R,LE3,A,0,0,health,teacher,course,other,1,1,1,yes,yes,no,no,yes,no,no,no,2,1,1,1,1,1,0,6,1,2
MS,M,16,R,LE3,A,0,0,services,teacher,course,mother,1,1,1,yes,yes,no,no,yes,no,no,no,1,1,1,1,1,1,1,6,4,1
MS,M,15,R,LE3,A,0,0,health,teacher,course,mother,1,1,1,yes,yes,no,no,yes,no,no,no,3,1,1,1,1,1,1,5,3,1
MS,M,16,R,LE3,A,0,0,services,teacher,course,mother,1,1,0,yes,yes,no,no,yes,no,no,no,1,1,1,1,1,1,1,7,1,1
MS,M,16,R,LE3,A,0,0,health,teacher,course,other,1,1,1,yes,yes,no,no,yes,no,no,no,2,1,1,5,3,1,10,5,1,1
MS,M,16,R,LE3,A,0,0,health,teacher,reputation,other,1,1,0,yes,yes,no,no,yes,no,no,no,2,1,1,1,1,1,1,7,4,0
MS,M,16,R,LE3,A,0,0,services,teacher,course,mother,1,1,0,yes,yes,no,no,yes,no,no,no,2,1,1,1,1,1,0,5,4,0
MS,M,16,R,LE3,A,0,0,health,teacher,reputation,other,1,1,0,yes,yes,no,no,yes,no,no,no,1,1,1,1,1,1,1,5,1,1
MS,M,15,R,LE3,A,0,0,health,teacher,course,other,1,1,0,yes,yes,no,no,yes,no,no,no,2,1,1,1,1,1,0,7,4,2
MS,M,16,R,LE3,A,0,0,services,teacher,course,mother,1,1,0,yes,yes,no,no,yes,no,no,no,3,1,1,1,1,1,0,7,2,0
MS,M,16,R,LE3,A,0,0,services,teacher,course,other,1,1,1,yes,yes,no,no,yes,no,no,no,2,1,1,1,1,1,1,6,2,0
MS,M,16,R,LE3,A,0,0,health,teacher,course,other,1,1,0,yes,yes,no,no,yes,no,no,no,3,1,1,1,1,1,1,6,2,0
MS,M,16,R,LE3,A,0,0,services,teacher,course,other,1,1,0,yes,yes,no,no,yes,no,no,no,1,1,1,1,3,1,2,6,5,1
MS,M,15,R,LE3,A,0,0,health,teacher,course,mother,1,1,1,yes,yes,no,no,yes,no,no,no,3,1,1,1,1,1,1,7,2,1
MS,M,15,R,LE3,A,0,0,services,teacher,course,other,1,1,1,yes,yes,no,no,yes,no,no,no,2,1,1,1,1,1,0,5,2,2
MS,M,16,R,LE3,A,0,0,services,teacher,reputation,other,1,1,0,yes,yes,no,no,yes,no,no,no,1,1,1,1,1,1,0,5,3,1
MS,M,15,R,LE3,A,0,0,health,teacher,course,other,1,1,1,yes,yes,no,no,yes,no,no,no,1,1,1,1,4,1,2,5,0,1
MS,M,16,R,LE3,A,0,0,services,teacher,course,other,1,1,0,yes,yes,no,no,yes,no,no,no,1,1,1,3,3,1,9,5,3,1
MS,M,15,R,LE3,A,0,0,health,teacher,course,other,1,1,1,yes,yes,no,no,yes,no,no,no,1,1,1,1,3,1,2,6,1,1
MS,M,16,R,LE3,A,0,0,health,teacher,course,other,1,1,0,yes,yes,no,no,yes,no,no,no,1,1,1,1,1,1,1,5,4,1
MS,M,16,R,LE3,A,0,0,health,teacher,course,mother,1,1,0,yes,yes,no,no,yes,no,no,no,3,1,1,1,1,1,1,4,0,0
MS,M,16,R,LE3,A,0,0,services,teacher,course,other,1,1,0,yes,yes,no,no,yes,no,no,no,1,1,1,1,1,1,1,4,3,0
MS,M,16,R,LE3,A,0,0,health,teacher,course,mother,1,1,1,yes,yes,no,no,yes,no,no,no,3,1,1,1,1,1,1,4,0,2
MS,M,16,R,LE3,A,0,0,health,teacher,course,other,1,1,1,yes,yes,no,no,yes,no,no,no,1,1,1,1,1,1,0,5,4,2
MS,M,16,R,LE3,A,0,0,health,teacher,reputation,mother,1,1,1,yes,yes,no,no,yes,no,no,no,2,1,1,1,1,1,1,4,0,1
MS,M,15,R,LE3,A,0,0,health,teacher,course,other,1,1,1,yes,yes,no,no,yes,no,no,no,1,1,1,1,1,1,1,5,1,2
MS,M,16,R,LE3,A,0,0,services,teacher,course,other,1,1,0,yes,yes,no,no,yes,no,no,no,2,1,1,1,1,1,1,4,4,2
MS,M,16,R,LE3,A,0,0,services,teacher,course,other,1,1,0,yes,yes,no,no,yes,no,no,no,3,1,1,4,4,1,5,7,1,2
MS,M,16,R,LE3,A,0,0,health,teacher,course,other,1,1,1,yes,yes,no,no,yes,no,no,no,1,1,1,1,1,1,1,4,1,1
MS,M,15,R,LE3,A,0,0,health,teacher,reputation,other,1,1,0,yes,yes,no,no,yes,no,no,no,2,1,1,1,1,1,1,6,1,2
MS,M,16,R,LE3,A,0,0,services,teacher,reputation,other,1,1,1,yes,yes,no,no,yes,no,no,no,3,1,1,1,1,1,1,6,0,1
MS,M,15,R,LE3,A,0,0,services,teacher,reputation,mother,1,1,0,yes,yes,no,no,yes,no,no,no,3,1,1,1,1,1,0,5,4,2
MS,M,16,R,LE3,A,0,0,health,teacher,reputation,other,1,1,1,yes,yes,no,no,yes,no,no,no,2,1,1,1,1,1,0,6,5,1
MS,M,16,R,LE3,A,0,0,health,teacher,course,mother,1,1,0,yes,yes,no,no,yes,no,no,no,2,1,1,1,1,1,1,5,3,2
MS,M,16,R,LE3,A,0,0,health,teacher,reputation,mother,1,1,0,yes,yes,no,no,yes,no,no,no,2,1,1,1,1,1,1,6,2,2
MS,M,16,R,LE3,A,0,0,health,teacher,reputation,mother,1,1,1,yes,yes,no,no,yes,no,no,no,3,1,1,1,1,1,0,4,0,2
MS,M,16,R,LE3,A,0,0,health,teacher,course,mother,1,1,1,yes,yes,no,no,yes,no,no,no,3,1,1,1,1,1,1,6,5,2
MS,M,16,R,LE3,A,0,0,health,teacher,reputation,other,1,1,1,yes,yes,no,no,yes,no,no,no,3,1,1,1,1,1,0,5,5,0
MS,M,16,R,LE3,A,0,0,services,teacher,course,mother,1,1,0,yes,yes,no,no,yes,no,no,no,1,1,1,1,1,1,1,7,1,2
MS,M,15,R,LE3,A,0,0,services,teacher,course,other,1,1,1,yes,yes,no,no,yes,no,no,no,3,1,1,1,1,1,0,5,1,1
MS,M,16,R,LE3,A,0,0,health,teacher,course,mother,1,1,1,yes,yes,no,no,yes,no,no,no,3,1,1,1,1,1,1,4,3,2
MS,M,16,R,LE3,A,0,0,services,teacher,course,mother,1,1,0,yes,yes,no,no,yes,no,no,no,1,1,1,1,1,1,1,7,3,2
MS,M,16,R,LE3,A,0,0,health,teacher,course,other,1,1,0,yes,yes,no,no,yes,no,no,no,2,1,1,1,1,1,2,5,3,1
MS,M,16,R,LE3,A,0,0,health,teacher,course,other,1,1,0,yes,yes,no,no,yes,no,no,no,2,1,1,1,1,1,1,5,2,2
MS,M,16,R,LE3,A,0,0,services,teacher,reputation,other,1,1,0,yes,yes,no,no,yes,no,no,no,2,1,1,1,1,1,1,7,5,1
MS,M,16,R,LE3,A,0,0,services,teacher,reputation,other,1,1,0,yes,yes,no,no,yes,no,no,no,1,1,1,1,1,1,1,4,3,2
MS,M,16,R,LE3,A,0,0,services,teacher,reputation,other,1,1,0,yes,yes,no,no,yes,no,no,no,1,1,1,1,1,1,1,7,0,2
MS,M,16,R,LE3,A,0,0,services,teacher,reputation,other,1,1,0,yes,yes,no,no,yes,no,no,no,2,1,1,1,1,1,2,6,5,2
MS,M,16,R,LE3,A,0,0,health,teacher,course,mother,1,1,0,yes,yes,no,no,yes,no,no,no,3,1,1,1,1,1,1,6,2,1
MS,M,16,R,LE3,A,0,0,services,teacher,reputation,other,1,1,0,yes,yes,no,no,yes,no,no,no,2,1,1,1,1,1,1,5,1,0
MS,M,16,R,LE3,A,0,0,services,teacher,course,mother,1,1,1,yes,yes,no,no,yes,no,no,no,3,1,1,1,1,1,1,7,4,2
MS,M,15,R,LE3,A,0,0,services,teacher,course,other,1,1,1,yes,yes,no,no,yes,no,no,no,2,1,1,1,1,1,0,7,5,1
MS,M,15,R,LE3,A,0,0,health,teacher,course,other,1,1,0,yes,yes,no,no,yes,no,no,no,3,1,1,1,1,1,1,7,5,1
MS,M,15,R,LE3,A,0,0,services,teacher,course,mother,1,1,1,yes,yes,no,no,yes,no,no,no,3,1,1,1,1,1,0,6,4,2
MS,M,16,R,LE3,A,0,0,health,teacher,reputation,other,1,1,0,yes,yes,no,no,yes,no,no,no,1,1,1,1,1,1,2,7,2,1
MS,M,15,R,LE3,A,0,0,services,teacher,course,other,1,1,0,yes,yes,no,no,yes,no,no,no,2,1,1,1,1,1,1,5,0,0
MS,M,16,R,LE3,A,0,0,services,teacher,reputation,mother,1,1,1,yes,yes,no,no,yes,no,no,no,1,1,1,1,1,1,1,7,1,2
MS,M,16,R,LE3,A,0,0,health,teacher,course,mother,1,1,1,yes,yes,no,no,yes,no,no,no,1,1,1,1,1,1,1,4,3,1
MS,M,16,R,LE3,A,0,0,health,teacher,course,mother,1,1,1,yes,yes,no,no,yes,no,no,no,1,1,1,1,1,1,1,6,3,1
MS,M,16,R,LE3,A,0,0,health,teacher,course,mother,1,1,1,yes,yes,no,no,yes,no,no,no,2,1,1,1,1,1,1,6,5,0
MS,M,16,R,LE3,A,0,0,health,teacher,course,mother,1,1,0,yes,yes,no,no,yes,no,no,no,3,1,1,1,1,1,1,5,4,2
MS,M,16,R,LE3,A,0,0,health,teacher,course,other,1,1,0,yes,yes,no,no,yes,no,no,no,2,1,1,1,1,1,1,5,4,2
MS,M,15,R,LE3,A,0,0,health,teacher,reputation,other,1,1,1,yes,yes,no,no,yes,no,no,no,2,1,1,1,1,1,0,6,1,2
MS,M,16,R,LE3,A,0,0,health,teacher,course,other,1,1,0,yes,yes,no,no,yes,no,no,no,2,1,1,1,1,1,1,7,0,1
MS,M,16,R,LE3,A,0,0,services,teacher,course,other,1,1,0,yes,yes,no,no,yes,no,no,no,1,1,1,1,1,1,1,7,4,2
MS,M,15,R,LE3,A,0,0,services,teacher,course,mother,1,1,1,yes,yes,no,no,yes,no,no,no,3,1,1,1,1,1,1,5,1,1
MS,M,16,R,LE3,A,0,0,services,teacher,course,other,1,1,0,yes,yes,no,no,yes,no,no,no,1,1,1,1,1,1,1,7,5,2
MS,M,16,R,LE3,A,0,0,services,teacher,course,other,1,1,1,yes,yes,no,no,yes,no,no,no,1,1,1,1,1,1,1,5,2,1
MS,M,16,R,LE3,A,0,0,health,teacher,course,other,1,1,0,yes,yes,no,no,yes,no,no,no,3,1,1,1,1,1,1,5,1,1
MS,M,16,R,LE3,A,0,0,health,teacher,course,mother,1,1,0,yes,yes,no,no,yes,no,no,no,1,1,1,1,1,1,1,7,2,1
MS,M,15,R,LE3,A,0,0,services,teacher,reputation,other,1,1,0,yes,yes,no,no,yes,no,no,no,1,1,1,1,1,1,1,4,4,0
MS,M,16,R,LE3,A,0,0,health,teacher,course,mother,1,1,0,yes,yes,no,no,yes,no,no,no,3,1,1,1,1,1,1,5,3,2
MS,M,16,R,LE3,A,0,0,health,teacher,course,other,1,1,1,yes,yes,no,no,yes,no,no,no,2,1,1,1,1,1,1,6,3,0
MS,M,16,R,LE3,A,0,0,health,teacher,course,other,1,1,1,yes,yes,no,no,yes,no,no,no,2,1,1,1,1,1,1,6,2,1
MS,M,15,R,LE3,A,0,0,services,teacher,reputation,mother,1,1,1,yes,yes,no,no,yes,no,no,no,1,1,1,1,1,1,1,5,3,2
MS,M,16,R,LE3,A,0,0,services,teacher,reputation,mother,1,1,1,yes,yes,no,no,yes,no,no,no,2,1,1,1,1,1,0,6,3,2
MS,M,16,R,LE3,A,0,0,health,teacher,course,other,1,1,0,yes,yes,no,no,yes,no,no,no,3,1,1,1,1,1,1,7,4,1
MS,M,16,R,LE3,A,0,0,services,teacher,course,other,1,1,0,yes,yes,no,no,yes,no,no,no,1,1,1,1,1,1,0,7,1,2
MS,M,16,R,LE3,A,0,0,services,teacher,course,mother,1,1,1,yes,yes,no,no,yes,no,no,no,3,1,1,1,1,1,1,7,4,0
MS,M,16,R,LE3,A,0,0,health,teacher,reputation,mother,1,1,1,yes,yes,no,no,yes,no,no,no,3,1,1,1,1,1,0,5,0,1
MS,M,16,R,LE3,A,0,0,services,teacher,course,mother,1,1,0,yes,yes,no,no,yes,no,no,no,3,1,1,1,1,1,1,6,2,2
MS,M,16,R,LE3,A,0,0,services,teacher,course,other,1,1,1,yes,yes,no,no,yes,no,no,no,1,1,1,1,1,1,1,7,5,2
MS,M,15,R,LE3,A,0,0,health,teacher,reputation,other,1,1,1,yes,yes,no,no,yes,no,no,no,1,1,1,1,1,1,0,4,3,0
MS,M,15,R,LE3,A,0,0,health,teacher,course,mother,1,1,1,yes,yes,no,no,yes,no,no,no,2,1,1,1,1,1,1,5,1,0
MS,M,15,R,LE3,A,0,0,health,teacher,course,mother,1,1,1,yes,yes,no,no,yes,no,no,no,1,1,1,1,1,1,0,5,5,1
MS,M,16,R,LE3,A,0,0,services,teacher,reputation,other,1,1,0,yes,yes,no,no,yes,no,no,no,2,1,1,1,1,1,1,7,2,0
MS,M,15,R,LE3,A,0,0,services,teacher,course,other,1,1,1,yes,yes,no,no,yes,no,no,no,3,1,1,1,4,1,2,6,2,0
MS,M,16,R,LE3,A,0,0,health,teacher,course,other,1,1,0,yes,yes,no,no,yes,no,no,no,3,1,1,1,1,1,0,4,3,2
MS,M,16,R,LE3,A,0,0,health,teacher,reputation,mother,1,1,1,yes,yes,no,no,yes,no,no,no,1,1,1,1,1,1,0,4,5,2
MS,M,15,R,LE3,A,0,0,services,teacher,reputation,other,1,1,1,yes,yes,no,no,yes,no,no,no,1,1,1,1,1,1,1,6,4,1
MS,M,15,R,LE3,A,0,0,health,teacher,course,other,1,1,1,yes,yes,no,no,yes,no,no,no,2,1,1,1,1,1,0,7,0,2
MS,M,15,R,LE3,A,0,0,services,teacher,reputation,mother,1,1,0,yes,yes,no,no,yes,no,no,no,3,1,1,1,1,1,1,7,2,2
MS,M,16,R,LE3,A,0,0,health,teacher,reputation,other,1,1,0,yes,yes,no,no,yes,no,no,no,2,1,1,1,1,1,1,6,5,0
MS,M,16,R,LE3,A,0,0,health,teacher,course,other,1,1,0,yes,yes,no,no,yes,no,no,no,1,1,1,1,1,1,0,6,1,2
MS,M,16,R,LE3,A,0,0,health,teacher,reputation,other,1,1,0,yes,yes,no,no,yes,no,no,no,2,1,1,1,1,1,1,5,3,2
MS,M,15,R,LE3,A,0,0,health,teacher,course,other,1,1,0,yes,yes,no,no,yes,no,no,no,3,1,1,1,2,1,2,7,2,2
MS,M,16,R,LE3,A,0,0,health,teacher,course,other,1,1,0,yes,yes,no,no,yes,no,no,no,2,1,1,1,1,1,1,7,2,1
MS,M,16,R,LE3,A,0,0,health,teacher,course,other,1,1,0,yes,yes,no,no,yes,no,no,no,3,1,1,1,1,1,1,5,1,2
MS,M,15,R,LE3,A,0,0,services,teacher,course,mother,1,1,0,yes,yes,no,no,yes,no,no,no,3,1,1,1,1,1,1,7,3,2
MS,M,15,R,LE3,A,0,0,health,teacher,course,mother,1,1,0,yes,yes,no,no,yes,no,no,no,1,1,1,1,1,1,1,5,2,2
MS,M,15,R,LE3,A,0,0,health,teacher,reputation,other,1,1,0,yes,yes,no,no,yes,no,no,no,3,1,1,1,1,1,0,7,4,0
MS,M,16,R,LE3,A,0,0,services,teacher,course,mother,1,1,0,yes,yes,no,no,yes,no,no,no,1,1,1,1,1,1,1,5,1,1
MS,M,16,R,LE3,A,0,0,health,teacher,course,mother,1,1,0,yes,yes,no,no,yes,no,no,no,1,1,1,1,1,1,1,6,0,0
MS,M,15,R,LE3,A,0,0,health,teacher,course,mother,1,1,0,yes,yes,no,no,yes,no,no,no,2,1,1,1,1,1,1,4,2,0
MS,M,16,R,LE3,A,0,0,services,teacher,course,mother,1,1,0,yes,yes,no,no,yes,no,no,no,3,1,1,1,1,1,1,4,2,1
MS,M,16,R,LE3,A,0,0,health,teacher,course,mother,1,1,1,yes,yes,no,no,yes,no,no,no,1,1,1,1,1,1,1,7,2,1
MS,M,16,R,LE3,A,0,0,health,teacher,course,other,1,1,1,yes,yes,no,no,yes,no,no,no,1,1,1,5,3,1,9,7,2,2
MS,M,16,R,LE3,A,0,0,services,teacher,course,other,1,1,1,yes,yes,no,no,yes,no,no,no,2,1,1,2,4,1,3,6,3,2
MS,M,16,R,LE3,A,0,0,services,teacher,reputation,other,1,1,0,yes,yes,no,no,yes,no,no,no,2,1,1,1,1,1,0,5,2,1
MS,M,16,R,LE3,A,0,0,health,teacher,course,mother,1,1,0,yes,yes,no,no,yes,no,no,no,1,1,1,1,1,1,1,6,0,1
