school,sex,age,address,famsize,Pstatus,Medu,Fedu,Mjob,Fjob,reason,guardian,traveltime,studytime,failures,schoolsup,famsup,paid,activities,nursery,higher,internet,romantic,famrel,freetime,goout,Dalc,Walc,health,absences,G1,G2,G3
GP,M,15,U,LE3,A,0,1,services,at_home,reputation,mother,1,3,0,no,no,no,no,yes,no,no,no,2,3,3,2,3,1,2,4,1,3
GP,M,16,U,LE3,A,0,1,services,teacher,other,mother,1,4,0,yes,no,no,no,yes,no,no,no,2,3,3,1,2,1,1,2,1,3
GP,M,16,U,LE3,A,0,1,services,at_home,other,mother,1,1,0,no,no,no,no,yes,no,yes,no,3,3,5,1,1,1,1,2,2,1
GP,M,16,U,LE3,A,0,1,services,teacher,other,mother,1,2,0,no,no,no,no,yes,no,yes,no,3,3,2,1,3,1,1,1,1,3
GP,M,16,U,LE3,A,0,1,services,at_home,other,mother,1,3,0,yes,no,no,no,yes,no,yes,no,1,3,4,2,3,1,0,1,1,5
GP,M,16,U,LE3,A,0,1,services,teacher,other,mother,1,3,0,yes,no,no,no,yes,no,no,no,1,3,3,2,3,1,1,2,1,5
GP,M,17,U,LE3,A,0,1,services,teacher,other,mother,1,1,0,yes,no,no,no,yes,no,no,no,3,3,4,1,4,1,0,5,2,4
GP,M,17,U,LE3,A,0,1,services,other,reputation,mother,1,2,0,yes,no,no,no,yes,yes,yes,no,3,1,5,1,3,1,1,0,1,2
GP,M,16,U,LE3,A,0,1,services,at_home,other,mother,1,3,0,no,no,no,no,yes,no,yes,no,1,3,4,2,4,1,1,5,1,1
GP,M,17,U,LE3,A,0,1,services,at_home,reputation,mother,1,2,0,yes,no,no,no,yes,no,no,no,2,3,2,1,2,1,1,4,1,7
GP,M,16,U,LE3,A,0,1,services,teacher,reputation,mother,1,3,0,no,no,no,no,yes,no,yes,no,1,3,3,1,4,1,2,4,1,4
GP,M,15,U,LE3,A,0,1,services,teacher,other,mother,1,1,0,no,no,no,no,yes,yes,yes,no,3,1,3,1,1,1,1,2,1,1
GP,M,16,U,LE3,A,0,1,services,at_home,other,mother,1,4,0,no,no,no,no,yes,yes,yes,no,1,1,5,1,2,1,1,4,1,1
GP,M,16,U,LE3,A,0,1,services,teacher,reputation,mother,1,2,0,no,no,no,no,yes,yes,yes,no,1,2,3,1,3,1,0,2,1,5
GP,M,15,U,LE3,A,0,1,services,other,other,mother,1,1,0,yes,no,no,no,yes,yes,yes,no,2,2,4,1,1,1,1,0,2,1
GP,M,15,U,LE3,A,0,1,services,teacher,reputation,mother,1,4,0,no,no,no,no,yes,no,yes,no,2,3,5,1,3,1,2,5,1,3
GP,M,16,U,LE3,A,0,1,services,at_home,other,mother,1,1,0,no,no,no,no,yes,no,no,no,1,1,3,1,2,1,1,2,2,6
GP,M,16,U,LE3,A,0,1,services,at_home,reputation,mother,1,3,0,no,no,no,no,yes,yes,yes,no,1,1,4,1,4,1,2,3,1,3
GP,M,16,U,LE3,A,0,1,services,other,reputation,mother,1,4,0,no,no,no,no,yes,no,no,no,1,3,4,1,4,1,2,2,2,2
GP,M,16,U,LE3,A,0,1,services,at_home,reputation,mother,1,2,0,no,no,no,no,yes,no,yes,no,2,3,1,1,1,1,0,0,1,1
GP,M,17,U,LE3,A,0,1,services,at_home,reputation,mother,1,3,0,yes,no,no,no,yes,no,yes,no,1,3,5,2,1,1,2,4,3,5
GP,M,16,U,LE3,A,0,1,services,teacher,reputation,mother,1,3,0,no,no,no,no,yes,no,yes,no,1,3,5,2,1,1,2,1,2,4
GP,M,16,U,LE3,A,0,1,services,at_home,other,mother,1,4,0,no,no,no,no,yes,yes,yes,no,2,2,3,2,1,1,1,4,2,5
GP,M,16,U,LE3,A,0,1,services,other,reputation,mother,1,1,0,no,no,no,no,yes,no,yes,no,3,1,4,1,2,1,1,1,3,6
GP,M,16,U,LE3,A,0,1,services,at_home,other,mother,1,4,0,no,no,no,no,yes,yes,yes,no,1,2,4,2,2,1,0,3,2,2
GP,M,16,U,LE3,A,0,1,services,other,other,mother,1,1,0,no,no,no,no,yes,yes,no,no,3,2,4,1,4,1,0,4,3,1
GP,M,15,U,LE3,A,0,1,services,other,other,mother,1,1,0,no,no,no,no,yes,no,yes,no,2,1,3,1,3,1,1,5,1,3
GP,M,16,U,LE3,A,0,1,services,other,reputation,mother,1,3,0,no,no,no,no,yes,yes,yes,no,2,1,4,2,1,1,2,2,2,1
GP,M,16,U,LE3,A,0,1,services,teacher,other,mother,1,1,0,yes,no,no,no,yes,no,yes,no,1,3,3,1,2,1,1,4,2,2
GP,M,16,U,LE3,A,0,1,services,other,reputation,mother,1,2,0,no,no,no,no,yes,no,no,no,1,3,1,1,3,1,0,0,3,4
GP,M,15,U,LE3,A,0,1,services,teacher,other,mother,1,1,0,no,no,no,no,yes,no,yes,no,3,2,2,1,1,1,1,5,1,0
GP,M,15,U,LE3,A,0,1,services,other,reputation,mother,1,3,0,yes,no,no,no,yes,no,no,no,1,3,4,1,2,1,1,1,1,4
GP,M,16,U,LE3,A,0,1,services,other,reputation,mother,1,4,0,no,no,no,no,yes,no,yes,no,1,2,4,1,3,1,2,2,1,3
GP,M,16,U,LE3,A,0,1,services,other,other,mother,1,4,0,no,no,no,no,yes,no,yes,no,1,3,5,2,3,1,1,3,2,1
GP,M,15,U,LE3,A,0,1,services,at_home,reputation,mother,1,1,0,no,no,no,no,yes,yes,no,no,3,1,1,1,1,1,1,4,2,8
GP,M,15,U,LE3,A,0,1,services,at_home,reputation,mother,1,3,0,no,no,no,no,yes,no,no,no,1,3,4,2,3,1,1,3,3,1
GP,M,15,U,LE3,A,0,1,services,teacher,reputation,mother,1,4,0,no,no,no,no,yes,no,no,no,1,1,3,1,2,1,1,1,2,2
GP,M,16,U,LE3,A,0,1,services,other,other,mother,1,4,0,no,no,no,no,yes,no,yes,no,2,2,5,2,3,1,2,1,1,2
GP,M,16,U,LE3,A,0,1,services,teacher,other,mother,1,4,0,yes,no,no,no,yes,no,yes,no,1,3,5,1,1,1,1,5,2,4
GP,M,16,U,LE3,A,0,1,services,other,other,mother,1,4,0,no,no,no,no,yes,yes,yes,no,1,2,5,1,1,1,1,2,1,5
GP,M,15,U,LE3,A,0,1,services,other,reputation,mother,1,4,0,no,no,no,no,yes,no,yes,no,1,2,3,1,2,1,2,3,0,3
GP,M,16,U,LE3,A,0,1,services,other,other,mother,1,2,0,no,no,no,no,yes,yes,yes,no,1,2,5,1,1,1,0,1,3,3
GP,M,16,U,LE3,A,0,1,services,teacher,reputation,mother,1,4,0,yes,no,no,no,yes,yes,no,no,2,1,3,1,1,1,2,2,0,1
GP,M,16,U,LE3,A,0,1,services,other,reputation,mother,1,2,0,yes,no,no,no,yes,yes,yes,no,2,3,4,1,4,1,0,2,1,6
GP,M,17,U,LE3,A,0,1,services,teacher,reputation,mother,1,4,0,yes,no,no,no,yes,no,no,no,1,3,4,1,2,1,1,2,1,3
GP,M,17,U,LE3,A,0,1,services,at_home,other,mother,1,3,0,yes,no,no,no,yes,no,yes,no,2,3,4,1,2,1,2,5,3,0
GP,M,16,U,LE3,A,0,1,services,teacher,reputation,mother,1,4,0,yes,no,no,no,yes,yes,yes,no,1,2,5,2,2,1,0,1,2,1
GP,M,15,U,LE3,A,0,1,services,at_home,reputation,mother,1,1,0,no,no,no,no,yes,yes,yes,no,3,3,4,1,1,1,1,0,1,3
GP,M,16,U,LE3,A,0,1,services,at_home,other,mother,1,4,0,no,no,no,no,yes,no,yes,no,1,3,4,1,2,1,1,4,2,5
GP,M,16,U,LE3,A,0,1,services,teacher,reputation,mother,1,4,0,no,no,no,no,yes,no,yes,no,1,3,4,1,3,1,1,1,1,5
GP,M,16,U,LE3,A,0,1,services,other,other,mother,1,4,0,no,no,no,no,yes,yes,no,no,2,3,3,1,3,1,2,5,2,5
GP,M,16,U,LE3,A,0,1,services,at_home,reputation,mother,1,3,0,no,no,no,no,yes,yes,yes,no,2,1,5,1,2,1,2,3,0,2
GP,M,16,U,LE3,A,0,1,services,teacher,reputation,mother,1,4,0,no,no,no,no,yes,yes,yes,no,1,2,5,1,3,1,2,4,2,6
GP,M,16,U,LE3,A,0,1,services,teacher,reputation,mother,1,4,0,no,no,no,no,yes,yes,yes,no,1,3,5,1,2,1,2,4,2,2
GP,M,16,U,LE3,A,0,1,services,other,other,mother,1,2,0,no,no,no,no,yes,yes,yes,no,3,1,4,1,4,1,1,2,2,1
GP,M,16,U,LE3,A,0,1,services,teacher,reputation,mother,1,4,0,no,no,no,no,yes,yes,yes,no,2,1,3,1,4,1,1,5,3,5
GP,M,16,U,LE3,A,0,1,services,teacher,reputation,mother,1,4,0,no,no,no,no,yes,yes,yes,no,2,3,5,1,3,1,1,2,3,3
GP,M,16,U,LE3,A,0,1,services,other,reputation,mother,1,3,0,no,no,no,no,yes,yes,yes,no,1,1,4,2,3,1,0,5,0,1
GP,M,16,U,LE3,A,0,1,services,at_home,other,mother,1,1,0,no,no,no,no,yes,no,no,no,3,1,1,1,3,1,0,3,1,1
GP,M,15,U,LE3,A,0,1,services,at_home,other,mother,1,1,0,no,no,no,no,yes,no,yes,no,2,3,4,1,2,1,1,5,2,2
GP,M,16,U,LE3,A,0,1,services,at_home,other,mother,1,4,0,no,no,no,no,yes,yes,yes,no,1,2,5,1,2,1,1,4,0,3
GP,M,16,U,LE3,A,0,1,services,at_home,other,mother,1,3,0,no,no,no,no,yes,no,yes,no,2,1,5,2,2,1,1,1,1,4
GP,M,16,U,LE3,A,0,1,services,at_home,reputation,mother,1,2,0,no,no,no,no,yes,yes,yes,no,2,1,4,1,4,1,1,0,1,4
GP,M,16,U,LE3,A,0,1,services,other,other,mother,1,2,0,no,no,no,no,yes,no,yes,no,3,3,1,1,4,1,1,1,1,3
GP,M,15,U,LE3,A,0,1,services,teacher,reputation,mother,1,1,0,no,no,no,no,yes,no,yes,no,2,3,1,1,1,1,1,3,0,1
GP,M,16,U,LE3,A,0,1,services,at_home,reputation,mother,1,1,0,no,no,no,no,yes,yes,yes,no,2,1,3,1,1,1,0,3,2,4
GP,M,16,U,LE3,A,0,1,services,teacher,reputation,mother,1,2,0,no,no,no,no,yes,no,yes,no,1,2,1,1,2,1,1,2,1,5
GP,M,16,U,LE3,A,0,1,services,teacher,reputation,mother,1,2,0,no,no,no,no,yes,no,yes,no,2,3,4,1,4,1,1,1,1,3
GP,M,17,U,LE3,A,0,1,services,teacher,other,mother,1,3,0,yes,no,no,no,yes,no,yes,no,2,3,5,1,2,1,0,2,1,3
GP,M,16,U,LE3,A,0,1,services,teacher,other,mother,1,2,0,no,no,no,no,yes,no,no,no,2,3,4,1,2,1,0,3,3,4
GP,M,16,U,LE3,A,0,1,services,other,reputation,mother,1,1,0,no,no,no,no,yes,no,yes,no,1,3,5,1,1,1,0,1,3,3
GP,M,16,U,LE3,A,0,1,services,at_home,reputation,mother,1,2,0,no,no,no,no,yes,no,yes,no,1,1,2,1,4,1,1,4,0,1
GP,M,16,U,LE3,A,0,1,services,other,reputation,mother,1,1,0,no,no,no,no,yes,no,yes,no,2,2,4,1,4,1,0,4,2,4
GP,M,17,U,LE3,A,0,1,services,teacher,other,mother,1,1,0,yes,no,no,no,yes,yes,no,no,2,2,3,1,1,1,1,3,2,1
GP,M,16,U,LE3,A,0,1,services,at_home,reputation,mother,1,2,0,no,no,no,no,yes,yes,yes,no,3,2,5,1,1,1,0,2,1,1
GP,M,16,U,LE3,A,0,1,services,at_home,other,mother,1,1,0,no,no,no,no,yes,no,no,no,2,3,1,1,2,1,0,4,2,3
GP,M,16,U,LE3,A,0,1,services,teacher,other,mother,1,1,0,no,no,no,no,yes,yes,yes,no,2,1,4,1,4,1,0,3,0,3
GP,M,16,U,LE3,A,0,1,services,at_home,other,mother,1,2,0,yes,no,no,no,yes,yes,no,no,3,1,2,1,1,1,1,3,2,6
GP,M,17,U,LE3,A,0,1,services,teacher,reputation,mother,1,2,0,yes,no,no,no,yes,no,no,no,2,3,1,1,3,1,0,2,1,4
GP,M,16,U,LE3,A,0,1,services,other,other,mother,1,3,0,no,no,no,no,yes,yes,yes,no,1,1,5,1,3,1,2,4,0,1
GP,M,16,U,LE3,A,0,1,services,teacher,other,mother,1,1,0,no,no,no,no,yes,no,yes,no,2,2,5,1,1,1,0,2,2,2
GP,M,16,U,LE3,A,0,1,services,teacher,other,mother,1,2,0,no,no,no,no,yes,yes,yes,no,2,1,3,1,2,1,0,0,2,2
GP,M,16,U,LE3,A,0,1,services,at_home,other,mother,1,4,0,no,no,no,no,yes,yes,no,no,2,2,4,2,1,1,0,5,3,4
GP,M,16,U,LE3,A,0,1,services,teacher,other,mother,1,2,0,no,no,no,no,yes,no,yes,no,2,3,5,1,2,1,1,3,2,1
GP,M,17,U,LE3,A,0,1,services,other,other,mother,1,4,0,yes,no,no,no,yes,yes,yes,no,2,2,4,1,3,1,1,3,0,4
GP,M,16,U,LE3,A,0,1,services,other,reputation,mother,1,1,0,no,no,no,no,yes,no,no,no,1,3,1,1,3,1,0,1,2,3
GP,M,16,U,LE3,A,0,1,services,at_home,reputation,mother,1,4,0,no,no,no,no,yes,yes,yes,no,1,3,3,1,3,1,0,3,2,6
GP,M,16,U,LE3,A,0,1,services,teacher,other,mother,1,4,0,no,no,no,no,yes,no,yes,no,1,3,3,2,1,1,2,2,0,2
GP,M,16,U,LE3,A,0,1,services,teacher,other,mother,1,1,0,no,no,no,no,yes,no,yes,no,3,3,2,1,3,1,1,0,3,5
GP,M,16,U,LE3,A,0,1,services,other,other,mother,1,2,0,yes,no,no,no,yes,no,no,no,1,3,1,1,2,1,1,1,3,6
GP,M,15,U,LE3,A,0,1,services,other,reputation,mother,1,2,0,no,no,no,no,yes,no,yes,no,3,1,1,1,1,1,0,3,3,7
GP,M,16,U,LE3,A,0,1,services,at_home,other,mother,1,4,0,no,no,no,no,yes,yes,yes,no,2,3,3,1,1,1,2,4,1,4
GP,M,15,U,LE3,A,0,1,services,teacher,other,mother,1,1,0,no,no,no,no,yes,yes,no,no,1,1,3,1,1,1,1,0,1,3
GP,M,16,U,LE3,A,0,1,services,at_home,other,mother,1,2,0,no,no,no,no,yes,yes,yes,no,2,2,3,1,1,1,1,3,2,1
GP,M,16,U,LE3,A,0,1,services,teacher,other,mother,1,2,0,yes,no,no,no,yes,yes,no,no,2,1,3,1,2,1,1,0,2,6
GP,M,16,U,LE3,A,0,1,services,other,reputation,mother,1,1,0,no,no,no,no,yes,no,yes,no,1,3,1,1,4,1,1,3,1,4
GP,M,15,U,LE3,A,0,1,services,teacher,other,mother,1,2,0,no,no,no,no,yes,yes,yes,no,3,1,3,1,1,1,0,1,2,5
GP,M,16,U,LE3,A,0,1,services,teacher,reputation,mother,1,1,0,no,no,no,no,yes,yes,yes,no,3,3,1,1,4,1,1,3,3,2
GP,M,16,U,LE3,A,0,1,services,at_home,reputation,mother,1,2,0,no,no,no,no,yes,yes,yes,no,2,3,4,1,2,1,0,2,0,2
GP,M,16,U,LE3,A,0,1,services,teacher,other,mother,1,2,0,no,no,no,no,yes,yes,no,no,2,1,4,1,2,1,1,1,0,2
GP,M,15,U,LE3,A,0,1,services,at_home,other,mother,1,3,0,no,no,no,no,yes,no,no,no,1,1,4,2,3,1,0,4,3,1
GP,M,16,U,LE3,A,0,1,services,teacher,reputation,mother,1,4,0,no,no,no,no,yes,no,no,no,1,3,4,2,2,1,0,0,3,4
GP,M,16,U,LE3,A,0,1,services,other,reputation,mother,1,1,0,no,no,no,no,yes,no,no,no,2,3,2,1,3,1,1,3,1,0
GP,M,16,U,LE3,A,0,1,services,at_home,reputation,mother,1,1,0,no,no,no,no,yes,yes,yes,no,3,2,4,1,4,1,1,1,3,1
GP,M,16,U,LE3,A,0,1,services,other,other,mother,1,2,0,no,no,no,no,yes,no,no,no,1,2,1,1,3,1,0,3,0,1
GP,M,16,U,LE3,A,0,1,services,at_home,reputation,mother,1,4,0,no,no,no,no,yes,yes,no,no,2,3,4,2,4,1,2,4,0,3
GP,M,16,U,LE3,A,0,1,services,other,other,mother,1,1,0,no,no,no,no,yes,no,yes,no,2,2,2,1,3,1,1,4,0,5
GP,M,16,U,LE3,A,0,1,services,at_home,reputation,mother,1,1,0,no,no,no,no,yes,no,yes,no,3,3,3,1,1,1,0,5,2,6
GP,M,16,U,LE3,A,0,1,services,other,reputation,mother,1,3,0,no,no,no,no,yes,yes,yes,no,1,2,5,1,2,1,0,0,3,2
GP,M,16,U,LE3,A,0,1,services,other,reputation,mother,1,2,0,no,no,no,no,yes,yes,no,no,1,1,2,1,3,1,1,5,0,1
GP,M,17,U,LE3,A,0,1,services,at_home,other,mother,1,1,0,yes,no,no,no,yes,no,yes,no,3,3,3,1,3,1,1,2,2,3
GP,M,15,U,LE3,A,0,1,services,at_home,reputation,mother,1,2,0,no,no,no,no,yes,yes,yes,no,1,2,3,1,1,1,1,2,3,6
GP,M,15,U,LE3,A,0,1,services,other,other,mother,1,1,0,no,no,no,no,yes,yes,yes,no,3,1,2,1,1,1,0,1,2,1
GP,M,16,U,LE3,A,0,1,services,at_home,other,mother,1,2,0,no,no,no,no,yes,no,yes,no,1,1,3,1,3,1,1,2,2,4
GP,M,16,U,LE3,A,0,1,services,other,other,mother,1,4,0,no,no,no,no,yes,yes,yes,no,2,3,4,1,3,1,2,0,1,2
GP,M,17,U,LE3,A,0,1,services,other,reputation,mother,1,2,0,yes,no,no,no,yes,no,yes,no,2,3,2,1,2,1,1,4,2,2
GP,M,16,U,LE3,A,0,1,services,at_home,reputation,mother,1,1,0,no,no,no,no,yes,yes,yes,no,1,2,1,1,3,1,1,1,2,3
GP,M,16,U,LE3,A,0,1,services,other,other,mother,1,3,0,yes,no,no,no,yes,yes,yes,no,2,1,4,1,2,1,2,4,2,3
GP,M,16,U,LE3,A,0,1,services,teacher,other,mother,1,1,0,no,no,no,no,yes,yes,yes,no,2,3,3,1,3,1,0,4,1,1
GP,M,16,U,LE3,A,0,1,services,teacher,other,mother,1,1,0,no,no,no,no,yes,no,no,no,3,2,1,1,4,1,1,3,3,3
GP,M,16,U,LE3,A,0,1,services,teacher,other,mother,1,1,0,no,no,no,no,yes,no,no,no,1,3,2,1,1,1,0,1,0,6
GP,M,16,U,LE3,A,0,1,services,at_home,other,mother,1,4,0,no,no,no,no,yes,no,no,no,1,1,3,1,2,1,1,5,0,4
GP,M,17,U,LE3,A,0,1,services,teacher,reputation,mother,1,2,0,yes,no,no,no,yes,no,no,no,2,3,2,1,3,1,1,3,2,4
GP,M,16,U,LE3,A,0,1,services,other,reputation,mother,1,2,0,no,no,no,no,yes,no,no,no,1,2,4,1,1,1,1,1,0,6
GP,M,15,U,LE3,A,0,1,services,at_home,reputation,mother,1,2,0,no,no,no,no,yes,no,no,no,3,1,1,1,2,1,1,2,2,8
GP,M,16,U,LE3,A,0,1,services,other,other,mother,1,1,0,no,no,no,no,yes,yes,yes,no,1,2,3,1,1,1,0,2,2,0
GP,M,16,U,LE3,A,0,1,services,other,reputation,mother,1,2,0,no,no,no,no,yes,yes,yes,no,2,1,4,1,2,1,1,4,1,6
GP,M,16,U,LE3,A,0,1,services,at_home,other,mother,1,4,0,no,no,no,no,yes,no,no,no,1,2,3,2,3,1,0,5,2,3
GP,M,16,U,LE3,A,0,1,services,other,reputation,mother,1,1,0,no,no,no,no,yes,no,yes,no,2,2,5,1,2,1,1,3,1,6
GP,M,16,U,LE3,A,0,1,services,teacher,reputation,mother,1,1,0,no,no,no,no,yes,no,no,no,2,3,2,1,3,1,1,4,2,1
GP,M,16,U,LE3,A,0,1,services,other,reputation,mother,1,1,0,no,no,no,no,yes,yes,yes,no,1,3,3,1,2,1,0,3,1,6
GP,M,15,U,LE3,A,0,1,services,at_home,reputation,mother,1,3,0,no,no,no,no,yes,yes,yes,no,2,3,3,2,1,1,1,3,0,2
GP,M,16,U,LE3,A,0,1,services,other,other,mother,1,1,0,no,no,no,no,yes,no,no,no,1,2,4,1,3,1,1,3,2,5
GP,M,16,U,LE3,A,0,1,services,other,other,mother,1,2,0,no,no,no,no,yes,no,yes,no,1,2,2,1,4,1,0,5,2,5
GP,M,16,U,LE3,A,0,1,services,at_home,other,mother,1,2,0,no,no,no,no,yes,yes,yes,no,3,2,5,1,2,1,1,0,3,1
GP,M,16,U,LE3,A,0,1,services,other,other,mother,1,1,0,no,no,no,no,yes,yes,no,no,1,2,4,1,2,1,1,4,1,5
GP,M,16,U,LE3,A,0,1,services,at_home,reputation,mother,1,3,0,no,no,no,no,yes,no,no,no,2,2,3,2,1,1,1,1,1,6
GP,M,16,U,LE3,A,0,1,services,at_home,reputation,mother,1,1,0,no,no,no,no,yes,no,yes,no,3,3,3,1,2,1,0,5,0,1
GP,M,16,U,LE3,A,0,1,services,at_home,other,mother,1,2,0,no,no,no,no,yes,no,yes,no,2,1,1,1,3,1,1,2,0,7
GP,M,16,U,LE3,A,0,1,services,other,reputation,mother,1,2,0,no,no,no,no,yes,no,yes,no,3,1,2,1,3,1,0,4,0,7
GP,M,16,U,LE3,A,0,1,services,other,other,mother,1,4,0,no,no,no,no,yes,no,no,no,1,1,3,1,1,1,2,4,2,4
GP,M,16,U,LE3,A,0,1,services,other,reputation,mother,1,1,0,no,no,no,no,yes,no,yes,no,2,2,5,1,2,1,1,2,0,3
GP,M,15,U,LE3,A,0,1,services,teacher,other,mother,1,1,0,no,no,no,no,yes,yes,yes,no,1,1,2,1,1,1,0,0,0,6
GP,M,16,U,LE3,A,0,1,services,at_home,other,mother,1,1,0,no,no,no,no,yes,yes,yes,no,3,3,4,1,1,1,1,1,2,4
GP,M,15,U,LE3,A,0,1,services,other,reputation,mother,1,2,0,no,no,no,no,yes,yes,yes,no,3,1,1,1,1,1,0,5,1,5
GP,M,16,U,LE3,A,0,1,services,teacher,other,mother,1,2,0,no,no,no,no,yes,yes,no,no,1,1,1,1,1,1,1,2,2,6
GP,M,16,U,LE3,A,0,1,services,at_home,other,mother,1,3,0,no,no,no,no,yes,yes,yes,no,2,3,3,1,4,1,2,3,1,5
GP,M,16,U,LE3,A,0,1,services,other,other,mother,1,2,0,no,no,no,no,yes,no,yes,no,2,2,1,1,3,1,1,5,1,8
GP,M,16,U,LE3,A,0,1,services,other,reputation,mother,1,2,0,no,no,no,no,yes,no,no,no,1,3,3,1,4,1,1,2,2,5
GP,M,15,U,LE3,A,0,1,services,other,reputation,mother,1,3,0,no,no,no,no,yes,yes,no,no,1,2,4,1,1,1,1,4,0,1
GP,M,16,U,LE3,A,0,1,services,at_home,other,mother,1,4,0,no,no,no,no,yes,yes,yes,no,1,1,3,2,2,1,1,4,1,5
GP,M,16,U,LE3,A,0,1,services,teacher,other,mother,1,3,0,no,no,no,no,yes,yes,yes,no,1,1,5,2,1,1,2,2,1,3
GP,M,16,U,LE3,A,0,1,services,at_home,reputation,mother,1,3,0,no,no,no,no,yes,yes,yes,no,1,2,5,1,1,1,0,1,2,6
GP,M,16,U,LE3,A,0,1,services,teacher,other,mother,1,4,0,no,no,no,no,yes,yes,yes,no,2,1,4,2,4,1,0,4,2,2
GP,M,16,U,LE3,A,0,1,services,at_home,reputation,mother,1,1,0,no,no,no,no,yes,yes,no,no,3,1,2,1,3,1,1,1,1,6
GP,M,16,U,LE3,A,0,1,services,teacher,other,mother,1,1,0,no,no,no,no,yes,no,no,no,1,1,1,1,4,1,0,4,3,5
GP,M,16,U,LE3,A,0,1,services,at_home,other,mother,1,1,0,yes,no,no,no,yes,yes,no,no,3,2,3,1,4,1,0,3,3,5
GP,M,16,U,LE3,A,0,1,services,other,reputation,mother,1,2,0,no,no,no,no,yes,no,yes,no,3,1,2,1,1,1,0,1,2,4
GP,M,16,U,LE3,A,0,1,services,teacher,other,mother,1,2,0,yes,no,no,no,yes,no,no,no,2,3,1,1,2,1,1,4,2,2
GP,M,16,U,LE3,A,0,1,services,at_home,other,mother,1,1,0,no,no,no,no,yes,yes,no,no,3,3,2,1,3,1,1,4,2,7
GP,M,16,U,LE3,A,0,1,services,teacher,other,mother,1,1,0,no,no,no,no,yes,no,no,no,1,3,1,1,4,1,0,5,0,2
GP,M,16,U,LE3,A,0,1,services,at_home,other,mother,1,2,0,no,no,no,no,yes,yes,yes,no,2,2,4,1,2,1,1,1,2,5
GP,M,16,U,LE3,A,0,1,services,teacher,reputation,mother,1,3,0,no,no,no,no,yes,yes,yes,no,1,2,4,2,2,1,2,3,3,1
GP,M,16,U,LE3,A,0,1,services,at_home,other,mother,1,3,0,no,no,no,no,yes,yes,no,no,2,1,3,2,1,1,1,0,1,5
GP,M,16,U,LE3,A,0,1,services,teacher,other,mother,1,4,0,no,no,no,no,yes,yes,yes,no,1,3,4,2,1,1,1,5,2,2
GP,M,16,U,LE3,A,0,1,services,teacher,other,mother,1,3,0,no,no,no,no,yes,yes,yes,no,1,2,4,1,2,1,1,3,2,0
GP,M,16,U,LE3,A,0,1,services,at_home,reputation,mother,1,4,0,no,no,no,no,yes,yes,yes,no,1,3,5,1,3,1,1,3,2,4
GP,M,16,U,LE3,A,0,1,services,other,other,mother,1,4,0,no,no,no,no,yes,yes,yes,no,2,3,5,1,1,1,0,1,3,5
GP,M,16,U,LE3,A,0,1,services,other,reputation,mother,1,3,0,no,no,no,no,yes,yes,yes,no,1,2,3,2,4,1,0,2,0,1
GP,M,15,U,LE3,A,0,1,services,other,reputation,mother,1,1,0,yes,no,no,no,yes,no,no,no,2,3,1,1,2,1,1,5,0,7
GP,M,16,U,LE3,A,0,1,services,at_home,other,mother,1,4,0,no,no,no,no,yes,yes,no,no,1,2,3,1,2,1,1,2,2,5
GP,M,16,U,LE3,A,0,1,services,other,other,mother,1,4,0,no,no,no,no,yes,yes,yes,no,1,1,4,2,4,1,1,4,2,1
GP,M,16,U,LE3,A,0,1,services,other,other,mother,1,2,0,no,no,no,no,yes,no,no,no,1,1,1,1,3,1,1,5,1,6
GP,M,16,U,LE3,A,0,1,services,at_home,reputation,mother,1,2,0,no,no,no,no,yes,no,yes,no,3,1,5,1,3,1,1,3,2,2
GP,M,16,U,LE3,A,0,1,services,other,reputation,mother,1,3,0,no,no,no,no,yes,yes,yes,no,1,1,5,1,3,1,0,1,2,5
GP,M,16,U,LE3,A,0,1,services,at_home,reputation,mother,1,2,0,no,no,no,no,yes,no,yes,no,2,2,1,1,4,1,1,5,3,3
GP,M,16,U,LE3,A,0,1,services,teacher,other,mother,1,1,0,no,no,no,no,yes,yes,yes,no,3,2,5,1,3,1,1,4,1,5
GP,M,16,U,LE3,A,0,1,services,at_home,reputation,mother,1,1,0,no,no,no,no,yes,yes,yes,no,1,2,1,1,1,1,1,1,2,6
GP,M,16,U,LE3,A,0,1,services,teacher,other,mother,1,3,0,no,no,no,no,yes,yes,yes,no,1,2,4,2,2,1,2,3,1,3
GP,M,16,U,LE3,A,0,1,services,teacher,reputation,mother,1,1,0,no,no,no,no,yes,no,yes,no,1,1,2,1,3,1,1,2,3,5
GP,M,16,U,LE3,A,0,1,services,at_home,reputation,mother,1,2,0,no,no,no,no,yes,no,no,no,1,2,4,1,3,1,1,2,1,1
GP,M,16,U,LE3,A,0,1,services,teacher,other,mother,1,3,0,yes,no,no,no,yes,yes,yes,no,1,3,4,2,2,1,2,1,3,2
GP,M,16,U,LE3,A,0,1,services,teacher,other,mother,1,4,0,no,no,no,no,yes,yes,no,no,2,3,3,1,2,1,1,3,1,2
GP,M,16,U,LE3,A,0,1,services,at_home,reputation,mother,1,1,0,no,no,no,no,yes,yes,yes,no,3,2,5,1,2,1,0,5,1,3
GP,M,16,U,LE3,A,0,1,services,at_home,other,mother,1,2,0,no,no,no,no,yes,yes,yes,no,3,1,3,1,1,1,1,4,3,3
GP,M,16,U,LE3,A,0,1,services,teacher,reputation,mother,1,2,0,no,no,no,no,yes,no,yes,no,3,2,4,1,3,1,1,2,1,1
GP,M,16,U,LE3,A,0,1,services,at_home,reputation,mother,1,4,0,no,no,no,no,yes,yes,yes,no,1,1,5,2,2,1,1,2,1,4
GP,M,16,U,LE3,A,0,1,services,other,other,mother,1,3,0,no,no,no,no,yes,yes,no,no,2,2,4,2,3,1,1,3,2,6
GP,M,16,U,LE3,A,0,1,services,teacher,reputation,mother,1,4,0,yes,no,no,no,yes,yes,yes,no,1,2,4,1,3,1,1,4,0,5
GP,M,15,U,LE3,A,0,1,services,other,other,mother,1,2,0,no,no,no,no,yes,yes,no,no,3,2,3,1,1,1,0,2,2,5
GP,M,16,U,LE3,A,0,1,services,at_home,reputation,mother,1,1,0,no,no,no,no,yes,no,yes,no,3,3,3,1,4,1,1,1,3,2
GP,M,17,U,LE3,A,0,1,services,teacher,reputation,mother,1,3,0,yes,no,no,no,yes,yes,yes,no,2,3,5,1,2,1,2,1,0,2
GP,M,16,U,LE3,A,0,1,services,at_home,reputation,mother,1,1,0,no,no,no,no,yes,yes,yes,no,1,1,4,1,1,1,1,0,2,1
GP,M,16,U,LE3,A,0,1,services,other,reputation,mother,1,4,0,no,no,no,no,yes,yes,yes,no,2,1,5,1,3,1,0,4,3,0
GP,M,16,U,LE3,A,0,1,services,other,reputation,mother,1,3,0,no,no,no,no,yes,yes,yes,no,2,1,5,2,1,1,2,1,1,1
GP,M,15,U,LE3,A,0,1,services,teacher,reputation,mother,1,1,0,no,no,no,no,yes,yes,no,no,2,2,3,1,1,1,1,5,1,4
GP,M,15,U,LE3,A,0,1,services,other,reputation,mother,1,2,0,no,no,no,no,yes,yes,no,no,2,3,4,1,1,1,0,0,0,5
GP,M,16,U,LE3,A,0,1,services,at_home,reputation,mother,1,4,0,yes,no,no,no,yes,yes,yes,no,2,3,5,2,3,1,2,4,0,4
GP,M,17,U,LE3,A,0,1,services,teacher,other,mother,1,4,0,yes,no,no,no,yes,yes,yes,no,2,3,3,2,3,1,2,1,0,4
GP,M,16,U,LE3,A,0,1,services,teacher,reputation,mother,1,4,0,no,no,no,no,yes,yes,yes,no,1,2,3,1,1,1,1,4,3,6
GP,M,15,U,LE3,A,0,1,services,other,other,mother,1,2,0,no,no,no,no,yes,yes,no,no,1,2,3,1,1,1,1,1,2,4
GP,M,16,U,LE3,A,0,1,services,at_home,other,mother,1,3,0,no,no,no,no,yes,yes,yes,no,1,1,3,2,3,1,1,4,1,4
GP,M,16,U,LE3,A,0,1,services,at_home,other,mother,1,3,0,no,no,no,no,yes,yes,yes,no,2,1,4,2,3,1,2,3,1,0
GP,M,16,U,LE3,A,0,1,services,at_home,other,mother,1,3,0,no,no,no,no,yes,yes,yes,no,1,1,5,1,3,1,2,3,1,3
GP,M,16,U,LE3,A,0,1,services,teacher,other,mother,1,1,0,no,no,no,no,yes,no,yes,no,2,2,3,1,1,1,0,5,2,1
GP,M,15,U,LE3,A,0,1,services,at_home,other,mother,1,2,0,no,no,no,no,yes,no,no,no,2,2,3,1,2,1,1,0,2,6
GP,M,16,U,LE3,A,0,1,services,teacher,other,mother,1,2,0,no,no,no,no,yes,no,no,no,3,2,4,1,2,1,1,1,2,3
GP,M,16,U,LE3,A,0,1,services,at_home,other,mother,1,3,0,no,no,no,no,yes,yes,yes,no,1,2,4,2,4,1,2,2,1,4
GP,M,16,U,LE3,A,0,1,services,teacher,reputation,mother,1,1,0,no,no,no,no,yes,yes,no,no,1,2,2,1,4,1,0,3,2,4
GP,M,16,U,LE3,A,0,1,services,other,reputation,mother,1,4,0,no,no,no,no,yes,yes,no,no,1,3,4,2,1,1,0,1,2,2
GP,M,16,U,LE3,A,0,1,services,at_home,other,mother,1,2,0,no,no,no,no,yes,no,no,no,3,2,4,1,4,1,1,5,2,6
GP,M,16,U,LE3,A,0,1,services,other,other,mother,1,2,0,no,no,no,no,yes,yes,yes,no,2,3,5,1,1,1,1,0,3,3
GP,M,16,U,LE3,A,0,1,services,teacher,reputation,mother,1,2,0,no,no,no,no,yes,yes,yes,no,2,3,3,1,1,1,1,5,2,2
GP,M,16,U,LE3,A,0,1,services,other,reputation,mother,1,3,0,no,no,no,no,yes,no,yes,no,1,3,4,1,2,1,2,2,1,6
GP,M,16,U,LE3,A,0,1,services,other,other,mother,1,1,0,no,no,no,no,yes,no,no,no,2,1,1,1,3,1,1,3,2,2
GP,M,16,U,LE3,A,0,1,services,at_home,reputation,mother,1,2,0,no,no,no,no,yes,no,no,no,2,2,2,1,3,1,1,5,2,7
GP,M,16,U,LE3,A,0,1,services,teacher,other,mother,1,3,0,no,no,no,no,yes,yes,yes,no,1,3,3,2,2,1,1,4,2,2
GP,M,15,U,LE3,A,0,1,services,other,reputation,mother,1,1,0,no,no,no,no,yes,yes,yes,no,1,2,5,1,1,1,1,3,1,3
GP,M,16,U,LE3,A,0,1,services,teacher,reputation,mother,1,2,0,no,no,no,no,yes,yes,no,no,2,2,3,1,1,1,1,2,2,3
GP,M,16,U,LE3,A,0,1,services,other,reputation,mother,1,1,0,no,no,no,no,yes,no,no,no,3,2,3,1,2,1,1,4,2,5
GP,M,15,U,LE3,A,0,0,teacher,teacher,reputation,mother,1,2,0,no,no,no,no,yes,yes,no,no,1,3,1,1,1,1,1,3,2,7
GP,M,16,U,LE3,A,0,1,services,other,other,mother,1,3,0,no,no,no,no,yes,yes,yes,no,2,1,3,1,3,1,1,4,2,6
GP,M,16,U,LE3,A,0,1,services,other,other,mother,1,3,0,no,no,no,no,yes,yes,yes,no,1,3,5,1,2,1,1,3,0,5
GP,M,16,U,LE3,A,0,1,services,teacher,other,mother,1,3,0,no,no,no,no,yes,yes,yes,no,1,3,5,1,1,1,1,2,2,3
GP,M,16,U,LE3,A,0,1,services,other,other,mother,1,2,0,no,no,no,no,yes,yes,no,no,2,1,1,1,2,1,1,5,0,0
GP,M,16,U,LE3,A,0,1,services,at_home,other,mother,1,4,0,no,no,no,no,yes,yes,yes,no,1,3,3,2,4,1,0,5,1,1
