school,sex,age,address,famsize,Pstatus,Medu,Fedu,Mjob,Fjob,reason,guardian,traveltime,studytime,failures,schoolsup,famsup,paid,activities,nursery,higher,internet,romantic,famrel,freetime,goout,Dalc,Walc,health,absences,G1,G2,G3
MS,F,15,U,LE3,A,1,0,teacher,teacher,home,father,1,1,0,yes,yes,no,no,yes,no,no,no,1,1,1,1,1,1,0,4,1,1
MS,F,15,U,LE3,A,1,0,teacher,teacher,home,father,1,1,0,yes,yes,no,no,yes,no,no,no,1,1,1,1,1,1,0,7,0,1
MS,F,15,U,LE3,A,0,0,teacher,teacher,home,father,1,1,0,yes,yes,no,no,yes,no,no,no,1,1,1,1,1,1,0,8,2,2
MS,F,15,U,LE3,A,1,0,teacher,teacher,home,father,1,1,0,yes,yes,no,no,yes,no,no,no,1,1,1,1,1,1,1,7,1,1
MS,F,15,U,LE3,A,1,0,teacher,teacher,home,father,1,1,0,yes,yes,no,no,yes,no,no,no,1,1,1,1,1,1,1,7,2,3
GP,M,15,U,LE3,A,1,0,teacher,teacher,home,father,2,1,0,yes,yes,yes,no,no,no,no,no,1,1,1,1,2,1,0,7,0,0
MS,F,15,U,LE3,A,1,0,teacher,teacher,home,father,1,1,0,yes,yes,no,no,yes,no,no,no,1,1,1,1,1,1,1,7,2,3
MS,F,15,U,LE3,A,1,0,teacher,teacher,home,father,1,1,0,yes,yes,no,no,yes,no,no,yes,1,1,1,1,1,1,1,7,2,1
MS,F,15,U,LE3,A,0,0,teacher,teacher,home,father,1,1,0,yes,yes,no,no,yes,no,no,no,1,1,1,1,1,1,0,7,2,2
GP,M,15,U,LE3,A,1,0,teacher,teacher,home,father,2,1,0,yes,yes,yes,no,no,no,no,no,1,1,1,1,2,1,0,7,0,3
MS,F,15,U,LE3,A,1,0,teacher,teacher,home,father,1,1,0,yes,yes,no,no,yes,no,no,yes,1,1,1,1,1,1,0,8,2,2
MS,F,15,U,LE3,A,1,0,teacher,teacher,home,father,1,1,0,yes,yes,no,no,yes,no,no,yes,1,1,1,1,1,1,1,7,0,2
GP,M,15,U,LE3,A,0,0,teacher,teacher,home,father,2,1,0,yes,yes,yes,no,no,no,no,yes,1,1,1,1,2,1,1,8,2,1
GP,M,15,U,LE3,A,1,0,teacher,teacher,home,father,2,1,0,yes,yes,yes,no,no,no,no,no,1,1,1,1,3,1,1,7,0,3
MS,F,15,U,LE3,A,1,0,teacher,teacher,home,father,1,1,0,yes,yes,no,no,yes,no,no,no,1,1,1,1,1,1,1,7,2,2
MS,F,15,U,LE3,A,1,0,teacher,teacher,home,father,1,1,0,yes,yes,no,no,yes,no,no,yes,1,1,1,1,1,1,0,8,2,3
MS,F,15,U,LE3,A,1,0,teacher,teacher,home,father,1,1,0,yes,yes,no,no,yes,no,no,yes,1,1,1,1,1,1,0,7,1,2
MS,F,15,U,LE3,A,0,0,teacher,teacher,home,father,1,1,0,yes,yes,no,no,yes,no,no,yes,1,1,1,1,1,1,0,8,2,1
GP,M,15,U,LE3,A,1,0,teacher,teacher,home,father,2,1,0,yes,yes,yes,no,no,no,no,yes,1,1,1,1,3,1,0,7,1,3
MS,F,15,U,LE3,A,0,0,teacher,teacher,home,father,1,1,0,yes,yes,no,no,yes,no,no,yes,1,1,1,1,1,1,0,7,0,3
MS,F,15,U,LE3,A,0,0,teacher,teacher,home,father,1,1,0,yes,yes,no,no,yes,no,no,no,1,1,1,1,1,1,1,7,2,2
MS,F,15,U,LE3,A,1,0,teacher,teacher,home,father,1,1,0,yes,yes,no,no,yes,no,no,yes,1,1,1,1,1,1,0,7,1,1
MS,F,15,U,LE3,A,0,0,teacher,teacher,home,father,1,1,0,yes,yes,no,no,yes,no,no,no,1,1,1,1,1,1,1,8,1,2
GP,M,15,U,LE3,A,1,0,teacher,teacher,home,father,2,1,0,yes,yes,no,no,no,no,no,yes,1,1,1,1,3,1,0,8,1,2
MS,F,15,U,LE3,A,0,0,teacher,teacher,home,father,1,1,0,yes,yes,no,no,yes,no,no,yes,1,1,1,1,1,1,0,7,2,2
MS,F,15,U,LE3,A,1,0,teacher,teacher,home,father,1,1,0,yes,yes,no,no,yes,no,no,no,1,1,1,1,1,1,0,7,1,3
MS,F,15,U,LE3,A,1,0,teacher,teacher,home,father,1,1,0,yes,yes,no,no,yes,no,no,yes,1,1,1,1,1,1,1,7,0,1
MS,F,15,U,LE3,A,0,0,teacher,teacher,home,father,1,1,0,yes,yes,no,no,yes,no,no,no,1,1,1,1,1,1,0,7,1,2
GP,M,15,U,LE3,A,1,0,teacher,teacher,home,father,2,1,0,yes,yes,yes,no,no,no,no,yes,1,1,1,1,4,1,0,8,2,1
MS,F,15,U,LE3,A,1,0,teacher,teacher,home,father,1,1,0,yes,yes,no,no,yes,no,no,yes,1,1,1,1,1,1,1,7,0,2
MS,F,15,U,LE3,A,1,0,teacher,teacher,home,father,1,1,0,yes,yes,no,no,yes,no,no,yes,1,1,1,1,1,1,1,7,2,1
GP,M,15,U,LE3,A,0,0,teacher,teacher,home,father,2,1,0,yes,yes,yes,no,no,no,no,yes,1,1,1,1,2,1,0,7,2,1
MS,F,15,U,LE3,A,0,0,teacher,teacher,home,father,1,1,0,yes,yes,no,no,yes,no,no,yes,1,1,1,1,1,1,1,7,2,1
GP,M,15,U,LE3,A,1,0,teacher,teacher,home,father,2,1,0,yes,yes,yes,no,no,no,no,yes,1,1,1,1,3,1,1,7,1,1
GP,M,15,U,LE3,A,1,0,teacher,teacher,home,father,2,1,0,yes,yes,yes,no,no,no,no,yes,1,1,1,1,2,1,1,7,2,2
MS,F,15,U,LE3,A,0,0,teacher,teacher,home,father,1,1,0,yes,yes,no,no,yes,no,no,yes,1,1,1,1,1,1,1,8,1,1
MS,F,15,U,LE3,A,0,0,teacher,teacher,home,father,1,1,0,yes,yes,no,no,yes,no,no,yes,1,1,1,1,1,1,1,7,0,1
MS,F,15,U,LE3,A,1,0,teacher,teacher,home,father,1,1,0,yes,yes,no,no,yes,no,no,no,1,1,1,1,1,1,1,7,2,3
MS,F,15,U,LE3,A,0,0,teacher,teacher,home,father,1,1,0,yes,yes,no,no,yes,no,no,no,1,1,1,1,1,1,1,7,1,1
MS,F,15,U,LE3,A,1,0,teacher,teacher,home,father,1,1,0,yes,yes,no,no,yes,no,no,yes,1,1,1,1,1,1,1,8,1,2
GP,M,15,U,LE3,A,1,0,teacher,teacher,home,father,2,1,0,yes,yes,yes,no,no,no,no,no,1,1,1,1,2,1,0,7,1,1
MS,F,15,U,LE3,A,0,0,teacher,teacher,home,father,1,1,0,yes,yes,no,no,yes,no,no,yes,1,1,1,1,1,1,0,7,0,3
MS,F,15,U,LE3,A,0,0,teacher,teacher,home,father,1,1,0,yes,yes,no,no,yes,no,no,no,1,1,1,1,1,1,0,7,0,1
GP,M,15,U,LE3,A,1,0,teacher,teacher,home,father,2,1,0,yes,yes,no,no,no,no,no,yes,1,1,1,1,4,1,1,7,2,1
MS,F,15,U,LE3,A,0,0,teacher,teacher,home,father,1,1,0,yes,yes,no,no,no,no,no,yes,1,1,1,1,1,1,0,7,0,3
MS,F,15,U,LE3,A,1,0,teacher,teacher,home,father,1,1,0,yes,yes,no,no,yes,no,no,no,1,1,1,1,1,1,1,8,2,3
MS,F,15,U,LE3,A,1,0,teacher,teacher,home,father,1,1,0,yes,yes,no,no,yes,no,no,yes,1,1,1,1,1,1,1,7,0,3
MS,F,15,U,LE3,A,1,0,teacher,teacher,home,father,1,1,0,yes,yes,no,no,no,no,no,no,1,1,1,1,2,1,1,8,1,3
GP,M,15,U,LE3,A,1,0,teacher,teacher,home,father,2,1,0,yes,yes,yes,no,no,no,no,yes,1,1,1,1,3,1,0,8,2,2
MS,F,15,U,LE3,A,0,0,teacher,teacher,home,father,1,1,0,yes,yes,no,no,yes,no,no,yes,1,1,1,1,1,1,0,8,2,3
GP,M,15,U,LE3,A,0,0,teacher,teacher,home,father,2,1,0,yes,yes,yes,no,no,no,no,no,1,1,1,1,2,1,0,7,1,1
MS,F,15,U,LE3,A,0,0,teacher,teacher,home,father,1,1,0,yes,yes,no,no,yes,no,no,yes,1,1,1,1,1,1,0,7,2,3
GP,M,15,U,LE3,A,0,0,teacher,teacher,home,father,2,1,0,yes,yes,yes,no,no,no,no,yes,1,1,1,1,4,1,0,8,0,2
GP,M,15,U,LE3,A,0,0,teacher,teacher,home,father,2,1,0,yes,yes,yes,no,no,no,no,yes,1,1,1,1,2,1,0,7,0,1
MS,F,15,U,LE3,A,0,0,teacher,teacher,home,father,1,1,0,yes,yes,no,no,yes,no,no,yes,1,1,1,1,1,1,1,8,2,3
GP,M,15,U,LE3,A,0,0,teacher,teacher,home,father,2,1,0,yes,yes,yes,no,no,no,no,no,1,1,1,1,4,1,1,8,0,1
GP,M,15,U,LE3,A,0,0,teacher,teacher,home,father,2,1,0,yes,yes,yes,no,no,no,no,yes,1,1,1,1,4,1,0,8,1,1
MS,F,15,U,LE3,A,1,0,teacher,teacher,home,father,1,1,0,yes,yes,no,no,yes,no,no,no,1,1,1,1,1,1,0,7,2,1
GP,M,15,U,LE3,A,1,0,teacher,teacher,home,father,2,1,0,yes,yes,yes,no,no,no,no,no,1,1,1,1,4,1,1,7,2,2
GP,M,15,U,LE3,A,0,0,teacher,teacher,home,father,2,1,0,yes,yes,yes,no,no,no,no,no,1,1,1,1,2,1,0,7,1,2
GP,M,15,U,LE3,A,1,0,teacher,teacher,home,father,2,1,0,yes,yes,yes,no,no,no,no,no,1,1,1,1,3,1,0,8,1,3
GP,M,15,U,LE3,A,0,0,teacher,teacher,home,father,2,1,0,yes,yes,yes,no,no,no,no,no,1,1,1,1,3,1,0,7,0,2
GP,M,15,U,LE3,A,0,0,teacher,teacher,home,father,2,1,0,yes,yes,yes,no,no,no,no,no,1,1,1,1,3,1,1,7,2,1
MS,F,15,U,LE3,A,0,0,teacher,teacher,home,father,1,1,0,yes,yes,no,no,yes,no,no,no,1,1,1,1,1,1,1,8,2,3
MS,F,15,U,LE3,A,1,0,teacher,teacher,home,father,1,1,0,yes,yes,no,no,yes,no,no,yes,1,1,1,1,1,1,1,8,1,3
GP,M,15,U,LE3,A,1,0,teacher,teacher,home,father,2,1,0,yes,yes,yes,no,no,no,no,yes,1,1,1,1,3,1,1,8,2,1
MS,F,15,U,LE3,A,1,0,teacher,teacher,home,father,1,1,0,yes,yes,no,no,no,no,no,yes,1,1,1,1,4,1,0,7,0,0
GP,M,15,U,LE3,A,0,0,teacher,teacher,home,father,2,1,0,yes,yes,no,no,no,no,no,yes,1,1,1,1,4,1,1,8,1,3
MS,F,15,U,LE3,A,0,0,teacher,teacher,home,father,1,1,0,yes,yes,no,no,yes,no,no,no,1,1,1,1,1,1,0,7,1,0
GP,M,15,U,LE3,A,0,0,teacher,teacher,home,father,2,1,0,yes,yes,yes,no,no,no,no,yes,1,1,1,1,2,1,0,7,1,1
MS,F,15,U,LE3,A,1,0,teacher,teacher,home,father,1,1,0,yes,yes,no,no,yes,no,no,yes,1,1,1,1,1,1,0,7,2,1
MS,F,15,U,LE3,A,0,0,teacher,teacher,home,father,1,1,0,yes,yes,no,no,yes,no,no,no,1,1,1,1,1,1,0,7,0,3
GP,M,15,U,LE3,A,0,0,teacher,teacher,home,father,2,1,0,yes,yes,yes,no,no,no,no,yes,1,1,1,1,4,1,1,7,0,3
MS,F,15,U,LE3,A,0,0,teacher,teacher,home,father,1,1,0,yes,yes,no,no,yes,no,no,no,1,1,1,1,1,1,1,7,2,2
MS,F,15,U,LE3,A,0,0,teacher,teacher,home,father,2,1,0,yes,yes,no,no,no,no,no,no,1,1,1,1,4,1,1,8,0,2
MS,F,15,U,LE3,A,1,0,teacher,teacher,home,father,1,1,0,yes,yes,no,no,yes,no,no,yes,1,1,1,1,1,1,0,7,2,1
MS,F,15,U,LE3,A,1,0,teacher,teacher,home,father,1,1,0,yes,yes,no,no,yes,no,no,no,1,1,1,1,1,1,0,7,1,2
MS,F,15,U,LE3,A,1,0,teacher,teacher,home,father,1,1,0,yes,yes,no,no,yes,no,no,yes,1,1,1,1,1,1,0,7,2,1
MS,F,15,U,LE3,A,0,0,teacher,teacher,home,father,1,1,0,yes,yes,no,no,yes,no,no,yes,1,1,1,1,1,1,1,8,2,2
GP,M,15,U,LE3,A,1,0,teacher,teacher,home,father,2,1,0,yes,yes,yes,no,no,no,no,yes,1,1,1,1,2,1,0,7,1,2
GP,M,15,U,LE3,A,0,0,teacher,teacher,home,father,2,1,0,yes,yes,yes,no,no,no,no,yes,1,1,1,1,2,1,1,7,2,2
GP,M,15,U,LE3,A,0,0,teacher,teacher,home,father,2,1,0,yes,yes,yes,no,no,no,no,no,1,1,1,1,4,1,1,8,1,3
MS,F,15,U,LE3,A,1,0,teacher,teacher,home,father,1,1,0,yes,yes,no,no,yes,no,no,no,1,1,1,1,1,1,0,7,2,3
GP,M,15,U,LE3,A,0,0,teacher,teacher,home,father,2,1,0,yes,yes,yes,no,no,no,no,no,1,1,1,1,4,1,1,7,2,0
GP,M,15,U,LE3,A,0,0,teacher,teacher,home,father,2,1,0,yes,yes,no,no,no,no,no,no,1,1,1,1,3,1,0,7,2,1
GP,M,15,U,LE3,A,0,0,teacher,teacher,home,father,2,1,0,yes,yes,yes,no,no,no,no,no,1,1,1,1,3,1,1,7,2,2
MS,F,15,U,LE3,A,0,0,teacher,teacher,home,father,1,1,0,yes,yes,no,no,yes,no,no,yes,1,1,1,1,1,1,1,7,0,0
MS,F,15,U,LE3,A,1,0,teacher,teacher,home,father,1,1,0,yes,yes,no,no,yes,no,no,yes,1,1,1,1,1,1,1,8,0,1
MS,F,15,U,LE3,A,1,0,teacher,teacher,home,father,1,1,0,yes,yes,no,no,yes,no,no,no,1,1,1,1,1,1,0,7,0,1
MS,F,15,U,LE3,A,1,0,teacher,teacher,home,father,1,1,0,yes,yes,no,no,yes,no,no,yes,1,1,1,1,1,1,0,7,2,1
GP,M,15,U,LE3,A,0,0,teacher,teacher,home,father,2,1,0,yes,yes,yes,no,no,no,no,no,1,1,1,1,4,1,0,7,1,0
GP,M,15,U,LE3,A,0,0,teacher,teacher,home,father,2,1,0,yes,yes,yes,no,no,no,no,no,1,1,1,1,2,1,0,7,1,2
MS,F,15,U,LE3,A,1,0,teacher,teacher,home,father,1,1,0,yes,yes,no,no,yes,no,no,yes,1,1,1,1,1,1,1,7,0,1
GP,M,15,U,LE3,A,1,0,teacher,teacher,home,father,2,1,0,yes,yes,yes,no,no,no,no,yes,1,1,1,1,3,1,1,7,0,2
MS,F,15,U,LE3,A,1,0,teacher,teacher,home,father,1,1,0,yes,yes,no,no,no,no,no,no,1,1,1,1,2,1,1,7,1,1
MS,F,15,U,LE3,A,0,0,teacher,teacher,home,father,1,1,0,yes,yes,no,no,yes,no,no,no,1,1,1,1,1,1,0,8,2,1
MS,F,15,U,LE3,A,0,0,teacher,teacher,home,father,1,1,0,yes,yes,no,no,yes,no,no,no,1,1,1,1,1,1,0,7,0,3
MS,F,15,U,LE3,A,1,0,teacher,teacher,home,father,1,1,0,yes,yes,no,no,yes,no,no,no,1,1,1,1,1,1,1,8,2,3
MS,F,15,U,LE3,A,0,0,teacher,teacher,home,father,1,1,0,yes,yes,no,no,yes,no,no,no,1,1,1,1,1,1,1,7,2,0
GP,M,15,U,LE3,A,0,0,teacher,teacher,home,father,2,1,0,yes,yes,no,no,no,no,no,yes,1,1,1,1,4,1,1,7,1,2
MS,F,15,U,LE3,A,1,0,teacher,teacher,home,father,1,1,0,yes,yes,no,no,yes,no,no,no,1,1,1,1,1,1,0,7,1,3
MS,F,15,U,LE3,A,0,0,teacher,teacher,home,father,1,1,0,yes,yes,no,no,yes,no,no,no,1,1,1,1,1,1,0,7,2,1
MS,F,15,U,LE3,A,0,0,teacher,teacher,home,father,1,1,0,yes,yes,no,no,yes,no,no,no,1,1,1,1,1,1,0,7,1,3
GP,M,15,U,LE3,A,0,0,teacher,teacher,home,father,2,1,0,yes,yes,yes,no,no,no,no,no,1,1,1,1,2,1,1,7,1,0
GP,M,15,U,LE3,A,1,0,teacher,teacher,home,father,2,1,0,yes,yes,yes,no,no,no,no,yes,1,1,1,1,2,1,1,7,1,2
MS,F,15,U,LE3,A,1,0,teacher,teacher,home,father,1,1,0,yes,yes,no,no,yes,no,no,no,1,1,1,1,1,1,1,8,1,3
MS,F,15,U,LE3,A,0,0,teacher,teacher,home,father,1,1,0,yes,yes,no,no,yes,no,no,yes,1,1,1,1,1,1,1,7,2,1
GP,M,15,U,LE3,A,0,0,teacher,teacher,home,father,2,1,0,yes,yes,yes,no,no,no,no,yes,1,1,1,1,3,1,1,7,1,0
MS,F,15,U,LE3,A,0,0,teacher,teacher,home,father,1,1,0,yes,yes,no,no,yes,no,no,no,1,1,1,1,1,1,1,7,0,3
GP,M,15,U,LE3,A,0,0,teacher,teacher,home,father,2,1,0,yes,yes,no,no,no,no,no,yes,1,1,1,1,2,1,1,7,1,2
MS,F,15,U,LE3,A,0,0,teacher,teacher,home,father,1,1,0,yes,yes,no,no,yes,no,no,yes,1,1,1,1,1,1,1,7,2,2
MS,F,15,U,LE3,A,0,0,teacher,teacher,home,father,1,1,0,yes,yes,no,no,yes,no,no,no,1,1,1,1,1,1,0,8,1,3
MS,F,15,U,LE3,A,1,0,teacher,teacher,home,father,1,1,0,yes,yes,no,no,yes,no,no,no,1,1,1,1,1,1,1,8,1,3
MS,F,15,U,LE3,A,0,0,teacher,teacher,home,father,1,1,0,yes,yes,no,no,yes,no,no,yes,1,1,1,1,1,1,0,7,0,0
GP,M,15,U,LE3,A,1,0,teacher,teacher,home,father,2,1,0,yes,yes,yes,no,no,no,no,yes,1,1,1,1,2,1,0,7,1,3
GP,M,15,U,LE3,A,0,0,teacher,teacher,home,father,2,1,0,yes,yes,yes,no,no,no,no,no,1,1,1,1,3,1,1,7,1,2
GP,M,15,U,LE3,A,1,0,teacher,teacher,home,father,2,1,0,yes,yes,no,no,no,no,no,no,1,1,1,1,4,1,1,8,0,1
GP,M,15,U,LE3,A,0,0,teacher,teacher,home,father,2,1,0,yes,yes,yes,no,no,no,no,yes,1,1,1,1,4,1,1,8,1,3
GP,M,15,U,LE3,A,1,0,teacher,teacher,home,father,2,1,0,yes,yes,yes,no,no,no,no,no,1,1,1,1,2,1,0,7,1,3
GP,M,15,U,LE3,A,1,0,teacher,teacher,home,father,2,1,0,yes,yes,yes,no,no,no,no,no,1,1,1,1,2,1,0,7,2,3
MS,F,15,U,LE3,A,1,0,teacher,teacher,home,father,1,1,0,yes,yes,no,no,yes,no,no,no,1,1,1,1,1,1,1,7,0,1
MS,F,15,U,LE3,A,1,0,teacher,teacher,home,father,1,1,0,yes,yes,no,no,yes,no,no,yes,1,1,1,1,1,1,0,7,1,2
MS,F,15,U,LE3,A,1,0,teacher,teacher,home,father,1,1,0,yes,yes,no,no,no,no,no,yes,1,1,1,1,1,1,0,8,0,3
MS,F,15,U,LE3,A,0,0,teacher,teacher,home,father,1,1,0,yes,yes,no,no,no,no,no,no,1,1,1,1,1,1,1,7,1,2
MS,F,15,U,LE3,A,1,0,teacher,teacher,home,father,1,1,0,yes,yes,no,no,yes,no,no,no,1,1,1,1,1,1,0,7,0,1
MS,F,15,U,LE3,A,0,0,teacher,teacher,home,father,1,1,0,yes,yes,no,no,yes,no,no,no,1,1,1,1,1,1,0,7,1,2
MS,F,15,U,LE3,A,1,0,teacher,teacher,home,father,1,1,0,yes,yes,no,no,yes,no,no,yes,1,1,1,1,1,1,0,7,1,3
MS,F,15,U,LE3,A,0,0,teacher,teacher,home,father,1,1,0,yes,yes,no,no,no,no,no,no,1,1,1,1,1,1,0,7,1,1
MS,F,15,U,LE3,A,0,0,teacher,teacher,home,father,1,1,0,yes,yes,no,no,yes,no,no,yes,1,1,1,1,1,1,0,7,2,0
MS,F,15,U,LE3,A,0,0,teacher,teacher,home,father,1,1,0,yes,yes,no,no,no,no,no,no,1,1,1,1,1,1,1,8,0,3
GP,M,15,U,LE3,A,0,0,teacher,teacher,home,father,2,1,0,yes,yes,yes,no,no,no,no,no,1,1,1,1,2,1,0,7,1,3
MS,F,15,U,LE3,A,1,0,teacher,teacher,home,father,1,1,0,yes,yes,no,no,yes,no,no,no,1,1,1,1,1,1,1,8,0,1
GP,M,15,U,LE3,A,0,0,teacher,teacher,home,father,2,1,0,yes,yes,yes,no,no,no,no,no,1,1,1,1,3,1,0,7,2,3
MS,F,15,U,LE3,A,0,0,teacher,teacher,home,father,1,1,0,yes,yes,no,no,yes,no,no,no,1,1,1,1,1,1,0,8,2,1
MS,F,15,U,LE3,A,0,0,teacher,teacher,home,father,1,1,0,yes,yes,no,no,yes,no,no,no,1,1,1,1,1,1,1,7,2,1
MS,F,15,U,LE3,A,0,0,teacher,teacher,home,father,1,1,0,yes,yes,no,no,yes,no,no,no,1,1,1,1,1,1,0,8,2,0
MS,F,15,U,LE3,A,1,0,teacher,teacher,home,father,1,1,0,yes,yes,no,no,yes,no,no,no,1,1,1,1,1,1,0,8,0,2
GP,M,15,U,LE3,A,1,0,teacher,teacher,home,father,2,1,0,yes,yes,no,no,no,no,no,yes,1,1,1,1,4,1,1,7,2,3
GP,M,15,U,LE3,A,0,0,teacher,teacher,home,father,2,1,0,yes,yes,yes,no,no,no,no,no,1,1,1,1,3,1,0,7,1,0
MS,F,15,U,LE3,A,0,0,teacher,teacher,home,father,1,1,0,yes,yes,no,no,yes,no,no,no,1,1,1,1,1,1,1,8,1,2
MS,F,15,U,LE3,A,0,0,teacher,teacher,home,father,1,1,0,yes,yes,no,no,yes,no,no,no,1,1,1,1,1,1,0,7,0,3
MS,F,15,U,LE3,A,1,0,teacher,teacher,home,father,1,1,0,yes,yes,no,no,yes,no,no,yes,1,1,1,1,1,1,0,8,1,2
GP,M,15,U,LE3,A,0,0,teacher,teacher,home,father,2,1,0,yes,yes,yes,no,no,no,no,yes,1,1,1,1,2,1,0,7,0,2
MS,F,15,U,LE3,A,1,0,teacher,teacher,home,father,1,1,0,yes,yes,no,no,yes,no,no,no,1,1,1,1,1,1,0,8,1,1
MS,F,15,U,LE3,A,0,0,teacher,teacher,home,father,1,1,0,yes,yes,no,no,no,no,no,yes,1,1,1,1,1,1,1,7,2,2
MS,F,15,U,LE3,A,0,0,teacher,teacher,home,father,1,1,0,yes,yes,no,no,yes,no,no,yes,1,1,1,1,1,1,1,8,1,3
GP,M,15,U,LE3,A,0,0,teacher,teacher,home,father,2,1,0,yes,yes,yes,no,no,no,no,yes,1,1,1,1,2,1,1,7,2,3
MS,F,15,U,LE3,A,0,0,teacher,teacher,home,father,1,1,0,yes,yes,no,no,no,no,no,no,1,1,1,1,1,1,1,7,2,2
GP,M,15,U,LE3,A,1,0,teacher,teacher,home,father,2,1,0,yes,yes,yes,no,no,no,no,yes,1,1,1,1,2,1,1,7,1,1
GP,M,15,U,LE3,A,0,0,teacher,teacher,home,father,2,1,0,yes,yes,yes,no,no,no,no,no,1,1,1,1,2,1,0,7,0,3
MS,F,15,U,LE3,A,0,0,teacher,teacher,home,father,1,1,0,yes,yes,no,no,yes,no,no,no,1,1,1,1,1,1,1,7,2,1
GP,M,15,U,LE3,A,1,0,teacher,teacher,home,father,2,1,0,yes,yes,yes,no,no,no,no,no,1,1,1,1,2,1,0,8,1,0
GP,M,15,U,LE3,A,1,0,teacher,teacher,home,father,2,1,0,yes,yes,yes,no,no,no,no,yes,1,1,1,1,3,1,0,7,0,3
GP,M,15,U,LE3,A,0,0,teacher,teacher,home,father,2,1,0,yes,yes,yes,no,no,no,no,no,1,1,1,1,2,1,0,8,1,0
MS,F,15,U,LE3,A,1,0,teacher,teacher,home,father,1,1,0,yes,yes,no,no,yes,no,no,yes,1,1,1,1,1,1,1,8,1,3
GP,M,15,U,LE3,A,1,0,teacher,teacher,home,father,2,1,0,yes,yes,no,no,no,no,no,yes,1,1,1,1,3,1,0,7,2,2
GP,M,15,U,LE3,A,0,0,teacher,teacher,home,father,2,1,0,yes,yes,yes,no,no,no,no,no,1,1,1,1,2,1,0,8,2,1
MS,F,15,U,LE3,A,1,0,teacher,teacher,home,father,1,1,0,yes,yes,no,no,no,no,no,no,1,1,1,1,1,1,0,7,1,3
GP,M,15,U,LE3,A,1,0,teacher,teacher,home,father,2,1,0,yes,yes,yes,no,no,no,no,yes,1,1,1,1,3,1,0,7,2,2
GP,M,15,U,LE3,A,1,0,teacher,teacher,home,father,2,1,0,yes,yes,yes,no,no,no,no,yes,1,1,1,1,2,1,1,8,1,2
MS,F,15,U,LE3,A,0,0,teacher,teacher,home,father,1,1,0,yes,yes,no,no,no,no,no,yes,1,1,1,1,1,1,1,7,2,0
GP,M,15,U,LE3,A,0,0,teacher,teacher,home,father,2,1,0,yes,yes,yes,no,no,no,no,no,1,1,1,1,4,1,0,8,1,1
GP,M,15,U,LE3,A,1,0,teacher,teacher,home,father,2,1,0,yes,yes,no,no,no,no,no,yes,1,1,1,1,2,1,1,7,1,1
GP,M,15,U,LE3,A,0,0,teacher,teacher,home,father,2,1,0,yes,yes,yes,no,no,no,no,no,1,1,1,1,4,1,1,8,1,2
GP,M,15,U,LE3,A,1,0,teacher,teacher,home,father,2,1,0,yes,yes,yes,no,no,no,no,no,1,1,1,1,4,1,0,7,2,1
GP,M,15,U,LE3,A,0,0,teacher,teacher,home,father,2,1,0,yes,yes,yes,no,no,no,no,no,1,1,1,1,2,1,0,8,0,3
GP,M,15,U,LE3,A,1,0,teacher,teacher,home,father,2,1,0,yes,yes,yes,no,no,no,no,no,1,1,1,1,2,1,0,5,2,3
GP,M,15,U,LE3,A,0,0,teacher,teacher,home,father,2,1,0,yes,yes,yes,no,no,no,no,no,1,1,1,1,3,1,1,6,0,2
GP,M,15,U,LE3,A,1,0,teacher,teacher,home,father,2,1,0,yes,yes,yes,no,no,no,no,yes,1,1,1,1,2,1,1,7,2,1
GP,M,15,U,LE3,A,1,0,teacher,teacher,home,father,2,1,0,yes,yes,yes,no,no,no,no,yes,1,1,1,1,3,1,0,8,1,0
MS,F,15,U,LE3,A,0,0,teacher,teacher,home,father,1,1,0,yes,yes,no,no,yes,no,no,yes,1,1,1,1,1,1,1,7,2,0
MS,F,15,U,LE3,A,1,0,teacher,teacher,home,father,1,1,0,yes,yes,no,no,yes,no,no,yes,1,1,1,1,1,1,0,8,2,0
MS,F,15,U,LE3,A,1,0,teacher,teacher,home,father,1,1,0,yes,yes,no,no,yes,no,no,no,1,1,1,1,1,1,0,8,2,1
GP,M,15,U,LE3,A,0,0,teacher,teacher,home,father,2,1,0,yes,yes,yes,no,no,no,no,yes,1,1,1,1,3,1,0,7,1,2
GP,M,15,U,LE3,A,1,0,teacher,teacher,home,father,2,1,0,yes,yes,no,no,no,no,no,no,1,1,1,1,2,1,0,8,0,0
MS,F,15,U,LE3,A,0,0,teacher,teacher,home,father,1,1,0,yes,yes,no,no,yes,no,no,no,1,1,1,1,1,1,0,5,1,0
GP,M,15,U,LE3,A,1,0,teacher,teacher,home,father,2,1,0,yes,yes,yes,no,no,no,no,yes,1,1,1,1,2,1,0,8,0,3
GP,M,15,U,LE3,A,1,0,teacher,teacher,home,father,2,1,0,yes,yes,yes,no,no,no,no,no,1,1,1,1,4,1,1,7,2,2
GP,M,15,U,LE3,A,1,0,teacher,teacher,home,father,2,1,0,yes,yes,yes,no,no,no,no,yes,1,1,1,1,2,1,0,7,1,2
GP,M,15,U,LE3,A,1,0,teacher,teacher,home,father,2,1,0,yes,yes,yes,no,no,no,no,yes,1,1,1,1,3,1,1,8,1,2
MS,F,15,U,LE3,A,1,0,teacher,teacher,home,father,1,1,0,yes,yes,no,no,yes,no,no,yes,1,1,1,1,1,1,1,8,2,1
GP,M,15,U,LE3,A,1,0,teacher,teacher,home,father,2,1,0,yes,yes,yes,no,no,no,no,no,1,1,1,1,4,1,0,8,1,1
GP,M,15,U,LE3,A,1,0,teacher,teacher,home,father,2,1,0,yes,yes,yes,no,no,no,no,no,1,1,1,1,2,1,0,7,2,2
GP,M,15,U,LE3,A,1,0,teacher,teacher,home,father,2,1,0,yes,yes,no,no,no,no,no,no,1,1,1,1,2,1,0,7,2,1
MS,F,15,U,LE3,A,0,0,teacher,teacher,home,father,1,1,0,yes,yes,no,no,yes,no,no,yes,1,1,1,1,1,1,1,7,1,1
GP,M,15,U,LE3,A,1,0,teacher,teacher,home,father,2,1,0,yes,yes,yes,no,no,no,no,yes,1,1,1,1,3,1,1,7,0,1
GP,M,15,U,LE3,A,0,0,teacher,teacher,home,father,2,1,0,yes,yes,yes,no,no,no,no,yes,1,1,1,1,3,1,0,7,0,2
GP,M,15,U,LE3,A,1,0,teacher,teacher,home,father,2,1,0,yes,yes,yes,no,no,no,no,no,1,1,1,1,2,1,1,7,2,2
GP,M,15,U,LE3,A,0,0,teacher,teacher,home,father,2,1,0,yes,yes,yes,no,no,no,no,yes,1,1,1,1,4,1,1,7,0,2
GP,M,15,U,LE3,A,0,0,teacher,teacher,home,father,2,1,0,yes,yes,yes,no,no,no,no,yes,1,1,1,1,2,1,0,7,2,2
GP,M,15,U,LE3,A,1,0,teacher,teacher,home,father,2,1,0,yes,yes,yes,no,no,no,no,yes,1,1,1,1,3,1,1,8,1,3
MS,F,15,U,LE3,A,1,0,teacher,teacher,home,father,1,1,0,yes,yes,no,no,no,no,no,yes,1,1,1,1,1,1,1,7,1,3
GP,M,15,U,LE3,A,1,0,teacher,teacher,home,father,2,1,0,yes,yes,yes,no,no,no,no,no,1,1,1,1,4,1,0,7,2,3
GP,M,15,U,LE3,A,0,0,teacher,teacher,home,father,2,1,0,yes,yes,no,no,no,no,no,no,1,1,1,1,2,1,1,7,2,2
GP,M,15,U,LE3,A,0,0,teacher,teacher,home,father,2,1,0,yes,yes,yes,no,no,no,no,yes,1,1,1,1,2,1,0,7,2,2
GP,M,15,U,LE3,A,1,0,teacher,teacher,home,father,2,1,0,yes,yes,yes,no,no,no,no,yes,1,1,1,1,3,1,1,7,0,0
GP,M,15,U,LE3,A,0,0,teacher,teacher,home,father,2,1,0,yes,yes,yes,no,no,no,no,no,1,1,1,1,4,1,1,7,1,3
MS,F,15,U,LE3,A,1,0,teacher,teacher,home,father,1,1,0,yes,yes,no,no,no,no,no,yes,1,1,1,1,1,1,0,7,0,3
MS,F,15,U,LE3,A,0,0,teacher,teacher,home,father,1,1,0,yes,yes,no,no,no,no,no,no,1,1,1,1,3,1,1,7,2,1
GP,M,15,U,LE3,A,1,0,teacher,teacher,home,father,2,1,0,yes,yes,yes,no,no,no,no,no,1,1,1,1,3,1,0,7,1,2
GP,M,15,U,LE3,A,0,0,teacher,teacher,home,father,2,1,0,yes,yes,yes,no,no,no,no,no,1,1,1,1,2,1,1,8,1,2
GP,M,15,U,LE3,A,0,0,teacher,teacher,home,father,2,1,0,yes,yes,yes,no,no,no,no,no,1,1,1,1,3,1,0,8,0,3
GP,M,15,U,LE3,A,1,0,teacher,teacher,home,father,2,1,0,yes,yes,yes,no,no,no,no,no,1,1,1,1,2,1,0,8,1,3
GP,M,15,U,LE3,A,1,0,teacher,teacher,home,father,2,1,0,yes,yes,yes,no,no,no,no,no,1,1,1,1,2,1,1,5,2,0
GP,M,15,U,LE3,A,0,0,teacher,teacher,home,father,2,1,0,yes,yes,yes,no,no,no,no,yes,1,1,1,1,4,1,1,8,1,0
MS,F,15,U,LE3,A,1,0,teacher,teacher,home,father,1,1,0,yes,yes,no,no,yes,no,no,no,1,1,1,1,1,1,0,8,2,2
GP,M,15,U,LE3,A,1,0,teacher,teacher,home,father,2,1,0,yes,yes,yes,no,no,no,no,no,1,1,1,1,4,1,1,7,2,3
GP,M,15,U,LE3,A,0,0,teacher,teacher,home,father,2,1,0,yes,yes,no,no,no,no,no,yes,1,1,1,1,4,1,0,8,2,2
GP,M,15,U,LE3,A,1,0,teacher,teacher,home,father,2,1,0,yes,yes,yes,no,no,no,no,no,1,1,1,1,2,1,1,7,0,3
GP,M,15,U,LE3,A,0,0,teacher,teacher,home,father,2,1,0,yes,yes,yes,no,no,no,no,yes,1,1,1,1,4,1,1,7,1,2
GP,M,15,U,LE3,A,1,0,teacher,teacher,home,father,2,1,0,yes,yes,yes,no,no,no,no,yes,1,1,1,1,4,1,0,7,2,3
MS,F,15,U,LE3,A,1,0,teacher,teacher,home,father,1,1,0,yes,yes,no,no,yes,no,no,yes,1,1,1,1,1,1,1,7,2,3
MS,F,15,U,LE3,A,0,0,teacher,teacher,home,father,1,1,0,yes,yes,no,no,yes,no,no,no,1,1,1,1,1,1,0,7,1,1
MS,F,15,U,LE3,A,1,0,teacher,teacher,home,father,1,1,0,yes,yes,no,no,yes,no,no,no,1,1,1,1,1,1,1,7,1,2
MS,F,15,U,LE3,A,1,0,teacher,teacher,home,father,1,1,0,yes,yes,no,no,yes,no,no,no,1,1,1,1,1,1,1,7,1,1
MS,F,15,U,LE3,A,0,0,teacher,teacher,home,father,1,1,0,yes,yes,no,no,no,no,no,no,1,1,1,1,4,1,1,7,1,3
MS,F,15,U,LE3,A,1,0,teacher,teacher,home,father,1,1,0,yes,yes,no,no,yes,no,no,yes,1,1,1,1,1,1,1,7,0,1
GP,M,15,U,LE3,A,0,0,teacher,teacher,home,father,2,1,0,yes,yes,yes,no,no,no,no,yes,1,1,1,1,4,1,1,7,2,3
GP,M,15,U,LE3,A,0,0,teacher,teacher,home,father,2,1,0,yes,yes,yes,no,no,no,no,yes,1,1,1,1,2,1,1,8,2,2
MS,F,15,U,LE3,A,0,0,teacher,teacher,home,father,1,1,0,yes,yes,no,no,yes,no,no,no,1,1,1,1,1,1,0,7,2,1
MS,F,15,U,LE3,A,0,0,teacher,teacher,home,father,1,1,0,yes,yes,no,no,yes,no,no,yes,1,1,1,1,1,1,0,7,2,2
GP,M,15,U,LE3,A,0,0,teacher,teacher,home,father,2,1,0,yes,yes,yes,no,no,no,no,yes,1,1,1,1,4,1,1,7,1,3
GP,M,15,U,LE3,A,0,0,teacher,teacher,home,father,2,1,0,yes,yes,yes,no,no,no,no,no,1,1,1,1,2,1,0,8,1,1
MS,F,15,U,LE3,A,0,0,teacher,teacher,home,father,1,1,0,yes,yes,no,no,yes,no,no,no,1,1,1,1,1,1,0,7,1,1
MS,F,15,U,LE3,A,1,0,teacher,teacher,home,father,1,1,0,yes,yes,no,no,yes,no,no,yes,1,1,1,1,1,1,0,8,2,2
MS,F,15,U,LE3,A,1,0,teacher,teacher,home,father,1,1,0,yes,yes,no,no,no,no,no,yes,1,1,1,1,2,1,1,7,1,0
GP,M,15,U,LE3,A,1,0,teacher,teacher,home,father,2,1,0,yes,yes,yes,no,no,no,no,yes,1,1,1,1,2,1,0,7,1,2
MS,F,15,U,LE3,A,1,0,teacher,teacher,home,father,1,1,0,yes,yes,no,no,yes,no,no,no,1,1,1,1,1,1,1,7,1,3
GP,M,15,U,LE3,A,0,0,teacher,teacher,home,father,2,1,0,yes,yes,yes,no,no,no,no,yes,1,1,1,1,3,1,0,8,0,0
GP,F,15,U,LE3,A,0,0,teacher,teacher,home,father,2,1,0,yes,yes,no,no,no,no,no,no,1,1,1,1,3,1,0,8,2,2
GP,M,15,U,LE3,A,0,0,teacher,teacher,home,father,2,1,0,yes,yes,yes,no,no,no,no,yes,1,1,1,1,4,1,1,7,0,3
MS,F,15,U,LE3,A,0,0,teacher,teacher,home,father,1,1,0,yes,yes,no,no,yes,no,no,no,1,1,1,1,1,1,1,8,2,1
GP,M,15,U,LE3,A,0,0,teacher,teacher,home,father,2,1,0,yes,yes,no,no,no,no,no,no,1,1,1,1,3,1,1,7,0,1
GP,M,15,U,LE3,A,1,0,teacher,teacher,home,father,2,1,0,yes,yes,yes,no,no,no,no,yes,1,1,1,1,3,1,0,7,2,0
MS,F,15,U,LE3,A,1,0,teacher,teacher,home,father,1,1,0,yes,yes,no,no,yes,no,no,no,1,1,1,1,1,1,1,7,0,0
MS,F,15,U,LE3,A,1,0,teacher,teacher,home,father,2,1,0,yes,yes,no,no,no,no,no,no,1,1,1,1,4,1,1,8,2,0
MS,F,15,U,LE3,A,1,0,teacher,teacher,home,father,1,1,0,yes,yes,no,no,yes,no,no,yes,1,1,1,1,1,1,1,7,0,3
GP,M,15,U,LE3,A,1,0,teacher,teacher,home,father,2,1,0,yes,yes,yes,no,no,no,no,yes,1,1,1,1,3,1,0,7,2,3
MS,F,15,U,LE3,A,1,0,teacher,teacher,home,father,1,1,0,yes,yes,no,no,yes,no,no,yes,1,1,1,1,1,1,1,7,1,1
MS,F,15,U,LE3,A,1,0,teacher,teacher,home,father,1,1,0,yes,yes,no,no,yes,no,no,no,1,1,1,1,1,1,1,7,1,1
GP,M,15,U,LE3,A,0,0,teacher,teacher,home,father,2,1,0,yes,yes,yes,no,no,no,no,no,1,1,1,1,4,1,0,7,2,1
MS,F,15,U,LE3,A,1,0,teacher,teacher,home,father,1,1,0,yes,yes,no,no,yes,no,no,no,1,1,1,1,1,1,0,7,2,0
GP,M,15,U,LE3,A,0,0,teacher,teacher,home,father,2,1,0,yes,yes,yes,no,no,no,no,yes,1,1,1,1,4,1,1,7,0,3
